ano,uf,via,uti,n,n_obito,n_uti,val_tot,val_tot2,val_sh,val_sp,val_uti,val_uti2,dias,dias2,dias_uti,dias_uti2,val_tot_nom,val_uti_nom
2011,11,cesarea,0,4855,0,0,6183611.66395698,7974526860.17583,4088782.81063697,2094828.85332,0,0,11014,45082,0,0,3091960.42999999,0
2011,11,cesarea,1,5,0,5,15061.506887,48075899.837023,11688.775532,3372.731355,8616.529152,17415394.048371,20,94,9,19,7531.13,4308.48
2011,11,cesarea_laqueadura,0,373,0,0,556321.502534,853557102.066888,358089.074651,198232.427883,0,0,945,7087,0,0,278174.66,0
2011,11,normal,0,9311,0,0,9718003.3355371,10272097727.1466,5508076.722393,4209926.613144,0,0,15088,70086,0,0,4859244.63000005,0
2011,11,normal,1,1,0,1,2102.534868,4420652.87115578,1484.965748,617.56912,957.392128,916599.686756369,4,16,1,1,1051.32,478.72
2011,12,cesarea,0,3105,0,0,4454673.315197,6472004885.86374,2826937.46605899,1627735.849138,0,0,9498,59810,0,0,2227448.03,0
2011,12,cesarea_alto_risco,0,1124,0,0,2611403.883277,6071277931.7592,1608377.17712,1003026.706157,0,0,2964,8676,0,0,1305767.23,0
2011,12,cesarea_laqueadura,0,1,0,0,1452.147389,2108732.03937952,919.314032,532.833357,0,0,3,9,0,0,726.11,0
2011,12,normal,0,8522,1,0,9235019.76592302,10149704198.5519,5231506.09161603,4003513.67430701,0,0,14771,51619,0,0,4617740.77000001,0
2011,12,normal_alto_risco,0,1392,0,0,2187527.55815299,3441385429.15098,1178585.947756,1008941.610397,0,0,2322,5542,0,0,1093818.47,0
2011,12,normal_alto_risco,1,1,0,1,6017.239123,36207166.6633618,4748.56256,1268.676563,3829.568512,14665594.9881019,7,49,4,16,3008.77,1914.88
2011,13,cesarea,0,14993,4,0,21912487.0608629,33124112899.6014,14346277.7302462,7566209.33061688,0,0,57060,383938,0,0,10956791.37,0
2011,13,cesarea_laqueadura,0,95,0,0,114415.658931,141226699.209608,78526.0735,35889.585431,0,0,259,799,0,0,57210.69,0
2011,13,normal,0,35683,2,0,39322089.4772153,44368192070.3566,22450643.5116945,16871445.9655212,0,0,89965,466407,0,0,19662027.8399997,0
2011,14,cesarea,0,105,0,0,160908.034196,247539421.060425,92323.023618,68585.010578,0,0,365,2043,0,0,80458.04,0
2011,14,cesarea_alto_risco,0,1098,0,0,2526164.305469,5821432997.59059,1541560.478122,984603.827347001,0,0,4124,27110,0,0,1263145.31,0
2011,14,cesarea_laqueadura,0,29,0,0,62510.654311,134853500.533278,38275.426133,24235.228178,0,0,87,287,0,0,31256.89,0
2011,14,normal,0,3645,1,0,4135432.09805599,4736199009.52481,2100276.40092901,2035155.69712699,0,0,7340,43962,0,0,2067819.43999999,0
2011,14,normal_alto_risco,0,813,0,0,1253757.10901,1940303390.25173,662993.168684001,590763.940326,0,0,2271,13987,0,0,626909.899999999,0
2011,15,cesarea,0,42447,10,0,57543862.2230231,78984185432.7794,36213725.1832018,21330137.0398206,0,0,95317,351541,0,0,28773369.7800005,0
2011,15,cesarea,1,67,7,67,333328.252754,2924401936.55587,266283.345167,67044.907587,206461.496409,1682694842.65668,420,5058,206,1706,166672.46,103235.91
2011,15,cesarea_alto_risco,0,2458,2,0,5709883.55154701,13405954660.0662,3614857.988063,2095025.563484,0,0,11827,116057,0,0,2855084.53,0
2011,15,cesarea_alto_risco,1,21,3,21,157844.027404,1373651099.83815,127180.700647,30663.326757,100526.17344,627870785.428112,319,6967,105,685,78925.96,50265.6
2011,15,cesarea_laqueadura,0,236,0,0,322362.841052,445356369.34827,207300.03448,115062.806572,0,0,581,1847,0,0,161189.48,0
2011,15,normal,0,63859,9,0,65101310.1117305,67417684102.1481,37171113.4513979,27930196.6603397,0,0,94824,417290,0,0,32552282.6699987,0
2011,15,normal,1,6,0,6,18393.220293,67490069.877603,13885.125709,4508.094584,11488.705536,32997588.7232293,23,123,12,36,9197.07,5744.64
2011,15,normal_alto_risco,0,1814,0,0,2857227.691472,4563704062.83726,1549340.049124,1307887.642348,0,0,7173,46811,0,0,1428685.28,0
2011,15,normal_alto_risco,1,3,0,3,25268.996487,319666637.372603,20640.347931,4628.648556,17233.058304,186986336.098299,33,849,18,204,12635.13,8616.96
2011,16,cesarea,0,2505,3,0,3484723.095133,4868390345.71446,2102247.78235499,1382475.312778,0,0,7867,45547,0,0,1742448.67,0
2011,16,cesarea,1,1,0,1,2413.539317,5825172.03470483,1725.11374,688.425577,957.392128,916599.686756369,5,25,1,1,1206.83,478.72
2011,16,normal,0,9519,1,0,9976014.63432702,10485636687.1578,5336679.11270202,4639335.52162501,0,0,21922,128302,0,0,4988256.73000001,0
2011,17,cesarea,0,7324,4,0,10767502.4779559,16002211465.9336,6482011.70320896,4285490.77474699,0,0,18201,77531,0,0,5384020.43999997,0
2011,17,cesarea,1,2,1,2,5570.841444,15897116.816282,4163.291825,1407.549619,2872.176384,4582998.43378184,5,17,3,5,2785.56,1436.16
2011,17,cesarea_alto_risco,0,372,0,0,853667.374497,1961982102.12394,523197.498817,330469.87568,0,0,1204,6238,0,0,426855.03,0
2011,17,cesarea_alto_risco,1,10,0,10,37262.416786,147735454.991211,26365.981635,10896.435151,14360.88192,28414590.2894474,42,196,15,31,18632.14,7180.8
2011,17,cesarea_laqueadura,0,434,0,0,691199.298307,1142050472.79837,423099.023991,268100.274316,0,0,963,2535,0,0,345616.93,0
2011,17,cesarea_laqueadura,1,3,1,3,12846.837626,73199966.9974639,10143.592795,2703.244831,7659.137024,34830788.096742,22,334,8,38,6423.74,3829.76
2011,17,normal,0,12628,2,0,14103904.1895289,16006924649.3659,7633431.92931895,6470472.26021001,0,0,21351,72765,0,0,7052304.70999998,0
2011,17,normal,1,3,0,3,5955.622204,11823827.8773276,4102.914844,1852.70736,2872.176384,2749799.06026911,8,26,3,3,2977.96,1436.16
2011,17,normal_alto_risco,0,114,0,0,175434.487837,270982404.430653,94944.272549,80490.215288,0,0,281,797,0,0,87721.63,0
2011,17,normal_alto_risco,1,1,0,1,3214.479268,10332876.9644018,2457.757106,756.722162,1914.784256,3666398.74702547,2,4,2,4,1607.32,957.44
2011,21,cesarea,0,15785,7,0,20759298.483175,27641106601.9117,13410698.251559,7348600.23161594,0,0,39564,254068,0,0,10380168.25,0
2011,21,cesarea_alto_risco,0,1765,0,0,4153994.049912,9874791803.2794,2564444.811348,1589549.238564,0,0,9463,94483,0,0,2077100.88,0
2011,21,cesarea_alto_risco,1,21,1,21,188771.980929,2364780484.16535,152510.154111,36261.826818,125116.723851,1397899192.76338,506,19704,123,1351,94390.71,62561.49
2011,21,cesarea_laqueadura,0,74,1,0,164625.408318,372816803.565731,98760.981704,65864.426614,0,0,406,3686,0,0,82316.82,0
2011,21,normal,0,62930,6,0,63217920.6259143,64404064294.4796,36146786.9502828,27071133.6756354,0,0,101690,405256,0,0,31610540.8399992,0
2011,21,normal_alto_risco,0,5363,0,0,8265141.14227903,12848077335.4423,4386528.16262502,3878612.97965396,0,0,20922,143856,0,0,4132777.21000002,0
2011,21,normal_alto_risco,1,2,0,2,19119.603972,237287264.46738,16152.912314,2966.691658,12206.509644,107610300.553214,50,1300,12,104,9560.28,6103.56
2011,22,cesarea,0,18584,3,0,26046390.6353482,37155019377.231,16118152.4720792,9928238.16327004,0,0,50338,260738,0,0,13023846.5099996,0
2011,22,cesarea,1,130,2,130,290992.669639,690978776.814432,190930.413002,100062.256637,82251.727208,83851556.6410073,845,11337,269,857,145503.61,41127.92
2011,22,cesarea_alto_risco,0,349,1,0,775782.928914,1732780411.06937,482717.402923,293065.525991,0,0,1719,15073,0,0,387910.86,0
2011,22,cesarea_alto_risco,1,270,0,270,815894.063257,2541686795.59612,546670.705098,269223.358159,190976.4507,202386555.826417,2123,25737,687,2619,407967.43,95493
2011,22,cesarea_laqueadura,0,2,0,0,4189.59051,8779534.00074903,2533.07334,1656.51717,0,0,4,8,0,0,2094.9,0
2011,22,normal,0,26521,6,0,27901930.4937171,29918769675.9335,15595127.8846159,12306802.6091011,0,0,41980,159870,0,0,13951662.8300001,0
2011,22,normal,1,29,1,29,50987.85048,90570834.5164218,31216.599092,19771.251388,15258.117056,9406274.00924732,121,721,50,100,25495.2,7629.44
2011,22,normal_alto_risco,0,95,0,0,126447.457311,169728433.188833,73346.912471,53100.54484,0,0,222,820,0,0,63226.89,0
2011,22,normal_alto_risco,1,9,0,9,19473.986252,42873547.2357034,12314.444247,7159.542005,5003.7498,3091050.8717284,71,1069,18,40,9737.48,2502
2011,23,cesarea,0,36185,4,0,49160229.2856286,67358200844.8807,30911272.9390721,18248956.3465579,0,0,78714,248986,0,0,24581343.7099998,0
2011,23,cesarea,1,6,1,6,21456.447124,81318603.4673231,16269.246497,5187.200627,10963.85178,23930299.2769831,53,555,15,49,10728.76,5482.2
2011,23,cesarea_alto_risco,0,6625,4,0,15342827.3202749,35849408869.6881,9354000.23660194,5988827.08367296,0,0,31909,330263,0,0,7671797.24999996,0
2011,23,cesarea_alto_risco,1,94,5,94,689959.720289,8373088181.01915,544413.857946,145545.862343,424124.712704,4910224521.95387,1340,28960,443,5357,344997.11,212072.96
2011,23,cesarea_laqueadura,0,2076,0,0,3395911.875916,5721098272.86962,2134954.52693599,1260957.34898,0,0,5244,45764,0,0,1698040.84,0
2011,23,cesarea_laqueadura,1,14,2,14,64503.57466,315457238.092504,47837.468007,16666.106653,22977.411072,49496383.0848439,232,7496,24,54,32253.4,11489.28
2011,23,normal,0,53701,4,0,54670939.7363279,56324230102.1232,31569862.8279306,23101076.9083997,0,0,78373,255857,0,0,27336836.7099994,0
2011,23,normal,1,3,1,3,9145.502702,33918426.5757373,6947.25262,2198.250082,4107.554612,9243273.1393569,10,46,5,11,4572.98,2053.88
2011,23,normal_alto_risco,0,3686,1,0,5559973.34743199,8456089269.36896,2915931.85611702,2644041.49131498,0,0,9921,93485,0,0,2780125.67999999,0
2011,23,normal_alto_risco,1,9,1,9,57100.504832,546819135.879395,45401.269823,11699.235009,41167.861504,358390477.52174,121,2905,43,391,28551.68,20584.96
2011,24,cesarea,0,14924,3,0,21274735.4500379,30651975358.8814,12976430.886013,8298304.56402491,0,0,37311,156991,0,0,10637899.6199999,0
2011,24,cesarea,1,12,1,12,40243.427728,151217324.506944,29602.959778,10640.46795,20136.353132,47905728.1014729,107,2029,26,66,20122.72,10068.68
2011,24,cesarea_alto_risco,0,3666,1,0,8430765.58064301,19478538565.6163,5150251.514548,3280514.06609498,0,0,12909,106455,0,0,4215593.57,0
2011,24,cesarea_alto_risco,1,227,4,227,1180929.670564,9138188674.28439,887834.566052,293095.104512,640495.333632,4455591077.32271,1838,34162,669,4861,590494.36,320263.68
2011,24,cesarea_laqueadura,0,477,0,0,1027102.162324,2248722515.01956,631175.63964,395926.522684,0,0,2048,25968,0,0,513576.76,0
2011,24,cesarea_laqueadura,1,67,0,67,358177.110249,2113316586.17085,271993.039668,86184.070581,204881.915392,801108126.225066,669,14749,214,874,179097.51,102446.08
2011,24,normal,0,19334,2,0,21003794.7977481,23080014623.4143,11390043.1893641,9613751.60838411,0,0,41114,147028,0,0,10502422.52,0
2011,24,normal,1,6,1,6,19023.208792,62384661.3027536,13662.596836,5360.611956,11488.705536,23831591.8556656,20,88,12,26,9512.08,5744.64
2011,24,normal_alto_risco,0,1603,0,0,2425804.16372699,3704825614.23413,1281237.234935,1144566.928792,0,0,5070,39910,0,0,1212962.73,0
2011,24,normal_alto_risco,1,41,1,41,167252.096977,873003906.385796,123594.399971,43657.697006,104355.741952,455550044.317915,324,13166,109,497,83630.23,52180.48
2011,25,cesarea,0,16846,3,0,25271204.2166078,38654479746.4863,15871622.3392024,9399581.87740585,0,0,49138,429746,0,0,12636233.9199999,0
2011,25,cesarea,1,86,5,86,424891.974339,2746390576.57784,337529.742669,87362.23167,266680.905288,1255966597.92623,716,11998,297,1601,212456.61,133347.12
2011,25,cesarea_alto_risco,0,1097,1,0,2609031.501902,6293846668.08459,1624492.071335,984539.430567001,0,0,4815,42953,0,0,1304580.98,0
2011,25,cesarea_alto_risco,1,5,0,5,26290.525408,159592533.520824,19731.173392,6559.352016,14360.88192,61412179.0126767,50,568,15,67,13145.92,7180.8
2011,25,cesarea_laqueadura,0,1339,0,0,2732124.286955,5696685744.51955,1688617.824887,1043506.462068,0,0,3837,51461,0,0,1366130.45,0
2011,25,cesarea_laqueadura,1,7,1,7,54579.130907,779039386.617753,44656.267075,9922.863832,37338.292992,525211620.511399,111,2243,39,573,27290.93,18670.08
2011,25,normal,0,23720,3,0,27257674.9881032,31879881094.4549,15294767.643379,11962907.3447241,0,0,48060,201308,0,0,13629518.9700001,0
2011,25,normal,1,19,0,19,69357.011976,323053229.142025,53495.145109,15861.866867,44349.142432,160879318.387886,124,1238,52,192,34680.24,22175.68
2011,25,normal_alto_risco,0,522,0,0,824020.656907,1315662278.41003,446566.310568,377454.346339,0,0,1592,11482,0,0,412030.93,0
2011,26,cesarea,0,32934,4,0,44860345.3505764,61484012066.1326,28238335.0326499,16622010.3179271,0,0,76146,244834,0,0,22431294.2400002,0
2011,26,cesarea,1,9,0,9,30557.332057,109640470.174224,22304.564716,8252.767341,16275.666176,35747387.7834984,61,481,17,39,15279.43,8138.24
2011,26,cesarea_alto_risco,0,9389,2,0,22474305.7685228,54365894705.7248,13764164.3373709,8710141.43115203,0,0,36201,245179,0,0,11237714.7699999,0
2011,26,cesarea_alto_risco,1,958,1,958,4603608.488066,27293819998.0877,3407977.252617,1195631.235449,2388898.389108,10965976422.7658,6184,52302,2386,10820,2301919.34,1194508.92
2011,26,cesarea_laqueadura,0,622,0,0,1464878.792398,3528087350.32255,897627.876362,567250.916036,0,0,2360,19410,0,0,732476.02,0
2011,26,cesarea_laqueadura,1,1,0,1,6133.413314,37618758.8803525,4686.125682,1447.287632,3051.627411,9312429.85556656,22,484,3,9,3066.86,1525.89
2011,26,normal,0,55245,0,0,57144339.3001664,59828581341.648,32448706.823534,24695632.4766342,0,0,86133,350221,0,0,28573598.3299997,0
2011,26,normal,1,29,0,29,68020.658797,168786783.995215,45343.352719,22677.306078,32551.332352,45829984.3378184,107,623,34,50,34012.03,16276.48
2011,26,normal_alto_risco,0,8920,1,0,14294005.723977,23150518154.6725,7560252.70846298,6733753.01551391,0,0,23761,123637,0,0,7147360.23000002,0
2011,26,normal_alto_risco,1,328,0,328,1244899.511912,6399896342.01537,901810.067242,343089.44467,730658.365255,3225734212.67971,1858,16340,727,3181,622480.88,365347.45
2011,27,cesarea,0,21922,3,0,32483708.3733681,48628406602.105,20476785.4895316,12006922.8838368,0,0,47856,134746,0,0,16242666.3200001,0
2011,27,cesarea,1,30,0,30,86731.483209,315548302.736156,65024.088633,21707.394576,39254.117196,100525308.782332,127,663,63,193,43367.91,19628.04
2011,27,cesarea_alto_risco,0,1590,0,0,3652280.456846,8416838859.74992,2231276.190612,1421004.266234,0,0,7413,54591,0,0,1826231.54,0
2011,27,cesarea_alto_risco,1,125,2,125,658513.312688,4041971268.06599,496723.782569,161789.530119,362851.616512,1581134459.65474,876,8004,379,1725,329273.12,181434.88
2011,27,cesarea_laqueadura,0,2,0,0,3478.946044,6315538.29720058,2097.855102,1381.090942,0,0,5,13,0,0,1739.56,0
2011,27,normal,0,21807,5,0,23656793.221194,26031174473.9188,13446718.5704528,10210074.650741,0,0,31747,92519,0,0,11828988.06,0
2011,27,normal,1,2,0,2,4655.727202,12607328.1526235,3305.554714,1350.172488,2192.770356,3743675.01881868,10,68,3,5,2327.98,1096.44
2011,27,normal_alto_risco,0,1407,0,0,2137896.359837,3279980007.62535,1130756.159365,1007140.200472,0,0,4209,27729,0,0,1069001.63,0
2011,27,normal_alto_risco,1,15,1,15,66671.626252,418825465.873612,50343.262711,16328.363541,43082.64576,239232518.243412,101,981,45,261,33337.48,21542.4
2011,28,cesarea,0,5900,1,0,8098063.11659792,11150537733.1441,4904409.70725296,3193653.40934497,0,0,14372,53830,0,0,4049234.01999996,0
2011,28,cesarea,1,28,0,28,67698.794891,180381819.697476,48792.16027,18906.634621,27798.61,41574634.224747,155,1147,100,538,33851.09,13900
2011,28,cesarea_laqueadura,0,29,0,0,38991.510327,52527441.6758503,24684.885694,14306.624633,0,0,90,558,0,0,19496.73,0
2011,28,normal,0,20771,1,0,21446879.4224089,22257869351.9108,11794325.9542149,9652553.46819395,0,0,33245,95543,0,0,10723975.9099999,0
2011,28,normal,1,15,1,15,28979.650945,59853784.3586308,20067.696565,8911.95438,10285.4857,8114008.53828705,58,262,37,105,14490.55,5143
2011,29,cesarea,0,46375,15,0,61773554.2678447,83071836038.0315,38792466.3196978,22981087.9481474,0,0,119509,659703,0,0,30888321.5499999,0
2011,29,cesarea,1,40,4,40,162763.301428,755596311.874262,125943.262522,36820.038906,101483.565568,339141884.099856,236,1752,106,370,81385.72,50744.32
2011,29,cesarea_alto_risco,0,8412,11,0,18903528.1163328,42656987308.9374,11550406.5307959,7353121.585537,0,0,33273,291873,0,0,9452236.66999991,0
2011,29,cesarea_alto_risco,1,232,4,232,1155621.41604,6442142046.44327,865572.059233,290049.356807,586881.374464,2087097486.74425,1421,13865,613,2277,577839.6,293455.36
2011,29,cesarea_laqueadura,0,338,0,0,517074.404987,828617327.090247,326056.456362,191017.948625,0,0,808,2582,0,0,258550.13,0
2011,29,cesarea_laqueadura,1,5,0,5,22422.618813,101325324.856724,16435.618178,5987.000635,10531.313408,22914992.1689092,26,156,11,25,11211.87,5265.92
2011,29,normal,0,114209,20,0,115899722.44411,119232039624.522,64819405.0476991,51080317.3964252,0,0,199308,1073586,0,0,57952758.8599981,0
2011,29,normal,1,17,0,17,70115.574046,318252592.844862,53687.175507,16428.398539,46912.214272,158571745.808852,89,545,49,173,35059.54,23457.28
2011,29,normal_alto_risco,0,4152,4,0,6222204.954196,9381349635.38766,3257023.80066702,2965181.15352898,0,0,13145,94661,0,0,3111258.04,0
2011,29,normal_alto_risco,1,4,0,4,20122.273836,106155260.511331,15318.674028,4803.599808,13403.489792,49496383.0848439,25,219,14,54,10061.64,6702.08
2011,31,cesarea,0,64742,10,0,95055030.7308124,141600150194.276,58450151.8662754,36604878.8645378,0,0,150803,581309,0,0,47529891.8599992,0
2011,31,cesarea,1,162,3,162,763694.993341,5133969235.16795,602209.68801,161485.305331,470856.875979,2586477688.63806,1037,10363,466,2600,381866.59,235440.21
2011,31,cesarea_alto_risco,0,9319,4,0,22684340.4662629,55812330938.9885,14050177.156015,8634163.31024806,0,0,34234,231228,0,0,11342737.3699999,0
2011,31,cesarea_alto_risco,1,137,6,137,761875.564317,5847740238.74755,583729.072087,178146.49223,373775.930269,1977720471.34177,1124,13568,375,2003,380956.83,186897.31
2011,31,cesarea_laqueadura,0,2935,1,0,5581246.98369699,11203613407.9477,3469563.27316199,2111683.71053499,0,0,7616,40296,0,0,2790763.03,0
2011,31,cesarea_laqueadura,1,16,0,16,73173.921121,403598470.146995,55133.183203,18040.737918,36249.207449,154803266.497448,129,1293,36,156,36588.79,18125.51
2011,31,normal,0,98355,8,0,114864907.267456,137409401769.499,62542472.0800362,52322435.187427,0,0,165808,506766,0,0,57435325.3999982,0
2011,31,normal,1,35,3,35,132804.479444,657475524.24898,101626.738409,31177.741035,77584.440584,273853779.588001,166,1282,74,252,66405.56,38794.16
2011,31,normal_alto_risco,0,6502,2,0,10816782.7338201,18250613694.3906,5763250.42307002,5053532.31074997,0,0,16605,115381,0,0,5408661.80000004,0
2011,31,normal_alto_risco,1,15,2,15,71015.04907,457404581.57028,54614.949116,16400.099954,39552.082297,163845082.8008,114,1428,39,149,35509.3,19777.03
2011,32,cesarea,0,15007,3,0,21193702.3218969,30188367791.0902,12993105.7122299,8200596.60966686,0,0,41292,179256,0,0,10597381.0299999,0
2011,32,cesarea,1,10,2,10,38457.057051,161658136.640619,29601.559848,8855.497203,19889.485476,48742784.267978,70,1164,30,142,19229.49,9945.24
2011,32,cesarea_alto_risco,0,1939,0,0,4429116.51310101,10154198749.1063,2689023.582098,1740092.931003,0,0,6158,33784,0,0,2214668.99,0
2011,32,cesarea_alto_risco,1,23,1,23,103684.935494,511725273.256079,76233.568131,27451.367363,47869.6064,142989551.133993,141,1197,50,156,51845.06,23936
2011,32,cesarea_laqueadura,0,123,0,0,203965.721204,357006035.134763,129464.566448,74501.154756,0,0,368,2514,0,0,101987.96,0
2011,32,normal,0,17503,2,0,18915007.542333,20701995450.3987,10354005.7738248,8561001.76850798,0,0,40934,158090,0,0,9457976.66999999,0
2011,32,normal,1,2,0,2,5347.692602,14807413.5235846,3949.782501,1397.910101,1791.350428,1612086.13289526,17,169,4,10,2673.98,895.72
2011,32,normal_alto_risco,0,488,0,0,750783.738936,1164180623.77929,394776.680179,356007.058757,0,0,1339,6981,0,0,375410.64,0
2011,33,cesarea,0,19416,8,0,27499218.0103479,39405405576.9174,16696514.4925321,10802703.5178158,0,0,60412,406042,0,0,13750296.5199999,0
2011,33,cesarea,1,42,1,42,200450.436977,1508020320.9422,158174.410884,42276.026093,120690.885154,843031167.016143,477,8755,160,1128,100230.23,60348.46
2011,33,cesarea_alto_risco,0,3817,1,0,8950512.49199801,21173625158.8937,5523691.46161701,3426821.03038099,0,0,22375,320635,0,0,4475480.02000001,0
2011,33,cesarea_alto_risco,1,255,3,255,983379.008591,5354303346.96655,700790.998698,282588.009893,370690.384554,1948837843.99274,1930,22184,708,3952,491714.09,185354.46
2011,33,cesarea_laqueadura,0,975,0,0,1773076.081763,3384389355.71702,1086494.772545,686581.309218,0,0,3622,26042,0,0,886582.37,0
2011,33,cesarea_laqueadura,1,24,0,24,80334.883055,285832177.293986,54976.431041,25358.452014,24437.898044,42478321.0772836,173,1781,56,178,40169.45,12219.56
2011,33,normal,0,74278,13,0,82049498.0599615,91636188294.8456,43263541.2747743,38785956.78519,0,0,188405,1031701,0,0,41026800.3699992,0
2011,33,normal,1,23,1,23,53575.481092,139931440.94715,37711.454333,15864.026759,24657.447066,38401404.212349,130,1016,45,111,26789.08,12329.34
2011,33,normal_alto_risco,0,3012,0,0,4600116.802659,7104741891.14217,2432537.66703501,2167579.13562399,0,0,12391,181853,0,0,2300173.41,0
2011,33,normal_alto_risco,1,50,2,50,125733.852993,349638241.88415,82682.365675,43051.487318,42644.26768,59571627.2152615,356,12614,88,258,62870.07,21323.2
2011,35,cesarea,0,116332,25,0,168474962.49068,245658517708.787,102235043.35224,66239919.1384374,0,0,317645,1255625,0,0,84241693.3300064,0
2011,35,cesarea,1,486,9,486,1801801.925399,9382670754.90859,1388047.294165,413754.631234,1008866.434156,4333027732.55887,3280,33130,1240,5648,900946.01,504458.44
2011,35,cesarea_alto_risco,0,20318,9,0,46889263.4795958,109101224252.207,28698322.6721174,18190940.8074805,0,0,71518,451554,0,0,23445804.0299994,0
2011,35,cesarea_alto_risco,1,365,10,365,2032539.587939,15736621454.0777,1552638.044216,479901.543723,1094639.305298,7174353285.93617,3406,55544,1181,7571,1016320.61,547347.02
2011,35,cesarea_laqueadura,0,7242,0,0,12410927.0226199,22239348621.4428,7647192.42125997,4763734.60135997,0,0,20796,114614,0,0,6205773.79999995,0
2011,35,cesarea_laqueadura,1,73,0,73,380548.751611,3210599343.9457,290934.372554,89614.379057,205508.644054,1573667034.24369,856,23968,211,1613,190283.89,102759.46
2011,35,normal,0,193868,14,0,220821264.324677,253949913723.121,117431120.39038,103390143.934316,0,0,479839,1632837,0,0,110416152.969987,0
2011,35,normal,1,101,1,101,400167.730613,3403305425.62255,309582.340109,90585.390504,257460.046354,2123853812.79675,710,8158,334,2890,200093.87,128736.46
2011,35,normal_alto_risco,0,13044,2,0,20643422.2972741,32946563873.2698,10612992.7038308,10030429.5934429,0,0,39508,211528,0,0,10322227.26,0
2011,35,normal_alto_risco,1,51,0,51,213066.486143,1117964760.0135,156580.330592,56486.155551,120425.138442,490427202.990052,407,5197,123,489,106538.57,60215.58
2011,41,cesarea,0,31180,10,0,45179455.0542934,66147165988.8621,28360150.3415797,16819304.7127144,0,0,85514,460470,0,0,22590857.0700002,0
2011,41,cesarea,1,124,5,124,536113.552982,4227262605.67925,424092.574311,112020.978671,304622.548111,1964067813.50116,797,8533,322,2150,268070.18,152318.89
2011,41,cesarea_alto_risco,0,2736,2,0,6344548.33672101,14799050107.1054,3915290.325695,2429258.01102599,0,0,9528,59374,0,0,3172432.79,0
2011,41,cesarea_alto_risco,1,39,1,39,191093.744835,999648525.46039,147286.455309,43807.289526,98012.579126,301372020.439915,220,1654,101,319,95551.65,49008.74
2011,41,cesarea_laqueadura,0,1279,1,0,2536738.616727,5136998511.90955,1580481.351981,956257.264746,0,0,3855,19263,0,0,1268432.73,0
2011,41,cesarea_laqueadura,1,1,0,1,6914.794243,47814379.423026,5697.635104,1217.159139,2034.418274,4138857.71358514,2,4,2,4,3457.57,1017.26
2011,41,normal,0,54472,3,0,60525958.110772,67914209671.3698,34212273.6407839,26313684.4699875,0,0,126157,575599,0,0,30264492.28,0
2011,41,normal,1,34,1,34,113269.73623,478612596.235343,86787.020432,26482.715798,68034.658097,221018639.249925,135,855,71,241,56637.7,34019.03
2011,41,normal_alto_risco,0,2522,0,0,3922093.52551799,6141199250.71126,2116562.94656101,1805530.578957,0,0,6890,25952,0,0,1961144.82,0
2011,41,normal_alto_risco,1,3,1,3,9427.788587,30528213.5036728,6416.659151,3011.129436,3829.568512,5499598.12053821,12,74,4,6,4714.13,1914.88
2011,42,cesarea,0,20595,1,0,30537767.2552887,45827938561.9462,18870855.0100703,11666912.2452189,0,0,50743,179133,0,0,15269647.1099999,0
2011,42,cesarea,1,67,3,67,250971.810782,1162246537.36883,196400.739472,54571.07131,129001.069624,397660427.08344,432,7916,139,443,125492.18,64503.76
2011,42,cesarea_alto_risco,0,3771,0,0,8891152.74013401,21089248664.8976,5495963.46808601,3395189.27204799,0,0,12059,70773,0,0,4445798.66000001,0
2011,42,cesarea_alto_risco,1,10,1,10,41678.415975,181920333.736133,30778.700988,10899.714987,15225.958664,29208784.1569038,59,469,23,63,20840.25,7613.36
2011,42,cesarea_laqueadura,0,538,0,0,1044392.617758,2116863062.61941,650038.29646,394354.321298,0,0,1524,9154,0,0,522222.42,0
2011,42,cesarea_laqueadura,1,1,0,1,4433.518313,19656084.6317064,3473.906296,959.612017,2872.176384,8249397.18080732,4,16,3,9,2216.87,1436.16
2011,42,normal,0,29849,0,0,34569656.6107412,40655207839.4779,19063895.0975826,15505761.513158,0,0,58215,160935,0,0,17285692.5900001,0
2011,42,normal,1,9,1,9,44008.899445,469788181.464207,35481.145854,8527.753591,28042.357812,318137367.576253,83,1931,30,348,22005.55,14021.88
2011,42,normal_alto_risco,0,2560,0,0,4069537.07297199,6516387835.76826,2186780.91548701,1882756.157485,0,0,6274,25742,0,0,2034870.28,0
2011,42,normal_alto_risco,1,2,0,2,8025.498705,38106291.4598378,6231.468411,1794.030294,4107.554612,14742871.2598951,7,25,5,17,4012.95,2053.88
2011,43,cesarea,0,33421,6,0,48704220.3872146,71686586310.5477,30421961.7658539,18282258.6213616,0,0,99530,464726,0,0,24353327.8600003,0
2011,43,cesarea,1,130,6,130,630614.247711,5222065193.14979,506752.321117,123861.926594,390734.342306,2802563922.07036,982,12128,404,3022,315322.89,195376.94
2011,43,cesarea_laqueadura,0,806,0,0,1276773.398138,2052648497.87272,799579.21904,477194.179098,0,0,2666,12158,0,0,638418.62,0
2011,43,cesarea_laqueadura,1,1,0,1,3182.360874,10127420.732366,2414.419273,767.941601,957.392128,916599.686756369,4,16,1,1,1591.26,478.72
2011,43,normal,0,49966,5,0,56079302.4946706,63578766702.7194,31214577.1731014,24864725.3215681,0,0,105154,330898,0,0,28041053.3000003,0
2011,43,normal,1,12,0,12,43466.006591,196336797.201656,34108.334498,9357.672093,21900.064942,60429259.3208183,81,789,22,60,21734.09,10950.58
2011,50,cesarea,0,12515,5,0,17472927.1499579,24593456387.8668,10995219.4915359,6477707.65842194,0,0,31235,122953,0,0,8736900.41999995,0
2011,50,cesarea,1,28,1,28,100708.524322,445923209.203233,77657.976907,23050.547415,57443.52768,190652734.845325,189,1657,60,208,50356.78,28723.2
2011,50,cesarea_alto_risco,0,501,1,0,1131948.099765,2564702017.80127,695869.284796001,436078.814969,0,0,1615,8685,0,0,566002.35,0
2011,50,cesarea_alto_risco,1,1,0,1,4784.180779,22888385.726153,3621.858898,1162.321881,2034.418274,4138857.71358514,8,64,2,4,2392.21,1017.26
2011,50,cesarea_laqueadura,0,439,0,0,651517.322505,981502326.394002,413409.188507,238108.133998,0,0,1031,3865,0,0,325774.95,0
2011,50,cesarea_laqueadura,1,1,0,1,2682.745856,7197125.32788517,1914.804255,767.941601,957.392128,916599.686756369,2,4,1,1,1341.44,478.72
2011,50,normal,0,15616,1,0,16398276.9651539,17388368010.0151,9451682.83222789,6946594.13292599,0,0,25896,69506,0,0,8199548.45999993,0
2011,50,normal,1,4,1,4,16357.742072,78719481.1374508,13370.251454,2987.490618,7659.137024,20165193.1086401,21,121,8,22,8179.28,3829.76
2011,50,normal_alto_risco,0,113,0,0,169019.74859,254734700.678495,91367.471398,77652.277192,0,0,369,2849,0,0,84514.1,0
2011,50,normal_alto_risco,1,1,0,1,22224.188735,493914564.928901,18758.222042,3465.966693,18309.764466,335247474.800396,24,576,18,324,11112.65,9155.34
2011,51,cesarea,0,10955,3,0,15732935.1139101,22860167649.8371,9577441.88396092,6155493.22994901,0,0,24661,96295,0,0,7866860.90000002,0
2011,51,cesarea,1,7,2,7,24980.930891,119489954.835882,18874.236241,6106.69465,13463.306801,44114899.7059456,46,726,14,48,12491.09,6731.99
2011,51,cesarea_alto_risco,0,1109,0,0,2565048.821146,5953697513.64573,1566221.205024,998827.616122001,0,0,4194,29818,0,0,1282588.54,0
2011,51,cesarea_alto_risco,1,31,3,31,153544.362398,849193435.232701,115542.322595,38002.039803,75573.841119,253685360.238409,229,2337,78,272,76776.02,37788.81
2011,51,cesarea_laqueadura,0,641,0,0,1180652.444426,2286036491.44044,735336.451339,445315.993087,0,0,1441,5101,0,0,590355.74,0
2011,51,cesarea_laqueadura,1,2,0,2,15046.707627,121564182.711937,11936.483146,3110.224481,9992.640343,58950404.1722253,23,265,10,58,7523.73,4996.57
2011,51,normal,0,19417,2,0,21538712.770512,24231526902.7684,11750614.2599088,9788098.51060312,0,0,32586,87526,0,0,10769894.88,0
2011,51,normal,1,4,0,4,12014.039268,37466141.6112241,8888.295563,3125.743705,5744.352768,9165996.86756368,19,123,6,10,6007.32,2872.32
2011,51,normal_alto_risco,0,368,0,0,566756.140776,879257646.550873,301597.579367,265158.561409,0,0,1101,6055,0,0,283392.24,0
2011,51,normal_alto_risco,1,2,1,2,16926.413637,143724686.839309,13870.946418,3055.467219,12745.182709,84530240.6623147,25,337,13,89,8463.63,6372.91
2011,52,cesarea,0,15082,1,0,21311692.402098,30475277133.4735,13340992.677012,7970699.72508583,0,0,40565,236975,0,0,10656379.02,0
2011,52,cesarea,1,161,1,161,938436.335837,7396994233.62948,747387.008781,191049.327056,685492.763648,4806648757.3504,1300,14288,716,5244,469241.63,342763.52
2011,52,cesarea_alto_risco,0,352,0,0,831768.629489,1989435143.17632,508147.211369,323621.41812,0,0,2402,27822,0,0,415905.11,0
2011,52,cesarea_alto_risco,1,11,0,11,89294.795037,1086533413.45191,71854.847078,17439.947959,49784.390656,405137061.546315,158,4734,52,442,44649.63,24893.44
2011,52,cesarea_laqueadura,0,577,0,0,926005.397415,1552083138.51715,590010.817984,335994.579431,0,0,1482,8228,0,0,463025.85,0
2011,52,cesarea_laqueadura,1,6,0,6,30304.844682,163980535.878876,23663.296776,6641.547906,20105.234688,77910973.3742913,37,267,21,85,15153.18,10053.12
2011,52,normal,0,22639,4,0,24066910.6942952,25982500814.7313,13731109.3702017,10335801.3240929,0,0,44639,208373,0,0,12034057.0500001,0
2011,52,normal,1,10,0,10,50957.831981,392670664.162357,40542.812758,10415.019223,38295.68512,276813105.400423,76,890,40,302,25480.19,19148.8
2011,52,normal_alto_risco,0,92,0,0,154215.048862,261786945.250742,78299.264841,75915.784021,0,0,568,5102,0,0,77111.38,0
2011,53,cesarea,0,11885,2,0,18133491.2601009,28160628676.9091,11024645.380168,7108845.87993294,0,0,46816,501508,0,0,9067198.98999993,0
2011,53,cesarea,1,6,0,6,30300.784885,190612719.158793,23816.829099,6483.955786,20105.234688,98076166.4829314,43,415,21,107,15151.15,10053.12
2011,53,cesarea_alto_risco,0,2834,1,0,6639671.21983901,15837778451.2776,4142452.867,2497218.35283899,0,0,14366,185006,0,0,3320001.61,0
2011,53,cesarea_alto_risco,1,9,0,9,138632.528027,3646976873.4789,114120.053712,24512.474315,113929.663232,3045860759.09141,223,7393,119,3323,69319.73,56967.68
2011,53,cesarea_laqueadura,0,163,0,0,313179.380248,620664282.950013,197214.498782,115964.881466,0,0,701,6325,0,0,156597.52,0
2011,53,cesarea_laqueadura,1,1,0,1,4003.579811,16028651.3030468,2904.134786,1099.445025,1914.784256,3666398.74702547,3,9,2,4,2001.89,957.44
2011,53,normal,0,23776,3,0,28305707.8838381,34294704819.5091,14810301.1279161,13495406.755922,0,0,63899,431205,0,0,14153561.62,0
2011,53,normal_alto_risco,0,664,0,0,1051825.80608,1732308230.76695,570078.854632001,481746.951448,0,0,2469,33477,0,0,525939.199999999,0
2011,53,normal_alto_risco,1,1,0,1,13490.385447,181990499.508629,11136.943125,2353.442322,11488.705536,131990354.892917,13,169,12,144,6745.53,5744.64
2012,11,cesarea,0,5525,1,0,6583804.6777,7988510412.94167,4391388.27454996,2192416.40315,0,0,13449,63649,0,0,3474303.26,0
2012,11,cesarea,1,4,0,4,14302.68305,54386876.7444545,11147.0722,3155.61085,9071.744,23043030.9764301,19,115,10,28,7547.59,4787.2
2012,11,cesarea_laqueadura,0,374,0,0,539906.85665,796945093.047057,341228.481,198678.37565,0,0,1189,14349,0,0,284911.27,0
2012,11,cesarea_laqueadura,1,1,0,1,5079.49065,25801225.2634374,4041.7318,1037.75885,3628.6976,13167446.2722458,7,49,4,16,2680.47,1914.88
2012,11,normal,0,8105,0,0,7964941.05240003,7932713583.48291,4502028.2475,3462912.80490001,0,0,13674,107032,0,0,4203135.12000001,0
2012,11,normal,1,1,0,1,3943.2297,15549060.4669621,3028.5132,914.7165,2721.5232,7406688.52813824,17,289,3,9,2080.86,1436.16
2012,12,cesarea,0,2597,0,0,3542547.4511,4903295206.68393,2209015.97779999,1333531.4733,0,0,7502,28300,0,0,1869418.18,0
2012,12,cesarea,1,1,0,1,4554.84095,20746576.0797969,3596.1036,958.73735,1814.3488,3291861.56806144,16,256,2,4,2403.61,957.44
2012,12,cesarea_alto_risco,0,1604,2,0,3559834.09590001,7913137863.25575,2200641.4801,1359192.6158,0,0,5035,22761,0,0,1878540.42,0
2012,12,cesarea_alto_risco,1,3,0,3,14042.1016,66373850.7323643,10472.20585,3569.89575,7257.3952,18105238.6243379,17,115,8,22,7410.08,3829.76
2012,12,cesarea_laqueadura,0,1,0,0,1288.80845,1661027.2207914,764.9736,523.83485,0,0,3,9,0,0,680.11,0
2012,12,normal,0,6973,0,0,7310749.39874999,7810131377.68773,4072046.38030002,3238703.01845,0,0,12439,56863,0,0,3857915.25,0
2012,12,normal_alto_risco,0,1906,1,0,2846015.64189999,4260137686.11217,1533571.14115001,1312444.50075,0,0,3581,10529,0,0,1501855.22,0
2012,13,cesarea,0,14997,2,0,20920916.29615,30103197676.6148,13750951.5639002,7169964.73224987,0,0,58568,439608,0,0,11040061.37,0
2012,13,cesarea_laqueadura,0,109,0,0,129232.8223,156993768.920668,88556.51465,40676.30765,0,0,299,931,0,0,68196.74,0
2012,13,normal,0,34114,5,0,35437142.4428993,37759417119.3055,20431865.4028995,15005277.0400002,0,0,89831,540805,0,0,18700339.0199996,0
2012,14,cesarea,0,144,0,0,209327.63135,304995674.514838,118737.9333,90589.69805,0,0,462,1786,0,0,110463.13,0
2012,14,cesarea_alto_risco,0,1689,0,0,3682777.24265,8039334552.03035,2248094.8573,1434682.38535,0,0,6209,29351,0,0,1943418.07,0
2012,14,cesarea_laqueadura,0,53,0,0,107159.42645,216769851.354872,65498.26835,41661.1581,0,0,157,545,0,0,56548.51,0
2012,14,normal,0,4618,0,0,5098715.06494997,5664748332.52268,2579847.29605002,2518867.76889999,0,0,9427,26703,0,0,2690614.80999999,0
2012,14,normal_alto_risco,0,961,0,0,1412868.09285,2082188787.75259,752210.850800001,660657.24205,0,0,2566,9710,0,0,745576.83,0
2012,15,cesarea,0,41745,15,0,53751288.1547007,70178347990.9379,33947676.7445499,19803611.4101505,0,0,93748,355246,0,0,28364795.8600003,0
2012,15,cesarea,1,67,3,67,232462.1893,983633747.045922,182494.4503,49967.739,115800.797,297232359.0571,442,4236,126,334,122671.34,61108.6
2012,15,cesarea_alto_risco,0,3020,1,0,6401074.47045001,13633099726.3834,3976849.9562,2424224.51424999,0,0,13281,105395,0,0,3377875.71000001,0
2012,15,cesarea_alto_risco,1,10,3,10,85294.8975,1140811819.12732,69495.96035,15798.93715,61687.8592,773587468.494439,159,4377,68,940,45010.5,32552.96
2012,15,cesarea_laqueadura,0,223,0,0,296399.69775,399204877.944177,189129.96335,107269.7344,0,0,561,1687,0,0,156411.45,0
2012,15,normal,0,56923,14,0,55610873.1818975,55166178896.5758,31842140.9749015,23768732.2070012,0,0,87548,365152,0,0,29346107.2199987,0
2012,15,normal,1,5,1,5,12874.63,33957867.7966386,9506.6844,3367.9456,7257.3952,11521515.488215,10,26,8,14,6794,3829.76
2012,15,normal_alto_risco,0,2003,1,0,2755945.17384999,3827439048.5081,1502480.86155001,1253464.3123,0,0,7286,55130,0,0,1454324.63,0
2012,15,normal_alto_risco,1,6,1,6,53628.2347,648205426.126469,44950.36645,8677.86825,41730.0224,426296073.063956,123,3673,46,518,28299.86,22021.12
2012,16,cesarea,0,2410,1,0,3182444.59955,4219216872.30601,1921848.28419999,1260596.31535,0,0,7888,61816,0,0,1679390.29,0
2012,16,cesarea,1,1,0,1,4075.5765,16610323.8073522,3294.77965,780.79685,1814.3488,3291861.56806144,15,225,2,4,2150.7,957.44
2012,16,cesarea_laqueadura,0,1,0,0,1034.15835,1069483.49287472,749.8136,284.34475,0,0,2,4,0,0,545.73,0
2012,16,normal,0,9747,1,0,9687107.3121,9652874000.30465,5198142.45555002,4488964.85655001,0,0,23066,129200,0,0,5111929.98,0
2012,17,cesarea,0,7546,2,0,10723526.7761,15401019117.0749,6471858.95499997,4251667.82109999,0,0,19349,63251,0,0,5658853.17999999,0
2012,17,cesarea,1,8,0,8,21157.46655,57863805.6670707,15333.86625,5823.6003,9978.9184,13990411.6642611,25,99,11,17,11164.89,5265.92
2012,17,cesarea_alto_risco,0,642,1,0,1414378.78685,3122808527.37763,872862.07085,541516.716,0,0,2168,8954,0,0,746374.03,0
2012,17,cesarea_alto_risco,1,3,1,3,9817.7676,32853974.3254752,6989.95385,2827.81375,3628.6976,4937792.35209216,12,66,4,6,5180.88,1914.88
2012,17,cesarea_laqueadura,0,519,1,0,797837.5996,1274953242.84759,491491.00895,306346.59065,0,0,1182,3292,0,0,421022.48,0
2012,17,cesarea_laqueadura,1,1,0,1,2180.82285,4755988.30308212,1528.507,652.31585,907.1744,822965.39201536,2,4,1,1,1150.83,478.72
2012,17,normal,0,11665,1,0,12694687.9062499,14034016308.3079,6862515.72534996,5832172.18090004,0,0,21392,58360,0,0,6699043.74999996,0
2012,17,normal,1,5,0,5,11492.51175,27184780.2233212,8503.86935,2988.6424,6350.2208,9052619.31216896,16,72,7,11,6064.65,3351.04
2012,17,normal_alto_risco,0,155,0,0,224690.4532,326918856.246034,120614.2865,104076.1667,0,0,415,1449,0,0,118570.16,0
2012,17,normal_alto_risco,1,4,0,4,12779.14095,41544979.2978911,9370.9266,3408.21435,6350.2208,10698550.0961997,22,170,7,13,6743.61,3351.04
2012,21,cesarea,0,15112,14,0,19219189.4117,24880086913.3048,12416303.65135,6802885.76034994,0,0,38646,223084,0,0,10142052.46,0
2012,21,cesarea,1,2,0,2,10834.1319,59039160.6416694,8713.7406,2120.3913,6746.97695,23225356.1039956,27,369,7,25,5717.22,3560.41
2012,21,cesarea_alto_risco,0,2199,0,0,5117461.99675,12061348415.114,3232158.33275,1885303.664,0,0,9876,78048,0,0,2700507.65,0
2012,21,cesarea_alto_risco,1,8,2,8,62011.35465,564315035.657873,49848.5056,12162.84905,38554.154,252691874.411472,121,2349,40,272,32723.67,20345.2
2012,21,cesarea_laqueadura,0,106,0,0,231657.7618,522547709.581624,146114.56245,85543.19935,0,0,409,1875,0,0,122246.84,0
2012,21,normal,0,63369,7,0,61593240.5234984,61014597937.9212,34907335.3109019,26685905.2126005,0,0,105340,369456,0,0,32503029.2999992,0
2012,21,normal_alto_risco,0,4929,0,0,7406133.82580002,11226320506.2892,4000321.72940001,3405812.09639997,0,0,18775,119473,0,0,3908250.04000001,0
2012,21,normal_alto_risco,1,2,0,2,6136.9196,19725636.3472814,4299.7171,1837.2025,2891.56155,4645071.22079911,22,260,3,5,3238.48,1525.89
2012,22,cesarea,0,16218,4,0,21558669.2037994,29074401414.8792,13394512.3158501,8164156.88795003,0,0,42168,164842,0,0,11376606.4399997,0
2012,22,cesarea,1,95,2,95,192011.15925,398599970.388374,124742.67665,67268.4826,46768.1452,34120868.8677958,495,3593,158,318,101325.15,24679.76
2012,22,cesarea_alto_risco,0,870,2,0,1892567.18005,4141969148.48774,1165580.8827,726986.297350001,0,0,4269,42033,0,0,998716.19,0
2012,22,cesarea_alto_risco,1,229,1,229,668554.0292,2376631192.58977,450069.2083,218484.8209,151984.685,455216574.998025,2246,42834,577,6561,352798.96,80203
2012,22,cesarea_laqueadura,0,31,0,0,62131.95245,124673614.772037,37717.2841,24414.66835,0,0,79,309,0,0,32787.31,0
2012,22,normal,0,22476,1,0,22570626.0749001,23063627776.8603,12603842.3074002,9966783.76750009,0,0,36209,124049,0,0,11910620.62,0
2012,22,normal,1,20,0,20,35915.68865,69693697.3539616,22892.22535,13023.4633,11677.2932,12818499.6620882,127,1011,37,87,18952.87,6162.16
2012,22,normal_alto_risco,0,152,0,0,216936.8333,315326739.014357,116561.27945,100375.55385,0,0,526,5506,0,0,114478.54,0
2012,22,normal_alto_risco,1,15,0,15,30018.41075,60617656.663565,17906.89725,12111.5135,7375.34,4024167.25345,90,864,28,58,15840.85,3892
2012,23,cesarea,0,37994,5,0,49183554.9701497,64171233423.6002,30882426.506051,18301128.4641001,0,0,79629,299583,0,0,25954382.5699998,0
2012,23,cesarea,1,12,0,12,40942.8773,198531150.43739,31913.90345,9028.97385,23148.183,95313564.5094146,67,455,39,179,21605.74,12215.4
2012,23,cesarea_alto_risco,0,6273,5,0,13933128.1279499,31334596802.6114,8559211.10054995,5373917.02739997,0,0,32970,396482,0,0,7352574.20999997,0
2012,23,cesarea_alto_risco,1,85,4,85,616510.67775,14198096291.9823,487194.81655,129315.8612,402785.4336,11110032792.2074,1024,26388,444,13500,325335.45,212551.68
2012,23,cesarea_laqueadura,0,2060,1,0,3138471.38985,4918040971.16416,1983361.25385,1155110.136,0,0,4947,19115,0,0,1656185.43,0
2012,23,cesarea_laqueadura,1,12,0,12,55927.83615,338575833.368626,42595.5447,13332.29145,29029.5808,139904116.642611,86,824,32,170,29513.37,15319.04
2012,23,normal,0,48193,2,0,46711336.7004996,45814263765.653,26976705.0526998,19734631.6478004,0,0,70884,278656,0,0,24649781.8999998,0
2012,23,normal,1,2,0,2,6696.15305,23797034.5775127,4966.3402,1729.81285,3628.6976,8229653.9201536,16,136,4,10,3533.59,1914.88
2012,23,normal_alto_risco,0,3187,1,0,4618936.84254999,6774792052.12386,2439388.77800001,2179548.06454999,0,0,10072,107342,0,0,2437433.68999999,0
2012,23,normal_alto_risco,1,14,4,14,120664.33345,2217311792.75729,98314.89295,22349.4405,96160.4864,1734811046.36838,180,3792,106,2108,63675.11,50744.32
2012,24,cesarea,0,14133,0,0,18979386.1250499,25775603014.3737,11689231.8136999,7290154.31134995,0,0,34445,129377,0,0,10015507.19,0
2012,24,cesarea,1,27,1,27,84213.0799,290879195.583943,63178.33355,21034.74635,45886.5154,105626162.626473,195,4065,74,534,44439.62,24214.52
2012,24,cesarea_alto_risco,0,4589,0,0,10049744.23345,22107999137.8405,6145632.60155,3904111.63189998,0,0,16696,131820,0,0,5303295.11000001,0
2012,24,cesarea_alto_risco,1,273,1,273,1282127.7412,6717812904.49698,955459.54955,326668.19165,664958.8352,2222829523.83349,2124,44246,733,2701,676584.56,350901.76
2012,24,cesarea_laqueadura,0,583,0,0,1161200.04065,2339637421.48643,713656.1283,447543.91235,0,0,2235,18721,0,0,612770.47,0
2012,24,cesarea_laqueadura,1,36,0,36,164637.5242,809061056.404468,123363.0977,41274.4265,89810.2656,275693406.325146,211,2539,99,335,86879.96,47393.28
2012,24,normal,0,16996,3,0,17687357.5584001,18652172787.6143,9603718.63300006,8083638.92540008,0,0,36925,180913,0,0,9333697.92000003,0
2012,24,normal,1,4,0,4,10006.0169,25734156.0985302,7237.763,2768.2539,5443.0464,8229653.9201536,14,54,6,10,5280.22,2872.32
2012,24,normal_alto_risco,0,1929,0,0,2806410.57774999,4107237580.73553,1491887.45150001,1314523.12625,0,0,6595,40827,0,0,1480955.45,0
2012,24,normal_alto_risco,1,55,0,55,195208.3085,747580740.994629,142713.56805,52494.74045,116118.3232,297913471.90956,234,1342,128,362,103012.3,61276.16
2012,25,cesarea,0,16613,1,0,23759705.0144497,34534286352.5818,14928891.2007503,8830813.81369986,0,0,46719,232901,0,0,12538102.9099998,0
2012,25,cesarea,1,206,3,206,1103832.0045,8555695719.31402,880465.1709,223366.8336,733202.3332,4940438496.4014,2081,38877,821,6049,582497.1,386914.16
2012,25,cesarea_alto_risco,0,998,0,0,2229799.63665,5018255846.13907,1380384.83665,849414.800000001,0,0,4357,36493,0,0,1176675.27,0
2012,25,cesarea_alto_risco,1,3,0,3,11148.3987,43358169.8972176,7975.08855,3173.31015,3628.6976,4937792.35209216,38,642,4,6,5883.06,1914.88
2012,25,cesarea_laqueadura,0,1160,0,0,2235660.26525,4401033211.4878,1387323.41705,848336.8482,0,0,3293,16211,0,0,1179767.95,0
2012,25,cesarea_laqueadura,1,16,0,16,81706.99925,485061849.07472,65045.6097,16661.38955,47173.0688,181052386.243379,197,3843,52,220,43117.15,24893.44
2012,25,normal,0,21541,0,0,23954277.8536502,27061265570.0418,13461275.5725,10493002.2811501,0,0,45876,329004,0,0,12640779.8700001,0
2012,25,normal,1,23,0,23,93637.1044,603422034.061893,73833.00895,19804.09545,62741.4792,369382317.563131,154,1638,72,458,49412.72,33108.96
2012,25,normal_alto_risco,0,527,1,0,783838.0597,1175071805.83196,420554.9244,363283.1353,0,0,1498,7864,0,0,413634.86,0
2012,25,normal_alto_risco,1,1,0,1,2450.93615,6007088.01137682,1626.8954,824.04075,907.1744,822965.39201536,8,64,1,1,1293.37,478.72
2012,26,cesarea,0,30664,1,0,39623843.9790002,51498231932.686,24953135.632001,14670708.347,0,0,71502,322818,0,0,20909680.2000001,0
2012,26,cesarea,1,5,1,5,16160.4463,55209220.6639876,12040.16675,4120.27955,9128.42345,19857218.2605131,21,99,10,24,8527.94,4817.11
2012,26,cesarea_alto_risco,0,11022,4,0,24962680.3869497,57078764726.3723,15263168.727,9699511.6599501,0,0,39169,248173,0,0,13172918.4099998,0
2012,26,cesarea_alto_risco,1,1077,6,1077,4778570.01285,25779539598.0982,3522613.2639,1255956.74895,2394350.1235,9725142409.3391,7672,73552,2560,11164,2521672.83,1263509.3
2012,26,cesarea_laqueadura,0,649,0,0,1374513.63395,3032487454.25894,845907.3066,528606.32735,0,0,2057,10713,0,0,725337.01,0
2012,26,cesarea_laqueadura,1,2,0,2,8112.6087,32908321.4077507,6155.6043,1957.0044,3855.4154,7432113.95327858,23,265,4,8,4281.06,2034.52
2012,26,normal,0,50523,1,0,49850996.2743003,49750861694.4522,28284549.3083002,21566446.9659999,0,0,81198,355430,0,0,26306594.3400002,0
2012,26,normal,1,30,0,30,73145.46505,191421493.652372,50331.06735,22814.3977,38101.3248,62545369.7931674,112,514,42,76,38599.19,20106.24
2012,26,normal_alto_risco,0,10569,1,0,16071010.35375,24693581931.8389,8502210.06904992,7568800.2846999,0,0,27150,110932,0,0,8480744.25,0
2012,26,normal_alto_risco,1,381,3,381,1386732.48025,6897998650.83294,1008342.4239,378390.05635,816613.96075,3539685753.79809,2241,17329,857,3867,731784.95,430930.85
2012,27,cesarea,0,20754,0,0,29683744.5592501,42785726472.4319,18919919.6796006,10763824.8796498,0,0,44509,122079,0,0,15664245.15,0
2012,27,cesarea,1,25,0,25,70158.60395,222796710.545489,52415.03675,17743.5672,32922.6688,62789964.4803484,152,1282,59,199,37023.01,17373.44
2012,27,cesarea_alto_risco,0,1712,0,0,3763928.64685,8307064049.9574,2312950.8154,1450977.83145,0,0,7460,49168,0,0,1986242.03,0
2012,27,cesarea_alto_risco,1,111,1,111,552373.8153,3075804410.60252,418037.2653,134336.55,301767.6832,1118219027.39934,678,5104,344,1454,291490.14,159244.16
2012,27,cesarea_laqueadura,0,1,0,0,1992.49775,3970047.28375506,1207.6835,784.81425,0,0,3,9,0,0,1051.45,0
2012,27,normal,0,18887,1,0,19655787.3113501,20749838594.6293,11270905.9777999,8384881.33354999,0,0,27482,109528,0,0,10372447.1300001,0
2012,27,normal,1,7,0,7,12823.465,27078737.870932,8748.4191,4075.0459,5589.492,7684217.30423824,16,54,9,13,6767,2949.6
2012,27,normal_alto_risco,0,2174,0,0,3132913.96124999,4537911506.58653,1660616.90605001,1472297.0552,0,0,5826,32346,0,0,1653252.75,0
2012,27,normal_alto_risco,1,8,0,8,34780.9437,172084208.588443,26291.2679,8489.6758,22679.36,86411366.1616128,55,457,25,105,18354.06,11968
2012,28,cesarea,0,5875,1,0,7674019.40169993,10054975166.8027,4623532.57759996,3050486.82409997,0,0,14335,126363,0,0,4049614.45999996,0
2012,28,cesarea,1,38,1,38,103506.7192,321408024.150468,77492.51925,26014.19995,49341.252,96504161.1202788,174,1016,114,522,54620.96,26037.6
2012,28,cesarea_laqueadura,0,23,0,0,31925.76615,45310773.2032202,19374.5558,12551.21035,0,0,58,284,0,0,16847.37,0
2012,28,normal,0,19529,2,0,19429493.0627998,19428439523.0573,10555789.0129499,8873704.04985,0,0,32936,103412,0,0,10253030.6399999,0
2012,28,normal,1,11,0,11,24763.08305,71296678.5022335,17843.03575,6920.0473,12876.3734,32045509.9671433,40,170,22,60,13067.59,6794.92
2012,29,cesarea,0,47266,21,0,59933301.2884002,76684960011.1177,37591198.5126497,22342102.7757505,0,0,123565,621553,0,0,31627071.9200001,0
2012,29,cesarea,1,67,6,67,368517.618,4213007406.8745,295437.2462,73080.3718,252194.4832,2666407870.12977,632,10544,278,3240,194468.4,133084.16
2012,29,cesarea_alto_risco,0,7249,7,0,15327207.8074499,32571858295.5507,9445500.64869993,5881707.15874997,0,0,29544,244092,0,0,8088236.30999997,0
2012,29,cesarea_alto_risco,1,127,1,127,629703.7625,3464287826.45952,475925.4979,153778.2646,328397.1328,1150505618.03747,903,8247,362,1398,332297.5,173296.64
2012,29,cesarea_laqueadura,0,498,0,0,686651.48765,988410871.937575,434447.8516,252203.63605,0,0,1275,19899,0,0,362349.07,0
2012,29,cesarea_laqueadura,1,7,0,7,34271.81405,194432365.940164,25995.61,8276.20405,16329.1392,54315715.8730138,40,240,18,66,18085.39,8616.96
2012,29,normal,0,104226,29,0,100105268.654547,97458464449.5544,56259542.1991571,43845726.4554027,0,0,182617,957239,0,0,52825999.2899985,0
2012,29,normal,1,20,1,20,90036.3391,596680290.037469,70036.71755,19999.62155,65316.5568,396669318.951404,197,4437,72,482,47512.58,34467.84
2012,29,normal_alto_risco,0,4137,3,0,5826051.42565,8261674526.82094,3071396.12145002,2754655.30419999,0,0,12964,79750,0,0,3074433.47,0
2012,29,normal_alto_risco,1,10,0,10,44239.2677,220044273.443627,33374.0957,10865.172,28122.4064,101224743.217889,61,501,31,123,23345.26,14840.32
2012,31,cesarea,0,64416,7,0,89939720.0046484,127458054868.271,55409510.747201,34530209.2574481,0,0,148165,456233,0,0,47461593.6699992,0
2012,31,cesarea,1,180,2,180,752242.9521,3904486056.52558,585985.60085,166257.35125,445920.7501,1731381007.35381,987,7421,456,1854,396961.98,235314.38
2012,31,cesarea_alto_risco,0,10663,5,0,24462385.0753498,56673751939.0238,15130596.3462,9331788.72915009,0,0,37560,250214,0,0,12908910.3299999,0
2012,31,cesarea_alto_risco,1,157,5,157,795897.85865,4973742240.69334,606903.78575,188994.0729,392396.75935,1655968618.10434,1206,12706,419,1893,419998.87,207069.53
2012,31,cesarea_laqueadura,0,3142,0,0,5625196.22559999,10645183239.6807,3502999.97599999,2120606.24984999,0,0,7965,30887,0,0,2968441.27999999,0
2012,31,cesarea_laqueadura,1,21,0,21,90437.2453,417289301.758407,67956.57605,22480.66925,42160.58535,110078794.293634,184,2184,42,108,47724.14,22248.33
2012,31,normal,0,90601,5,0,100772415.134597,114614356843.112,55057367.4641539,45715047.6704486,0,0,153553,398171,0,0,53178055.4799986,0
2012,31,normal,1,46,1,46,172620.79915,888612488.72917,131766.4373,40854.36185,107556.65635,465109428.581973,223,1495,111,523,91092.77,56758.13
2012,31,normal_alto_risco,0,6936,3,0,10835902.3037501,17137789282.6779,5790186.16295002,5045716.14079997,0,0,18018,115380,0,0,5718154.25000003,0
2012,31,normal_alto_risco,1,25,1,25,116800.46635,1052317286.79283,88630.3628,28170.10355,69580.1173,561039043.361117,222,4868,76,680,61636.13,36717.74
2012,32,cesarea,0,15083,7,0,20220753.9132999,27375222138.5083,12448299.5893499,7772454.32394987,0,0,41980,190860,0,0,10670582.54,0
2012,32,cesarea,1,8,2,8,28526.70465,114083459.999597,21883.5737,6643.13095,16475.5848,43081350.0971834,29,123,21,67,15053.67,8694.24
2012,32,cesarea_alto_risco,0,2503,0,0,5470320.58545001,12020220571.5097,3343103.53335,2127217.0521,0,0,7958,47606,0,0,2886712.71,0
2012,32,cesarea_alto_risco,1,25,0,25,114216.89915,590509684.143954,85287.14695,28929.7522,57151.9872,186813143.987487,155,1199,63,227,60272.77,30159.36
2012,32,cesarea_laqueadura,0,168,0,0,269803.9223,462474166.551886,170369.0275,99434.8948,0,0,495,3433,0,0,142376.74,0
2012,32,cesarea_laqueadura,1,2,0,2,8714.8776,42392077.0325503,6480.84315,2234.03445,4535.872,13990411.6642611,13,125,5,17,4598.88,2393.6
2012,32,normal,0,15602,5,0,16173461.6337501,17010287897.9118,8810888.15399987,7362573.47974999,0,0,38152,218626,0,0,8534808.25000003,0
2012,32,normal,1,3,0,3,12178.786,51884715.7715832,9808.9748,2369.8112,6760.0714,18193862.6909322,34,558,11,45,6426.8,3567.32
2012,32,normal_alto_risco,0,621,0,0,910902.2061,1347526834.2504,482104.7518,428797.4543,0,0,1874,11028,0,0,480687.18,0
2012,32,normal_alto_risco,1,1,0,1,4119.25625,16968272.0531641,3045.58715,1073.6691,2721.5232,7406688.52813824,3,9,3,9,2173.75,1436.16
2012,33,cesarea,0,18335,8,0,24672537.4296499,33518370887.9828,14925143.1939501,9747394.23569984,0,0,57576,316162,0,0,13019808.67,0
2012,33,cesarea,1,31,1,31,122303.679,631492884.232751,96206.85705,26096.82195,68654.334,238906036.74779,285,4345,114,728,64540.2,36229.2
2012,33,cesarea_alto_risco,0,3911,2,0,8732312.77490002,19684361972.5613,5393661.97990001,3338650.79499999,0,0,22333,233309,0,0,4608080.62000001,0
2012,33,cesarea_alto_risco,1,261,3,261,1004934.6075,5375373193.48154,723253.6211,281680.9864,412048.7621,2029738360.80243,2017,24139,781,4231,530308.5,217439.98
2012,33,cesarea_laqueadura,0,1021,0,0,1784129.9172,3289213127.78297,1089020.77925,695109.13795,0,0,3854,26812,0,0,941493.36,0
2012,33,cesarea_laqueadura,1,37,0,37,136752.675,599924493.091009,97589.089,39163.586,51227.06125,156644834.195726,441,9037,128,932,72165,27032.75
2012,33,normal,0,70802,7,0,74618701.7599,79503582933.1375,39270250.3577026,35348451.4021994,0,0,182805,816867,0,0,39376623.62,0
2012,33,normal,1,13,1,13,28959.21945,70747040.8732929,20745.56935,8213.6501,13339.30295,18024298.2491581,76,656,28,114,15281.91,7039.21
2012,33,normal_alto_risco,0,3313,1,0,4845676.54875,7168570187.70388,2554215.90505001,2291460.64369999,0,0,13389,99037,0,0,2557085.25,0
2012,33,normal_alto_risco,1,58,0,58,141712.06055,425266619.518937,94664.59235,47047.4682,52534.8955,109942654.981847,385,7501,128,586,74782.09,27722.9
2012,35,cesarea,0,117895,21,0,162165595.183162,224599438635.263,98316467.8087071,63849127.3744527,0,0,322192,1300352,0,0,85575511.9700064,0
2012,35,cesarea,1,502,11,502,2097819.7655,11968836899.4053,1647992.37815,449827.38735,1301274.57485,5949004944.07362,3597,41661,1498,8434,1107028.9,686688.43
2012,35,cesarea_alto_risco,0,21682,3,0,47489062.1723987,105035561030.081,29089583.9663004,18399478.2061005,0,0,74505,488657,0,0,25060191.1199993,0
2012,35,cesarea_alto_risco,1,438,13,438,2360233.13095,21435365291.3435,1813119.8167,547113.31425,1251014.4563,10964036534.3248,3942,61158,1417,12595,1245505.61,660165.94
2012,35,cesarea_laqueadura,0,7682,0,0,12531871.7044499,21323117783.2724,7713643.35899997,4818228.34544996,0,0,21803,112575,0,0,6613124.90999995,0
2012,35,cesarea_laqueadura,1,94,1,94,471366.7343,3215447275.09436,361066.15585,110300.57845,252754.342,1376604050.06823,1030,21052,269,1525,248742.34,133379.6
2012,35,normal,0,188010,6,0,204205589.232985,223987703288.615,108213205.573145,95992383.6598538,0,0,472925,1627445,0,0,107760205.399992,0
2012,35,normal,1,125,6,125,487554.0896,2718940459.45218,379728.0211,107826.0685,317739.82335,1484595828.80445,906,11780,378,2434,257284.48,167672.73
2012,35,normal_alto_risco,0,11176,4,0,16724121.7816,25286494195.3456,8684551.23279987,8039570.54879994,0,0,33897,161021,0,0,8825394.08000002,0
2012,35,normal_alto_risco,1,52,0,52,199363.11495,956051978.567154,145147.27865,54215.8363,105984.2422,379219390.03673,399,4599,113,425,105204.81,55928.36
2012,41,cesarea,0,33790,5,0,46464622.7847005,64531308859.4132,29140344.3648507,17324278.4198505,0,0,90858,333030,0,0,24519589.8600003,0
2012,41,cesarea,1,116,5,116,409954.1049,1773964614.43392,319135.56665,90818.53825,209059.9626,608795864.445576,728,6488,234,748,216334.62,110321.88
2012,41,cesarea_alto_risco,0,3285,1,0,7192009.68415001,15863523339.1088,4452902.2675,2739107.41664999,0,0,10969,58957,0,0,3795255.77000001,0
2012,41,cesarea_alto_risco,1,37,4,37,191203.96505,1224100501.42003,148190.11805,43013.847,100752.73465,459473290.147557,241,2317,110,552,100899.19,53167.67
2012,41,cesarea_laqueadura,0,1291,0,0,2358827.7421,4418561630.71897,1486458.3144,872369.4277,0,0,3990,28712,0,0,1244763.98,0
2012,41,cesarea_laqueadura,1,1,0,1,6026.08105,36313652.8211691,4802.97225,1223.1088,3628.6976,13167446.2722458,23,529,4,16,3179.99,1914.88
2012,41,normal,0,51480,3,0,54562493.0085008,58409133910.425,30847456.7256006,23715036.2828986,0,0,120626,384292,0,0,28792872.3000004,0
2012,41,normal,1,17,0,17,50798.3554,173802958.288746,38831.7336,11966.6218,27271.91145,61005487.8612811,70,326,30,74,26806.52,14391.51
2012,41,normal_alto_risco,0,2475,0,0,3655462.31469999,5449205201.12365,1976997.16165001,1678465.15305,0,0,7181,36033,0,0,1929003.86,0
2012,41,normal_alto_risco,1,3,0,3,10199.55325,39075429.8648414,7272.46045,2927.0928,5443.0464,14813377.0562765,9,33,6,18,5382.35,2872.32
2012,42,cesarea,0,21108,3,0,29563154.1686998,41887599758.8525,18250755.5172504,11312398.6514499,0,0,51797,242397,0,0,15600609.0599999,0
2012,42,cesarea,1,45,3,45,151159.4504,745937596.791414,116467.0032,34692.4472,77285.7558,326399212.468827,266,2346,93,425,79767.52,40784.04
2012,42,cesarea_alto_risco,0,4021,0,0,9035881.54190002,20467606530.7459,5608666.4817,3427215.06019998,0,0,13513,76519,0,0,4768275.22000001,0
2012,42,cesarea_alto_risco,1,13,0,13,65627.8674,381874465.748711,50004.44515,15623.42225,29176.0264,98487939.2020279,124,2298,35,127,34632.12,15396.32
2012,42,cesarea_laqueadura,0,533,0,0,946874.74475,1760521833.89435,587975.294,358899.45075,0,0,1425,5777,0,0,499670.05,0
2012,42,normal,0,28006,0,0,30862375.0183501,34517102781.8107,16980161.5987996,13882213.4195501,0,0,54590,159388,0,0,16286213.7300001,0
2012,42,normal,1,11,1,11,39623.63515,177353495.025193,31595.80875,8027.8264,24493.7088,89703227.7296742,55,479,27,109,20909.57,12925.44
2012,42,normal_alto_risco,0,2715,0,0,4118635.069,6286297209.97267,2209555.42745001,1909079.64155,0,0,7004,26120,0,0,2173422.2,0
2012,42,normal_alto_risco,1,3,0,3,13670.3405,63597223.5700318,10667.1066,3003.2339,8164.5696,23865996.3684454,27,285,9,29,7213.9,4308.48
2012,43,cesarea,0,33475,6,0,46838960.5730507,66392393812.4304,29402525.3085508,17436435.2645006,0,0,99241,473911,0,0,24717129.5900003,0
2012,43,cesarea,1,115,8,115,491119.7974,3321820436.53317,390048.5322,101071.2652,284620.9273,1509864719.9739,963,15553,311,1771,259166.12,150195.74
2012,43,cesarea_laqueadura,0,601,0,0,917745.278500001,1431584078.28091,579996.965,337748.3135,0,0,1994,10440,0,0,484298.3,0
2012,43,cesarea_laqueadura,1,1,0,1,2566.87225,6588833.14782006,1831.2143,735.65795,963.85385,929014.244159823,8,64,1,1,1354.55,508.63
2012,43,normal,0,48749,6,0,52440176.5969509,57189103289.0835,29274109.8945004,23166066.7024492,0,0,105245,366179,0,0,27672916.4100005,0
2012,43,normal,1,17,2,17,62344.30615,262786842.688273,50021.57595,12322.7302,36473.1029,103427882.454564,119,1277,40,118,32899.37,19247.02
2012,50,cesarea,0,12486,1,0,16550582.0211499,22133853820.9073,10383627.6186499,6166954.40249993,0,0,31731,189935,0,0,8733816.36999995,0
2012,50,cesarea,1,34,3,34,151237.6381,961893089.852627,120553.0022,30684.6359,98882.0096,539042331.770061,271,2901,109,655,79808.78,52180.48
2012,50,cesarea_alto_risco,0,460,0,0,989578.0581,2139201044.66518,610642.54495,378935.51315,0,0,1539,10913,0,0,522204.78,0
2012,50,cesarea_alto_risco,1,3,1,3,24294.7717,234099870.212442,19907.8846,4386.8871,16385.51545,119842837.496617,27,357,17,129,12820.46,8646.71
2012,50,cesarea_laqueadura,0,456,0,0,635032.59725,896708391.209361,401512.31575,233520.2815,0,0,1061,4545,0,0,335109.55,0
2012,50,cesarea_laqueadura,1,2,0,2,7865.51965,36619992.3147144,6204.3058,1661.21385,3628.6976,8229653.9201536,23,377,4,10,4150.67,1914.88
2012,50,normal,0,14436,3,0,14391401.6250499,14484463738.649,8251006.91719995,6140394.70784999,0,0,24652,98380,0,0,7594407.18999993,0
2012,50,normal,1,1,0,1,2914.68055,8495362.7085483,2201.02355,713.657,1814.3488,3291861.56806144,33,1089,2,4,1538.09,957.44
2012,50,normal_alto_risco,0,133,0,0,189020.186,272489112.398707,102764.12555,86256.06045,0,0,409,2541,0,0,99746.8,0
2012,51,cesarea,0,11284,1,0,15588745.62605,21824313468.3709,9495228.34804993,6093517.27800001,0,0,25862,91232,0,0,8226250.99000003,0
2012,51,cesarea,1,13,0,13,54102.45845,310640144.837558,42033.9046,12068.55385,31751.104,150602666.738811,79,623,35,183,28550.11,16755.2
2012,51,cesarea_alto_risco,0,1292,0,0,2863304.46595,6379719931.88135,1757030.4697,1106273.99625,0,0,4901,31683,0,0,1510978.61,0
2012,51,cesarea_alto_risco,1,37,2,37,232503.02655,2112010106.0164,183046.40695,49456.6196,132899.9884,975407383.667442,372,5730,143,1119,122692.89,70131.92
2012,51,cesarea_laqueadura,0,620,0,0,1089658.44675,2017865136.82339,682061.45655,407596.9902,0,0,1354,4854,0,0,575017.65,0
2012,51,normal,0,17855,0,0,19074935.51185,20736632201.1427,10387301.7583498,8687633.75350012,0,0,30388,78132,0,0,10065929.03,0
2012,51,normal,1,4,0,4,12792.2733,43052917.4995883,9454.6098,3337.6635,7314.07465,14919425.9084209,21,115,8,18,6750.54,3859.67
2012,51,normal_alto_risco,0,366,0,0,538482.3283,795908446.877187,288368.23295,250114.09535,0,0,961,4121,0,0,284159.54,0
2012,51,normal_alto_risco,1,4,1,4,16188.606,69568467.6788274,12379.0496,3809.5564,9071.744,24688961.7604608,15,59,10,30,8542.8,4787.2
2012,52,cesarea,0,16387,2,0,21849154.9666,29488662745.0247,13664528.6866001,8184626.2799998,0,0,41548,257128,0,0,11529897.08,0
2012,52,cesarea,1,123,3,123,700858.15105,7684898766.65077,560478.5029,140379.64815,510739.1872,5455437583.66982,1061,15549,563,6629,369845.99,269519.36
2012,52,cesarea_alto_risco,0,587,1,0,1295662.00175,2887149837.70118,785699.57505,509962.4267,0,0,3844,47462,0,0,683726.65,0
2012,52,cesarea_alto_risco,1,59,1,59,365485.997,2696976368.59864,283968.0998,81517.8972,218629.0304,1065740182.65989,603,11921,241,1295,192868.6,115371.52
2012,52,cesarea_laqueadura,0,749,0,0,1112703.7502,1725121470.39949,708925.1471,402744.44475,0,0,1773,8919,0,0,587178.76,0
2012,52,cesarea_laqueadura,1,9,0,9,59325.04055,467978827.908017,47289.3839,12035.65665,41730.0224,261702994.660884,97,1475,46,318,31306.09,22021.12
2012,52,normal,0,20387,0,0,20775549.4438502,21522641107.6173,11811096.9138998,8964452.52994992,0,0,39980,152288,0,0,10963350.6300001,0
2012,52,normal,1,11,1,11,51353.91255,297834975.345397,40858.34135,10495.5712,38101.3248,179406455.459349,77,627,42,218,27099.69,20106.24
2012,52,normal_alto_risco,0,296,0,0,436888.3084,649443625.664225,225844.8114,211043.497,0,0,1424,10322,0,0,230547.92,0
2012,52,normal_alto_risco,1,6,1,6,26314.6901,127890300.266039,20664.975,5649.7151,18143.488,67483162.1452595,26,138,20,82,13886.38,9574.4
2012,53,cesarea,0,13111,6,0,19010815.2306498,27917991708.7261,11462692.03,7548123.20064995,0,0,50722,356250,0,0,10032092.4699999,0
2012,53,cesarea,1,7,0,7,64002.27955,1039232612.6593,52742.83385,11259.4457,48987.4176,674831621.452595,98,2536,54,820,33774.29,25850.88
2012,53,cesarea_alto_risco,0,1866,1,0,4150880.21845,9414409080.90404,2594680.29485,1556199.9236,0,0,10172,132318,0,0,2190438.11,0
2012,53,cesarea_alto_risco,1,8,0,8,37676.33315,199389783.638894,28148.1026,9528.23055,19050.6624,65014265.9692135,69,665,21,79,19881.97,10053.12
2012,53,cesarea_laqueadura,0,206,0,0,390978.57925,773787395.554613,240107.112,150871.46725,0,0,946,10354,0,0,206321.15,0
2012,53,normal,0,23992,1,0,27099184.56875,31028016706.5265,14105841.91475,12993342.654,0,0,67912,478260,0,0,14300361.25,0
2012,53,normal_alto_risco,0,511,0,0,767901.46975,1204916456.79041,422161.29695,345740.1728,0,0,2084,30328,0,0,405225.05,0
2012,53,normal_alto_risco,1,1,0,1,4512.77195,20365110.6727068,3398.9099,1113.86205,1814.3488,3291861.56806144,32,1024,2,4,2381.41,957.44
2013,11,cesarea,0,6936,0,0,8481522.72587995,10828666885.3176,5663105.77694396,2818416.94893599,0,0,20203,117369,0,0,4734049.29999997,0
2013,11,cesarea,1,15,6,15,79872.645384,666619092.350883,64804.339836,15068.305548,55748.85888,433271922.348556,171,3353,65,589,44581.74,31116.8
2013,11,cesarea_laqueadura,0,494,0,0,673437.89508,959273610.756573,434346.45642,239091.43866,0,0,1639,13135,0,0,375886.3,0
2013,11,cesarea_laqueadura,1,4,0,4,15577.299108,62931269.0971148,12224.409288,3352.88982,9434.422272,24274997.3472026,50,714,11,33,8694.63,5265.92
2013,11,normal,0,8665,4,0,8210997.86229605,8017340871.71898,4642858.32063601,3568139.54166002,0,0,15879,70093,0,0,4583053.06000003,0
2013,12,cesarea,0,3083,1,0,4100753.484396,5524197922.6857,2458062.76629599,1642690.7181,0,0,8846,57330,0,0,2288877.81,0
2013,12,cesarea,1,1,0,1,4025.510208,16204732.4347122,3066.95046,958.559748,2573.024256,6620453.82196436,5,25,3,9,2246.88,1436.16
2013,12,cesarea_alto_risco,0,1549,0,0,3241425.78432,6797286282.93471,2000474.814708,1240950.969612,0,0,5311,29275,0,0,1809235.2,0
2013,12,cesarea_alto_risco,1,4,0,4,26950.429656,234059349.681947,21282.165576,5668.26408,15438.145536,116225744.874485,82,1862,18,158,15042.66,8616.96
2013,12,cesarea_laqueadura,0,4,0,0,7714.737096,14890442.8953811,4739.839044,2974.898052,0,0,13,47,0,0,4306.06,0
2013,12,normal,0,7520,0,0,7630535.01338396,7886622800.26317,4120317.23683203,3510217.77655202,0,0,13823,49983,0,0,4259061.73999998,0
2013,12,normal,1,1,0,1,2949.923148,8702046.57910623,2176.310268,773.61288,1715.349504,2942423.92087305,3,9,2,4,1646.53,957.44
2013,12,normal_alto_risco,0,701,0,0,986393.418539999,1390656819.03231,530745.554760001,455647.86378,0,0,1502,4724,0,0,550565.649999999,0
2013,13,cesarea,0,16890,3,0,22577085.5573879,31245003106.9258,14812915.1895843,7764170.36780384,0,0,67274,627876,0,0,12601632.9299999,0
2013,13,cesarea_laqueadura,0,106,0,0,127020.014748,155518811.33858,84752.408388,42267.60636,0,0,330,1276,0,0,70897.53,0
2013,13,normal,0,35229,2,0,35676549.6223315,37261419546.7271,20172114.2055234,15504435.4168082,0,0,93477,825991,0,0,19913233.7699997,0
2013,14,cesarea,0,235,0,0,322747.782,444203139.618937,182908.779672,139839.002328,0,0,750,2846,0,0,180145,0
2013,14,cesarea_alto_risco,0,1882,0,0,3867883.57381201,7958320581.83259,2357865.673032,1510017.90078,0,0,6422,27146,0,0,2158899.07,0
2013,14,cesarea_laqueadura,0,83,0,0,158632.617588,303649167.504375,97075.857324,61556.760264,0,0,266,1132,0,0,88542.43,0
2013,14,normal,0,5538,0,0,5725015.03450797,5955674155.89836,2880500.79792002,2844514.236588,0,0,10934,28098,0,0,3195476.12999998,0
2013,14,normal_alto_risco,0,1041,0,0,1444279.9761,2007298390.17048,767507.859672001,676772.116428001,0,0,2666,8962,0,0,806139.75,0
2013,15,cesarea,0,44978,19,0,55881874.000417,70755044300.9389,35378474.6805716,20503399.3198447,0,0,100101,461421,0,0,31191043.7600006,0
2013,15,cesarea,1,71,7,71,272448.558252,1345612491.44413,217065.974076,55382.584176,145718.836452,449862995.552427,504,7404,167,587,152069.97,81334.47
2013,15,cesarea_alto_risco,0,3230,3,0,6600441.35346001,13550318382.1494,4067861.912064,2532579.44139599,0,0,14758,145370,0,0,3684104.35000001,0
2013,15,cesarea_alto_risco,1,22,4,22,234142.59156,4091002302.45488,191979.668388,42162.923172,180111.69792,2936539073.0313,421,11561,210,3992,130689.1,100531.2
2013,15,cesarea_laqueadura,0,329,0,0,403730.914812,501747937.310939,263586.498432,140144.41638,0,0,826,3430,0,0,225346.57,0
2013,15,normal,0,58240,5,0,54198311.43985,51393200795.9023,30945096.9504377,23253214.4894172,0,0,90513,311299,0,0,30251345.9699989,0
2013,15,normal,1,8,2,8,26082.65028,124735183.894986,20303.289084,5779.361196,16081.383684,67295017.5382843,47,581,18,86,14558.3,8975.99
2013,15,normal_alto_risco,0,2259,0,0,3025920.59841599,4085730081.18609,1641824.03160001,1384096.566816,0,0,8154,52342,0,0,1688948.76,0
2013,15,normal_alto_risco,1,4,2,4,12517.479216,42378756.5110187,9531.795732,2985.683484,6861.398016,14712119.6043652,24,372,8,20,6986.76,3829.76
2013,16,cesarea,0,2859,0,0,3566148.50074799,4470892282.79123,2151543.38667599,1414605.114072,0,0,9574,105060,0,0,1990482.53,0
2013,16,cesarea,1,1,0,1,7775.848572,60463821.0146744,6551.773704,1224.074868,5146.048512,26481815.2878574,23,529,6,36,4340.17,2872.32
2013,16,normal,0,10098,1,0,9510392.29302001,8984254975.35043,5104617.92324402,4405774.36977601,0,0,24668,239624,0,0,5308323.45000001,0
2013,17,cesarea,0,7420,4,0,9878589.86755197,13304291770.5147,5978853.58066797,3899736.286884,0,0,18555,58039,0,0,5513836.71999999,0
2013,17,cesarea,1,7,1,7,26530.0128,122658614.794543,20534.477148,5995.535652,15438.145536,51492418.6152783,54,634,18,70,14808,8616.96
2013,17,cesarea_alto_risco,0,955,0,0,1980336.28116,4119658543.98067,1223272.571604,757063.709556001,0,0,3052,13458,0,0,1105345.1,0
2013,17,cesarea_alto_risco,1,2,0,2,7917.43872,31429867.7868317,5764.043016,2153.395704,3430.699008,5884847.84174609,28,442,4,8,4419.2,1914.88
2013,17,cesarea_laqueadura,0,438,0,0,661590.653424,1038925033.77623,411503.699748,250086.953676,0,0,1094,3636,0,0,369273.64,0
2013,17,normal,0,10728,0,0,11010107.920488,11467723430.7945,5919210.91209597,5090897.00839202,0,0,19081,47679,0,0,6145405.17999998,0
2013,17,normal_alto_risco,0,303,0,0,417433.412016,578378243.567851,224340.676296,193092.73572,0,0,728,3302,0,0,232994.76,0
2013,17,normal_alto_risco,1,1,0,1,1965.223956,3862105.19723629,1408.788828,556.435128,857.674752,735605.980218262,1,1,1,1,1096.91,478.72
2013,21,cesarea,0,14686,6,0,17752592.7325799,21825434792.0526,11453066.060628,6299526.67195195,0,0,37797,205863,0,0,9908792.54999997,0
2013,21,cesarea,1,3,0,3,12910.968324,56997368.2973481,9818.23674,3092.731584,7987.006548,22564863.6510038,24,206,9,29,7206.39,4458.03
2013,21,cesarea_alto_risco,0,3045,0,0,6813561.4002,15374071578.6448,4357521.977364,2456039.42283599,0,0,12934,93404,0,0,3803059.5,0
2013,21,cesarea_alto_risco,1,11,0,11,62107.766844,469573420.323909,47607.452244,14500.3146,36450.46032,200956203.702909,189,11109,40,242,34666.09,20345.2
2013,21,cesarea_laqueadura,0,159,0,0,279247.483176,533306220.18008,177335.398728,101912.084448,0,0,480,1794,0,0,155864.86,0
2013,21,normal,0,57403,5,0,52009483.0834915,47960344685.6644,29732844.1521128,22276638.9313804,0,0,99165,716115,0,0,29029628.8699997,0
2013,21,normal,1,1,0,1,2058.655896,4238064.09813556,1372.18644,686.469456,911.261508,830397.535962434,6,36,1,1,1149.06,508.63
2013,21,normal_alto_risco,0,7666,0,0,10692504.1624921,14955741926.6492,5564174.52074401,5128329.64174797,0,0,20120,125388,0,0,5968131.37000004,0
2013,22,cesarea,0,16784,2,0,20968348.1854435,26672937613.9557,13120014.7560721,7848333.42937196,0,0,45062,205034,0,0,11703699.5899997,0
2013,22,cesarea,1,86,1,86,184291.249896,429217156.932234,124572.402492,59718.847404,56086.181328,69211622.1639421,597,5767,191,725,102864.06,31305.08
2013,22,cesarea_alto_risco,0,1022,2,0,2143520.978112,4585246626.79175,1335610.531848,807910.446264001,0,0,5353,67833,0,0,1196428.32,0
2013,22,cesarea_alto_risco,1,230,4,230,684950.662932,2296265452.96655,474326.529984,210624.132948,176563.9716,303449847.670076,2274,32454,709,4893,382312.27,98551
2013,22,cesarea_laqueadura,0,69,0,0,131073.617244,249384538.059967,79753.844388,51319.772856,0,0,189,707,0,0,73160.09,0
2013,22,normal,0,21845,2,0,20649434.1766202,19872495903.9004,11487371.5457642,9162062.63085609,0,0,37235,306235,0,0,11525694.4500001,0
2013,22,normal,1,15,3,15,36171.848604,150184240.124823,25711.806996,10460.041608,17154.426672,74991952.704754,112,1012,42,286,20189.69,9574.92
2013,22,normal_alto_risco,0,274,0,0,378345.214848,536869215.975837,204831.56766,173513.647188,0,0,1026,8888,0,0,211177.28,0
2013,22,normal_alto_risco,1,10,0,10,29626.97256,123072704.67825,20493.592836,9133.379724,10708.3932,24372734.5461557,168,7268,43,393,16536.6,5977
2013,23,cesarea,0,39825,1,0,48882878.8649159,60494999262.792,30666634.8330368,18216244.0318802,0,0,85557,345411,0,0,27284482.5099999,0
2013,23,cesarea,1,12,0,12,38699.796204,179185766.468588,30062.313444,8637.48276,20557.248384,79416007.7936402,94,1196,41,227,21600.69,11474.24
2013,23,cesarea_alto_risco,0,6409,8,0,13540883.3819279,28932263172.8312,8353284.96061195,5187598.42131597,0,0,33090,390606,0,0,7557983.57999997,0
2013,23,cesarea_alto_risco,1,131,7,131,935380.009284,21972992560.7618,744215.268072,191164.741212,616668.146688,17578776109.2758,1573,42691,719,23897,522091.99,344199.68
2013,23,cesarea_laqueadura,0,1984,0,0,2974952.122488,4634483003.28828,1893190.16976,1081761.952728,0,0,5256,26830,0,0,1660500.18,0
2013,23,cesarea_laqueadura,1,7,0,7,29591.839284,150155674.09588,22198.945212,7392.894072,15438.145536,61790902.338334,57,517,18,84,16516.99,8616.96
2013,23,normal,0,47272,2,0,43482812.7542513,40504780059.4883,24947359.8341036,18535452.9201484,0,0,73914,476012,0,0,24270379.9699996,0
2013,23,normal,1,3,0,3,10246.590384,41460145.168439,7916.148768,2330.441616,6861.398016,22068179.4065478,20,146,8,30,5719.24,3829.76
2013,23,normal_alto_risco,0,2985,0,0,4134892.45822799,5785116503.52963,2202658.86338401,1932233.59484399,0,0,9647,79211,0,0,2307932.82999999,0
2013,23,normal_alto_risco,1,12,1,12,66575.04978,575452905.00081,53359.366128,13215.683652,38595.36384,206705280.441332,123,2291,45,281,37159.55,21542.4
2013,24,cesarea,0,13732,1,0,17473080.630084,22493669239.0044,10711592.5855319,6761488.04455196,0,0,33989,211949,0,0,9752779.98999998,0
2013,24,cesarea,1,33,0,33,120289.511028,542881791.565393,92705.320788,27584.19024,74756.158272,273893493.186192,227,2421,90,376,67140.83,41725.92
2013,24,cesarea_alto_risco,0,3456,2,0,7141237.33632001,14810868709.8491,4367556.29898,2773681.03733999,0,0,12880,97484,0,0,3985955.20000001,0
2013,24,cesarea_alto_risco,1,219,2,219,965898.482004,7125653607.52806,719587.27158,246311.210424,507743.453184,4023764711.79389,1558,21308,592,5470,539126.19,283402.24
2013,24,cesarea_laqueadura,0,512,0,0,921742.565076,1716535605.23502,567707.122728,354035.442348,0,0,1989,14447,0,0,514480.11,0
2013,24,cesarea_laqueadura,1,51,0,51,202480.218072,865023112.515917,149294.672976,53185.545096,102063.295488,267024970.819229,372,6162,119,363,113016.42,56967.68
2013,24,normal,0,14665,0,0,14382661.9837681,14267996795.2115,7787146.06119601,6595515.92257206,0,0,31342,136602,0,0,8027830.98000006,0
2013,24,normal,1,9,0,9,23533.955952,66506464.8993563,17010.865764,6523.090188,13722.796032,25010603.3274209,41,289,16,34,13135.72,7659.52
2013,24,normal_alto_risco,0,1540,0,0,2118686.05181999,2932448218.07157,1124462.069244,994223.982576001,0,0,5386,37516,0,0,1182566.45,0
2013,24,normal_alto_risco,1,51,0,51,154754.412732,519910382.111818,109711.170072,45043.24266,83194.450944,183165889.074347,296,3272,97,249,86377.77,46435.84
2013,25,cesarea,0,17046,2,0,22878625.4356317,31307873367.4373,14365982.6177522,8512642.81787987,0,0,47326,260278,0,0,12769940.5199998,0
2013,25,cesarea,1,191,3,191,970191.334764,9055227993.00093,776330.02056,193861.314204,654240.435264,5757036633.04407,1815,28739,777,7905,541522.29,365171.04
2013,25,cesarea_alto_risco,0,1051,1,0,2224647.779328,4767102357.98728,1392616.717692,832031.061636001,0,0,4926,49968,0,0,1241710.08,0
2013,25,cesarea_alto_risco,1,3,0,3,17607.683556,121959309.293677,13733.097732,3874.585824,8576.74752,39722722.9317861,66,1530,10,54,9827.91,4787.2
2013,25,cesarea_laqueadura,0,849,0,0,1441950.591528,2511910425.79809,907689.77424,534260.817288,0,0,2778,18808,0,0,804839.58,0
2013,25,cesarea_laqueadura,1,18,1,18,72422.240952,330598206.585891,56565.183504,15857.057448,40310.713344,124317410.656886,125,1749,47,169,40423.22,22499.84
2013,25,normal,0,20856,1,0,21680193.9355083,22876312068.8826,12140469.5493721,9539724.38613605,0,0,44325,198997,0,0,12101023.6300001,0
2013,25,normal,1,31,0,31,121571.34708,570830256.297295,96436.36362,25134.98346,81977.16624,293754854.652086,258,4798,97,403,67856.3,45756.4
2013,25,normal_alto_risco,0,589,0,0,819408.791736,1150021121.64033,445597.991076,373810.80066,0,0,1799,9683,0,0,457361.46,0
2013,26,cesarea,0,30229,1,0,36938786.0003166,45372649627.9787,22976388.604465,13962397.3958522,0,0,73931,444937,0,0,20617764.0100004,0
2013,26,cesarea,1,3,0,3,13282.725324,62654664.2224508,10420.93098,2861.794344,9434.422272,33102269.1098218,24,234,11,45,7413.89,5265.92
2013,26,cesarea_alto_risco,0,12250,3,0,26181738.7490996,56436356278.2797,16102476.602868,10079262.1462321,0,0,46583,257117,0,0,14613607.2499998,0
2013,26,cesarea_alto_risco,1,1156,8,1156,4965855.02754,25148518628.2488,3680692.081836,1285162.945704,2497468.488732,9011539919.93979,7966,73862,2813,11373,2771743.15,1393987.77
2013,26,cesarea_laqueadura,0,555,0,0,1094882.1441,2289129611.06499,672346.326948,422535.817152,0,0,1614,6030,0,0,611119.75,0
2013,26,cesarea_laqueadura,1,6,1,6,21502.7832,82507496.769564,16052.64642,5450.13678,10023.876588,22420733.4709857,29,191,11,27,12002,5594.93
2013,26,normal,0,51385,1,0,48076371.1877036,45536456638.5124,26828365.0097762,21248006.177928,0,0,89531,633129,0,0,26834321.9399998,0
2013,26,normal,1,64,0,64,159410.20782,469632079.381007,112596.703116,46813.504704,85767.4752,185372707.015002,293,1769,100,252,88976.45,47872
2013,26,normal_alto_risco,0,9701,3,0,14087798.753748,20699487611.4483,7498506.61666794,6589292.13707992,0,0,27087,129245,0,0,7863250.02999999,0
2013,26,normal_alto_risco,1,342,5,342,1189952.914368,5350116921.08524,867721.722312,322231.192056,696421.220688,2566641461.38479,2080,17924,773,3149,664184.48,388714.68
2013,27,cesarea,0,19593,1,0,26530761.5813041,36249417572.0971,16992517.6121644,9538243.9691398,0,0,42543,106133,0,0,14808417.94,0
2013,27,cesarea,1,48,1,48,167071.053588,717122320.113772,130645.102356,36425.951232,98366.54388,307287923.423823,247,1797,124,462,93252.43,54904.3
2013,27,cesarea_alto_risco,0,1933,1,0,4017413.824272,8382453651.68454,2480662.384932,1536751.43934,0,0,8482,55254,0,0,2242360.92,0
2013,27,cesarea_alto_risco,1,141,1,141,609616.158264,3386519298.59225,453851.265216,155764.893048,307408.1028,1406891915.71591,905,7673,379,2049,340263.54,171583
2013,27,normal,0,18568,3,0,18306725.4575041,18312687998.439,10563074.4278279,7743651.02967599,0,0,28795,90541,0,0,10218087.4400001,0
2013,27,normal,1,3,0,3,5178.924372,9023004.88089295,3489.05142,1689.872952,2213.414304,1719280.50543556,9,29,4,6,2890.67,1235.44
2013,27,normal_alto_risco,0,2518,0,0,3437033.51437199,4713510971.0978,1820702.26666801,1616331.247704,0,0,6974,119808,0,0,1918415.66999999,0
2013,27,normal_alto_risco,1,15,0,15,58797.230448,260383068.487691,43887.606912,14909.623536,36880.014336,115490138.894267,77,695,43,157,32818.28,20584.96
2013,28,cesarea,0,6247,0,0,7785265.77699593,9735898264.89575,4644425.52273596,3140840.25425996,0,0,16159,89335,0,0,4345426.30999996,0
2013,28,cesarea,1,36,1,36,165607.97928,908455544.934566,131418.840648,34189.138632,119216.790528,539199183.499986,206,1430,139,733,92435.8,66542.08
2013,28,cesarea_laqueadura,0,40,0,0,57717.451044,87387076.9136286,35043.42726,22674.023784,0,0,109,353,0,0,32215.59,0
2013,28,normal,0,18858,0,0,17799453.7505158,16877893995.9549,9538188.17871595,8261265.57180002,0,0,31079,93345,0,0,9934948.50999988,0
2013,28,normal,1,20,0,20,63226.925616,231590636.580246,48823.178256,14403.74736,42883.7376,119168168.795358,88,440,50,162,35290.76,23936
2013,29,cesarea,0,44536,25,0,53043200.9531402,63784148379.8347,33394986.6704401,19648214.2827005,0,0,119123,774415,0,0,29606609.1500001,0
2013,29,cesarea,1,47,3,47,263481.47484,2705848234.24745,214400.467428,49081.007412,192119.144448,1964067967.18276,500,9056,224,2670,147064.9,107233.28
2013,29,cesarea_alto_risco,0,7058,2,0,14149637.816424,28553095204.2915,8753238.12557996,5396399.69084397,0,0,28419,250437,0,0,7897766.14,0
2013,29,cesarea_alto_risco,1,140,5,140,740193.609804,5028483183.82651,569836.098924,170357.51088,412541.555712,2253161117.40854,1173,19779,481,3063,413146.69,230264.32
2013,29,cesarea_laqueadura,0,678,0,0,889981.689420001,1231286121.33746,567827.518248,322154.171172,0,0,1670,8906,0,0,496752.45,0
2013,29,cesarea_laqueadura,1,3,1,3,13701.655152,63861075.1233964,10529.251116,3172.404036,6861.398016,17654543.5252383,14,78,8,24,7647.72,3829.76
2013,29,normal,0,100471,41,0,90467833.7222612,82557248526.6744,50814772.8440706,39653060.8782024,0,0,180599,1238733,0,0,50495553.5399984,0
2013,29,normal,1,16,0,16,69311.09172,423304998.447462,54317.7288,14993.36292,49745.135616,264818152.878574,96,1098,58,360,38686.7,27765.76
2013,29,normal_alto_risco,0,3587,1,0,4729257.281088,6296760064.23362,2527192.88850001,2202064.39258799,0,0,11879,101957,0,0,2639683.68,0
2013,29,normal_alto_risco,1,9,1,9,34433.763696,150220908.982947,25999.591704,8434.171992,19726.519296,55170448.5163696,50,352,23,75,19219.56,11010.56
2013,31,cesarea,0,62706,5,0,82540187.235851,110258862934.303,50677461.5385126,31862725.6973385,0,0,144922,480492,0,0,46070655.9699994,0
2013,31,cesarea,1,209,3,209,831239.550672,4071661874.40203,648527.596176,182711.954496,495477.7296,1753807515.89693,1225,9981,531,2043,463964.92,276556
2013,31,cesarea_alto_risco,0,11236,3,0,24313330.8146758,53117937451.1511,15015963.68526,9297367.1294161,0,0,37295,278945,0,0,13570736.1099999,0
2013,31,cesarea_alto_risco,1,161,8,161,854548.14126,6081529212.8198,662587.033848,191961.107412,433628.29356,2195024606.92716,1295,16229,492,2844,476974.85,242034.1
2013,31,cesarea_laqueadura,0,3232,0,0,5587681.96101599,10190142775.4298,3482331.23589599,2105350.72511999,0,0,8135,29085,0,0,3118822.26,0
2013,31,cesarea_laqueadura,1,20,0,20,88483.236228,770487238.41052,67989.912132,20493.324096,46088.802504,410227703.955949,162,2386,50,492,49387.83,25724.94
2013,31,normal,0,88182,6,0,92844398.7007309,99887685572.2866,50628466.6353995,42215932.0653343,0,0,152426,445274,0,0,51822057.7699994,0
2013,31,normal,1,40,1,40,139045.789344,595648576.962271,105414.554952,33631.234392,86667.861696,285758278.242175,224,1852,92,316,77609.84,48374.56
2013,31,normal_alto_risco,0,7101,1,0,10384370.5333561,15345716590.6315,5529629.24786402,4854741.28549197,0,0,16753,64161,0,0,5796143.41000003,0
2013,31,normal_alto_risco,1,21,1,21,92603.826648,467999369.66301,71960.258976,20643.567672,55834.479444,192934356.493762,185,2801,64,256,51687.78,31164.59
2013,31,normal_cpn,0,11,0,0,10131.515916,9333429.00731796,6147.230424,3984.285492,0,0,18,32,0,0,5655.01,0
2013,32,cesarea,0,15155,2,0,19239820.9797119,24694160466.586,11856138.2757839,7383682.70392787,0,0,42402,205042,0,0,10738904.32,0
2013,32,cesarea,1,20,0,20,79911.612684,424506336.780631,64418.94876,15492.663924,34723.286256,88816315.4300572,126,1980,71,737,44603.49,19381.16
2013,32,cesarea_alto_risco,0,2654,1,0,5520009.77122801,11557770759.2717,3384945.93342,2135063.83780799,0,0,8203,46231,0,0,3081050.33,0
2013,32,cesarea_alto_risco,1,22,1,22,107861.235576,650023018.575414,82178.72124,25682.514336,55748.85888,218474976.124824,151,1529,65,297,60203.86,31116.8
2013,32,cesarea_laqueadura,0,182,0,0,274871.070192,433196274.346492,170897.284128,103973.786064,0,0,442,1650,0,0,153422.12,0
2013,32,cesarea_laqueadura,1,1,0,1,4508.865972,20329872.3534595,3395.5299,1113.336072,2573.024256,6620453.82196436,8,64,3,9,2516.67,1436.16
2013,32,normal,0,15861,1,0,15633080.8427401,15599170080.5514,8505844.23335987,7127236.60938,0,0,39601,168935,0,0,8725765.15000003,0
2013,32,normal,1,3,0,3,7149.845616,17612615.0313766,5444.959056,1704.88656,4288.37376,6620453.82196436,9,33,5,9,3990.76,2393.6
2013,32,normal_alto_risco,0,608,0,0,848158.113204,1193581558.83635,450313.894344,397844.21886,0,0,1690,7914,0,0,473408.19,0
2013,33,cesarea,0,19320,2,0,24370200.0864479,31047600201.307,14850479.8817762,9519720.20467183,0,0,63899,380677,0,0,13602478.28,0
2013,33,cesarea,1,49,1,49,216325.66704,1898453686.77449,171708.538524,44617.128516,143684.546316,1337122977.73507,397,4883,208,2054,120744.4,80199.01
2013,33,cesarea_alto_risco,0,3858,2,0,8084872.41134402,17040332004.7452,4974844.55970001,3110027.85164399,0,0,21031,190951,0,0,4512654.84000001,0
2013,33,cesarea_alto_risco,1,297,1,297,1073558.43132,4866491260.08309,773103.563952,300454.867368,432218.84184,1475552158.88499,2382,28216,882,4598,599217.7,241247.4
2013,33,cesarea_laqueadura,0,1105,0,0,1830670.245336,3199211205.67351,1116872.188752,713798.056584,0,0,4158,29388,0,0,1021807.46,0
2013,33,cesarea_laqueadura,1,22,1,22,69039.467244,236051237.064975,47991.212964,21048.25428,22691.079816,43042227.4830938,197,2829,49,155,38535.09,12665.26
2013,33,normal,0,74054,9,0,73644770.7083276,74087679210.3741,38626289.812143,35018480.8961878,0,0,203787,1378667,0,0,41105587.5799998,0
2013,33,normal,1,28,0,28,78078.160908,265676495.660324,58040.76318,20037.397728,46161.129396,129528208.261743,178,1602,71,319,43580.13,25765.31
2013,33,normal_alto_risco,0,3199,0,0,4428341.70378,6197356853.07299,2322402.67096801,2105939.03281199,0,0,12850,93660,0,0,2471724.55,0
2013,33,normal_alto_risco,1,53,1,53,130604.486784,399193741.811342,88641.02244,41963.464344,52921.284096,114138807.284999,312,2612,107,279,72898.24,29538.56
2013,35,cesarea,0,117136,14,0,152316488.284271,199699950221.775,92113516.4661192,60202971.8181496,0,0,317722,1226476,0,0,85017017.3500061,0
2013,35,cesarea,1,486,17,486,2017953.449316,16314878798.2026,1594990.371396,422963.07792,1276102.591596,9614774773.82858,3473,50469,1515,13153,1126341.51,712269.81
2013,35,cesarea_alto_risco,0,24651,7,0,51166664.2607747,107133255526.653,31380465.4250766,19786198.8357006,0,0,86034,560160,0,0,28559200.8599993,0
2013,35,cesarea_alto_risco,1,436,12,436,2290288.258884,19222509475.9386,1766698.927836,523589.331048,1238143.729488,9496945382.26622,3984,74756,1501,13305,1278347.99,691082.68
2013,35,cesarea_laqueadura,0,7754,0,0,12166296.2875079,20282942368.5792,7496420.90761197,4669875.37989597,0,0,22189,120805,0,0,6790743.62999995,0
2013,35,cesarea_laqueadura,1,77,2,77,395882.470608,4725510096.47417,309159.821784,86722.648824,224481.173568,2944775296.33836,852,19030,283,4501,220965.88,125296.48
2013,35,normal,0,183660,8,0,189294422.96615,197121947677.427,99895420.5027809,89399002.4633779,0,0,465828,1697056,0,0,105656632.599994,0
2013,35,normal,1,110,5,110,375285.054552,1753252911.31702,287768.924004,87516.130548,242484.442404,928101914.685288,718,7904,283,1261,209469.22,135345.19
2013,35,normal_alto_risco,0,11545,6,0,16492377.189816,23783846468.2251,8571679.92565187,7920697.26416394,0,0,35318,169442,0,0,9205390.26000001,0
2013,35,normal_alto_risco,1,52,1,52,313289.101464,3981903352.22401,246312.679536,66976.421928,218398.45866,2836999324.17507,582,11592,247,3561,174865.54,121901.35
2013,35,normal_cpn,0,37,0,0,38287.817784,39662346.7931637,18652.956744,19634.86104,0,0,106,358,0,0,21370.74,0
2013,41,cesarea,0,36921,4,0,47934031.7209205,62816699465.0781,29943213.7703648,17990817.9505567,0,0,98689,364831,0,0,26754873.7000003,0
2013,41,cesarea,1,121,4,121,452395.805208,2244016231.46501,355943.80092,96452.004288,254366.387352,895921729.82985,687,5383,300,1222,252509.38,141977.22
2013,41,cesarea_alto_risco,0,3823,1,0,7991957.68834802,16806374742.2416,4950575.779008,3041381.90933999,0,0,13760,81792,0,0,4460793.53000001,0
2013,41,cesarea_alto_risco,1,41,0,41,185604.868932,976074465.836545,141223.58664,44381.282292,87053.557344,286021551.205013,292,2696,100,378,103597.27,48589.84
2013,41,cesarea_laqueadura,0,1320,1,0,2196394.390656,3745251070.45816,1381407.17814,814987.212516,0,0,3860,16356,0,0,1225940.16,0
2013,41,cesarea_laqueadura,1,5,0,5,37090.133184,384481942.537795,30277.538352,6812.594832,22352.843652,178065398.146006,53,877,25,219,20702.24,12476.47
2013,41,normal,0,49757,2,0,49773245.067529,50266652711.2501,28077402.5093163,21695842.5582108,0,0,119090,425366,0,0,27781449.5800006,0
2013,41,normal,1,22,1,22,81337.618788,462785010.473176,64847.445732,16490.173056,47172.11136,183165889.074347,122,1158,55,249,45399.43,26329.6
2013,41,normal_alto_risco,0,2535,0,0,3584118.37416,5100948405.81313,1925733.97461601,1658384.399544,0,0,7634,31008,0,0,2000512.6,0
2013,41,normal_alto_risco,1,4,1,4,20310.11508,127766660.491471,16160.32158,4149.7935,11578.465824,42778779.1813348,27,227,13,53,11336.3,6462.64
2013,42,cesarea,0,21836,0,0,28774993.3402319,38378553229.4246,17715451.7717044,11059541.5685279,0,0,53281,189109,0,0,16061059.02,0
2013,42,cesarea,1,54,1,54,179790.051972,820503616.852998,139742.1126,40047.939372,93874.035216,333052057.284902,338,3586,113,461,100351.67,52396.76
2013,42,cesarea_alto_risco,0,4174,0,0,8856561.63250801,18947788850.2102,5514906.398628,3341655.23387998,0,0,14563,95005,0,0,4943381.13000001,0
2013,42,cesarea_alto_risco,1,15,0,15,83725.534932,559528026.195653,65692.203048,18033.331884,43050.069744,192833782.227329,117,1017,58,318,46732.27,24028.84
2013,42,cesarea_laqueadura,0,561,0,0,911610.547512,1551422967.47192,566200.548372,345409.99914,0,0,1519,6063,0,0,508824.82,0
2013,42,cesarea_laqueadura,1,5,0,5,27908.666916,198175117.206634,22554.416568,5354.250348,17153.49504,95628777.428374,63,1535,20,130,15577.51,9574.4
2013,42,normal,0,28306,1,0,29316210.4745042,30841559654.8583,16050806.1780596,13265404.2964441,0,0,56717,184339,0,0,16363144.9400001,0
2013,42,normal,1,7,0,7,24535.78284,100407662.343541,19239.311592,5296.471248,14580.470784,38987116.9515679,74,1436,17,53,13694.9,8138.24
2013,42,normal_alto_risco,0,2705,0,0,3860730.879552,5563798080.35508,2068117.83724801,1792613.042304,0,0,7170,32084,0,0,2154906.72,0
2013,42,normal_alto_risco,1,3,0,3,17743.701828,113889163.753501,14288.887884,3454.813944,12007.446528,55906054.4965879,29,291,14,76,9903.83,6702.08
2013,43,cesarea,0,34822,6,0,46334573.9232606,62568776210.2488,29125902.1180927,17208671.8051687,0,0,102448,461066,0,0,25862119.8500003,0
2013,43,cesarea,1,94,5,94,479079.591036,5747415649.2989,390036.909792,89042.681244,302524.505772,3598950635.04152,807,14743,349,4767,267403.21,168857.17
2013,43,cesarea_laqueadura,0,657,0,0,958521.622752001,1461140915.64151,612430.636452,346090.9863,0,0,2566,38882,0,0,535008.72,0
2013,43,cesarea_laqueadura,1,2,0,2,7970.398416,36358605.5008257,6075.745584,1894.652832,1768.93626,1566003.5161807,102,8244,2,2,4448.76,987.35
2013,43,normal,0,48288,1,0,49074424.3748767,50598402217.7743,27380825.1686042,21693599.2062713,0,0,107028,410272,0,0,27391395.6100004,0
2013,43,normal,1,19,0,19,81407.07912,443130354.037709,66490.593756,14916.485364,49867.519812,210566497.491933,150,1788,58,272,45438.2,27834.07
2013,50,cesarea,0,13056,4,0,16245060.5872199,20385888924.6285,10089133.3964159,6155927.19080393,0,0,34010,169404,0,0,9067347.94999994,0
2013,50,cesarea,1,56,0,56,196180.37916,834734449.831733,153268.298448,42912.080712,110640.043008,343527992.761928,437,5251,129,467,109500.1,61754.88
2013,50,cesarea_alto_risco,0,539,0,0,1093111.577484,2228523771.36714,670754.759088001,422356.818396,0,0,1895,12497,0,0,610131.49,0
2013,50,cesarea_alto_risco,1,1,0,1,6127.845312,37550488.1678004,4793.855784,1333.989528,3645.046032,13286360.5753989,15,225,4,16,3420.32,2034.52
2013,50,cesarea_laqueadura,0,592,0,0,785359.666644001,1055288749.43924,489441.076728,295918.589916,0,0,1424,5106,0,0,438356.59,0
2013,50,cesarea_laqueadura,1,3,0,3,8629.366812,27149827.8013653,6609.194484,2020.172328,3430.699008,4413635.88130957,19,195,4,6,4816.57,1914.88
2013,50,normal,0,14807,3,0,13728178.8046198,12849593635.3842,7760819.30541594,5967359.499204,0,0,25814,164452,0,0,7662524.44999991,0
2013,50,normal,1,6,0,6,19618.252908,74483397.9952401,15422.916936,4195.335972,11310.532044,26599333.3093367,41,327,13,35,10950.13,6313.09
2013,50,normal_alto_risco,0,152,0,0,204362.8851,278782638.88789,110671.951404,93690.933696,0,0,520,4152,0,0,114067.25,0
2013,51,cesarea,0,11490,6,0,14781366.815604,19288761703.3626,9061454.18623192,5719912.629372,0,0,27610,124956,0,0,8250372.19000001,0
2013,51,cesarea,1,23,1,23,80613.059916,314813249.850741,62795.794992,17817.264924,44652.67386,110435688.588483,151,1523,52,150,44995.01,24923.35
2013,51,cesarea_alto_risco,0,1482,0,0,3100859.034072,6535196395.9476,1899415.97976,1201443.054312,0,0,5729,41185,0,0,1730776.42,0
2013,51,cesarea_alto_risco,1,50,2,50,264613.640628,1747771977.82216,204392.303172,60221.337456,146446.888944,723144956.103847,458,5824,167,931,147696.83,81740.84
2013,51,cesarea_laqueadura,0,831,0,0,1367996.15634,2371464707.67276,852897.647676,515098.508664,0,0,1857,6841,0,0,763561.15,0
2013,51,cesarea_laqueadura,1,6,0,6,22781.967684,90865348.2752243,16937.123508,5844.844176,9541.595784,17108520.6565084,38,262,11,23,12715.99,5325.74
2013,51,normal,0,18039,1,0,18155007.090132,18570183093.3795,9815567.02309184,8339440.06704012,0,0,31236,101828,0,0,10133404.27,0
2013,51,normal,1,6,1,6,31836.82158,212936413.675541,25716.572652,6120.248928,22621.064088,121109452.841712,70,1070,26,160,17770.05,12626.18
2013,51,normal_alto_risco,0,429,0,0,604109.836908,864336297.437696,327523.2918,276586.545108,0,0,1256,10154,0,0,337190.13,0
2013,51,normal_alto_risco,1,4,1,4,26697.222828,225710064.163153,21313.160256,5384.062572,19297.538592,134062100.125605,38,420,22,174,14901.33,10771.12
2013,52,cesarea,0,17115,5,0,21397069.0178639,27119883618.0924,13486827.7104602,7910241.30740383,0,0,41394,181392,0,0,11942994.54,0
2013,52,cesarea,1,21,1,21,90145.357296,539304719.902222,71789.662824,18355.694472,54033.509376,264082546.898356,174,1874,63,359,50315.56,30159.36
2013,52,cesarea_alto_risco,0,1201,1,0,2501193.171384,5239570041.66439,1517397.698256,983795.473128001,0,0,6734,56950,0,0,1396066.74,0
2013,52,cesarea_alto_risco,1,167,4,167,891495.304764,5522496654.54761,682825.108692,208670.196072,535189.045248,2417201250.99721,1392,17490,624,3286,497597.29,298721.28
2013,52,cesarea_laqueadura,0,714,0,0,1019272.68258,1528120476.95963,654846.873948,364425.808632,0,0,1925,9373,0,0,568917.55,0
2013,52,cesarea_laqueadura,1,12,0,12,53705.8974,276077455.529629,41001.285564,12704.611836,30018.61632,111076503.012957,91,1025,35,151,29976.5,16755.2
2013,52,normal,0,19461,1,0,18558291.0365761,18029721260.8764,10621652.9576638,7936638.07891194,0,0,38313,137411,0,0,10358501.3600001,0
2013,52,normal,1,2,0,2,26601.748464,543888423.889155,22394.534184,4207.21428,22299.543552,395756017.357425,30,692,26,538,14848.04,12446.72
2013,52,normal_alto_risco,0,1033,0,0,1423282.854084,1977863319.26077,760950.836580001,662332.017504,0,0,4912,33622,0,0,794419.99,0
2013,52,normal_alto_risco,1,11,0,11,51717.902208,366161747.294439,40923.54804,10794.354168,37737.689088,251577245.234646,79,833,44,342,28866.88,21063.68
2013,53,cesarea,0,14471,1,0,19495867.5832918,26575045075.6444,11718136.326348,7777731.25694394,0,0,56341,511797,0,0,10881819.3699999,0
2013,53,cesarea,1,19,0,19,83166.770724,431560409.302784,64255.662336,18911.108388,53175.834624,214796946.223732,205,4057,62,292,46420.39,29680.64
2013,53,cesarea_alto_risco,0,1616,0,0,3395006.57364,7310723306.55842,2131940.613192,1263065.960448,0,0,9574,140266,0,0,1894957.9,0
2013,53,cesarea_alto_risco,1,33,0,33,177191.497416,1211349813.36096,135382.719816,41808.7776,95201.897472,502418884.489073,566,19266,111,683,98901.26,53137.92
2013,53,cesarea_laqueadura,0,235,0,0,392777.914464,685073179.472731,239559.816648,153218.097816,0,0,886,5900,0,0,219233.04,0
2013,53,cesarea_laqueadura,1,3,0,3,14393.194836,78900993.6602673,10825.599672,3567.595164,8576.74752,33837875.09004,18,134,10,46,8033.71,4787.2
2013,53,normal,0,25531,0,0,26902837.5577679,28710772200.4281,13931384.6565239,12971452.901244,0,0,72431,373443,0,0,15016095.98,0
2013,53,normal,1,2,0,2,9264.650256,44781503.3506735,7175.125092,2089.525164,6861.398016,25010603.3274209,18,212,8,34,5171.16,3829.76
2013,53,normal_alto_risco,0,611,0,0,869980.840331999,1283419661.97945,475665.625572,394315.21476,0,0,2820,38598,0,0,485588.77,0
2013,53,normal_alto_risco,1,2,0,2,10740.355344,61247100.5003047,8324.973972,2415.381372,7719.072768,33102269.1098218,24,306,9,45,5994.84,4308.48
2014,11,cesarea,0,7587,0,0,8998997.18181794,11434725972.273,6128819.73960195,2870177.44221599,0,0,21298,223712,0,0,5352085.86999996,0
2014,11,cesarea,1,22,7,22,106321.866182,786248069.845003,86479.177176,19842.689006,74052.622336,462597670.679881,213,3507,92,714,63234.13,44042.24
2014,11,cesarea_laqueadura,0,836,0,0,1092464.26086,1525559524.57672,734611.73072,357852.53014,0,0,2350,14094,0,0,649734.9,0
2014,11,cesarea_laqueadura,1,2,1,2,6217.598618,20206758.4924503,4825.517116,1392.081502,3219.679232,6478958.97310757,15,113,4,10,3697.87,1914.88
2014,11,normal,0,8421,0,0,7692527.75901405,7436295358.61831,4466024.19520602,3226503.56380801,0,0,15861,91439,0,0,4575073.01000003,0
2014,11,normal,1,1,0,1,1660.079848,2755865.1017357,1140.863528,519.21632,804.919808,647895.897310757,2,4,1,1,987.32,478.72
2014,12,cesarea,0,3363,0,0,4161482.873282,5213826817.24752,2499027.94689799,1662454.926384,0,0,9613,35173,0,0,2475010.63,0
2014,12,cesarea_alto_risco,0,1611,0,0,3122819.74697,6062734834.11936,1912387.470084,1210432.276886,0,0,5480,27580,0,0,1857273.55,0
2014,12,cesarea_alto_risco,1,4,1,4,16419.03914,68238424.8941545,12176.749242,4242.289898,7244.278272,13605813.8435259,29,217,9,21,9765.1,4308.48
2014,12,cesarea_laqueadura,0,33,0,0,59183.564972,106334446.310452,36012.275642,23171.28933,0,0,92,322,0,0,35198.98,0
2014,12,normal,0,8214,1,0,7738221.48541395,7410002770.52462,4107673.14678003,3630548.33863402,0,0,14831,87097,0,0,4602249.00999997,0
2014,12,normal,1,2,0,2,6387.453646,24026850.740226,4618.957126,1768.49652,4024.59904,11014230.2542829,10,58,5,17,3798.89,2393.6
2014,12,normal_alto_risco,0,155,0,0,201428.912062,262661718.636476,106987.280232,94441.63183,0,0,345,1249,0,0,119798.33,0
2014,13,cesarea,0,16397,1,0,21682903.0032019,29611113955.7711,14283720.8465143,7399182.15668785,0,0,63862,397190,0,0,12895743.4299999,0
2014,13,cesarea,1,5,0,5,23822.461922,114023758.513293,18925.771144,4896.690778,16903.315968,57662734.8606574,67,997,21,89,14168.23,10053.12
2014,13,cesarea_alto_risco,0,68,0,0,132061.090476,258038230.718909,86270.36411,45790.726366,0,0,589,8161,0,0,78542.34,0
2014,13,cesarea_alto_risco,1,2,0,2,9082.452008,41580332.7921791,7291.256588,1791.19542,5634.438656,16197397.4327689,16,146,7,25,5401.72,3351.04
2014,13,cesarea_laqueadura,0,90,0,0,98377.772416,109863203.479136,65981.4988,32396.273616,0,0,260,850,0,0,58509.44,0
2014,13,normal,0,33822,2,0,33122212.9377297,33400984363.5585,18510298.0446996,14611914.8930302,0,0,86269,899259,0,0,19699186.9499998,0
2014,13,normal,1,2,0,2,5588.435552,17696124.3031492,4131.990058,1456.445494,3219.679232,6478958.97310757,18,260,4,10,3323.68,1914.88
2014,13,normal_alto_risco,0,5,0,0,6439.610674,8294595.79469001,3547.484976,2892.125698,0,0,23,117,0,0,3829.91,0
2014,14,cesarea,0,122,0,0,152047.371042,189712978.444064,84098.651056,67948.719986,0,0,353,1221,0,0,90429.03,0
2014,14,cesarea_alto_risco,0,1595,0,0,3047903.03636,5831055983.23989,1845421.982376,1202481.053984,0,0,5347,23837,0,0,1812717.4,0
2014,14,cesarea_laqueadura,0,133,0,0,234621.664858,414197747.419534,141452.331594,93169.333264,0,0,403,1389,0,0,139539.47,0
2014,14,normal,0,4478,0,0,4334770.98380198,4229457568.16935,2173028.41322001,2161742.57058199,0,0,8754,26752,0,0,2578072.42999999,0
2014,14,normal_alto_risco,0,978,0,0,1270520.872222,1655161103.8827,675350.131974001,595170.740248,0,0,2539,9433,0,0,755632.73,0
2014,15,cesarea,0,45719,10,0,53219842.0329109,63165242044.4908,33702354.4672635,19517487.5656466,0,0,102312,435634,0,0,31652100.6500005,0
2014,15,cesarea,1,52,4,52,214468.757552,1297246953.60709,172504.9144,41963.843152,127941.963128,551950332.112519,340,3972,156,814,127553.68,76092.52
2014,15,cesarea_alto_risco,0,3452,3,0,6732525.21580802,13238320491.363,4178867.893536,2553657.32227199,0,0,14687,133357,0,0,4004118.72000001,0
2014,15,cesarea_alto_risco,1,21,4,21,167505.69185,2920900390.22441,135199.289064,32306.402786,123152.730624,2193127612.39691,332,11974,153,3385,99622.75,73244.16
2014,15,cesarea_laqueadura,0,361,0,0,401363.362176,451724339.136938,260856.397732,140506.964444,0,0,912,4638,0,0,238707.84,0
2014,15,cesarea_laqueadura,1,1,0,1,3294.299764,10852410.9350905,2477.20662,817.093144,1770.816852,3135792.32332719,4,16,2,4,1959.26,1053.18
2014,15,normal,0,56147,6,0,48782383.8148624,43137423479.3691,27804766.4715392,20977617.3433271,0,0,90753,520923,0,0,29012955.7599991,0
2014,15,normal,1,15,1,15,51473.572528,274823560.909367,40229.68082,11243.891708,34973.742118,158483372.925171,76,768,43,243,30613.52,20800.37
2014,15,normal_alto_risco,0,2608,0,0,3350352.91526599,4333073218.4977,1816386.18842801,1533966.726838,0,0,8468,52882,0,0,1992597.19,0
2014,15,normal_alto_risco,1,10,2,10,54040.95263,413234327.869287,43108.893366,10932.059264,37026.311168,238425690.210359,139,4427,46,368,32140.45,22021.12
2014,16,cesarea,0,2858,2,0,3337399.72913199,3911404030.28324,2010771.37960999,1326628.349522,0,0,9341,61397,0,0,1984893.38,0
2014,16,cesarea,1,2,0,2,4885.408584,12449124.5171977,3613.83302,1271.575564,2414.759424,3239479.48655378,9,45,3,5,2905.56,1436.16
2014,16,normal,0,9902,2,0,8774749.53637801,7807874265.60764,4714833.69821802,4059915.83816001,0,0,25296,518466,0,0,5218716.27000001,0
2014,17,cesarea,0,7875,0,0,9727633.82224197,12140036268.7722,5846870.63284797,3880763.18939399,0,0,19064,56928,0,0,5785437.02999998,0
2014,17,cesarea,1,8,1,8,53778.099368,992929115.313149,44224.048288,9554.05108,40245.9904,704910736.274104,76,1558,50,1088,31984.12,23936
2014,17,cesarea_alto_risco,0,1316,0,0,2539956.837908,4913117042.77348,1566188.11804,973768.719868002,0,0,4025,15659,0,0,1510620.22,0
2014,17,cesarea_alto_risco,1,9,0,9,31219.377686,111382628.136468,23100.92274,8118.454946,12878.716928,20732668.7139442,60,632,16,32,18567.49,7659.52
2014,17,cesarea_laqueadura,0,491,0,0,659122.50341,919848051.683597,404555.449634,254567.053776,0,0,1132,3182,0,0,392008.15,0
2014,17,cesarea_laqueadura,1,1,0,1,3820.611592,14597072.9369248,3013.82543,806.786162,2414.759424,5831063.07579681,7,49,3,9,2272.28,1436.16
2014,17,normal,0,10625,0,0,10146160.1589879,9817965307.85444,5402494.23391999,4743665.92506803,0,0,18716,47854,0,0,6034352.41999997,0
2014,17,normal_alto_risco,0,537,0,0,687681.284178,883013029.580172,368023.638206,319657.645972,0,0,1236,3708,0,0,408993.27,0
2014,21,cesarea,0,14325,1,0,16216149.7470839,18696253061.3959,10468207.4947099,5747942.25237395,0,0,37188,434114,0,0,9644433.05999996,0
2014,21,cesarea,1,6,1,6,36303.914472,323292884.332364,29496.228524,6807.685948,25505.711462,186109678.288937,94,1982,31,283,21591.48,15169.33
2014,21,cesarea_alto_risco,0,3310,1,0,6920802.31795401,14576833661.2405,4411304.276442,2509498.04151199,0,0,14016,100512,0,0,4116095.11,0
2014,21,cesarea_alto_risco,1,15,2,15,132368.38314,2346541863.4971,106736.02863,25632.35451,97493.994948,1701201436.78374,250,7072,114,2326,78725.1,57983.82
2014,21,cesarea_laqueadura,0,183,0,0,273137.141564,448581003.929241,174078.166752,99058.974812,0,0,486,1610,0,0,162446.26,0
2014,21,normal,0,59509,8,0,51288823.473845,45073782575.4498,29016210.699015,22272612.7748323,0,0,103412,696716,0,0,30503641.8899994,0
2014,21,normal,1,2,0,2,8322.610534,35136169.2401634,6402.619874,1919.99066,5986.473374,18284624.2130668,21,245,7,25,4949.81,3560.41
2014,21,normal_alto_risco,0,5752,0,0,7524700.95339204,9874760048.98283,3974505.45970801,3550195.49368397,0,0,17461,205991,0,0,4475259.28000002,0
2014,21,normal_alto_risco,1,3,1,3,21058.879254,190379269.561061,16919.625548,4139.253706,16248.999158,123604059.680332,30,398,19,169,12524.61,9663.97
2014,22,cesarea,0,16093,2,0,18786383.0503716,22390780966.0444,11813003.65707,6973379.39330196,0,0,45487,246805,0,0,11173059.9799998,0
2014,22,cesarea,1,53,2,53,118688.310972,375448645.701061,84615.816068,34072.494904,44013.33524,152359973.102045,345,3371,115,465,70588.98,26176.6
2014,22,cesarea_alto_risco,0,1308,1,0,2592230.908162,5236017653.79577,1626220.31922,966010.588942001,0,0,6609,73125,0,0,1541709.83,0
2014,22,cesarea_alto_risco,1,241,4,241,706973.97043,2304816829.85581,501342.886674,205631.083756,169676.7996,235423036.43112,2507,44459,726,4310,420467.45,100914
2014,22,cesarea_laqueadura,0,31,0,0,54756.253818,96850137.1636721,33345.760196,21410.493622,0,0,84,288,0,0,32565.87,0
2014,22,normal,0,21156,1,0,18638196.4931962,16745671376.2215,10430791.6704182,8207404.82277807,0,0,37008,196786,0,0,11084927.1400001,0
2014,22,normal,1,15,0,15,24470.069946,41523248.0888663,16794.109038,7675.960908,8023.909824,5767263.68965347,91,745,27,73,14553.39,4772.16
2014,22,normal_alto_risco,0,239,0,0,324220.057616,466464312.198681,176401.458016,147818.5996,0,0,972,13736,0,0,192827.44,0
2014,22,normal_alto_risco,1,8,0,8,15430.022846,30223889.1209959,10194.07599,5235.946856,3973.1482,2348768.11288588,61,503,17,43,9176.89,2363
2014,23,cesarea,0,42712,5,0,49116509.8910221,57017506278.4388,30709772.5510527,18406737.3399705,0,0,98354,391408,0,0,29211674.7300001,0
2014,23,cesarea,1,27,3,27,75743.404548,244446322.161151,58537.621534,17205.783014,39208.23032,87534114.6004966,172,1602,70,234,45047.82,23318.8
2014,23,cesarea_alto_risco,0,5601,4,0,11128042.508184,22347551695.3107,6853623.79686597,4274418.71131797,0,0,28095,237623,0,0,6618319.55999999,0
2014,23,cesarea_alto_risco,1,129,4,129,772547.881056,7967199046.501,608904.348192,163643.532864,483756.804608,4749724823.18516,1250,19152,601,7331,459467.04,287710.72
2014,23,cesarea_laqueadura,0,2379,1,0,3240614.746936,4604912567.79811,2071335.23946999,1169279.507466,0,0,6010,27888,0,0,1927331.24,0
2014,23,cesarea_laqueadura,1,8,0,8,28266.149912,102825084.956805,20456.551332,7809.59858,12878.716928,23324252.3031873,59,489,16,36,16811.08,7659.52
2014,23,normal,0,47688,3,0,41200717.4330074,36064055202.4823,23399170.2454436,17801547.1875643,0,0,76078,415600,0,0,24503816.7199997,0
2014,23,normal,1,1,0,1,2703.556688,7309218.76522953,1952.408052,751.148636,1609.839616,2591583.58924303,6,36,2,4,1607.92,957.44
2014,23,normal_alto_risco,0,2318,0,0,3042648.12331199,4099392758.14433,1632297.11740201,1410351.00591,0,0,7472,59440,0,0,1809592.08,0
2014,23,normal_alto_risco,1,7,0,7,37860.739546,282741557.172769,30386.462568,7474.276978,28172.19328,193720873.295916,55,629,35,299,22517.39,16755.2
2014,23,normal_cpn,0,261,0,0,194969.309542,145673154.533987,117820.288222,77149.0213200001,0,0,391,695,0,0,115956.53,0
2014,24,cesarea,0,15016,3,0,17838274.8652779,21427611618.2294,10934048.27613,6904226.58914793,0,0,37095,183347,0,0,10609179.7699999,0
2014,24,cesarea,1,130,2,130,503931.839138,2579571338.66591,393902.973562,110028.865576,346920.437248,1524499046.37221,759,7059,431,2353,299709.67,206328.32
2014,24,cesarea_alto_risco,0,3564,1,0,6932318.22655401,13537344238.0927,4244516.84504401,2687801.38150999,0,0,14129,110249,0,0,4122944.11000001,0
2014,24,cesarea_alto_risco,1,223,1,223,860597.26725,3579561174.08949,632456.642762,228140.624488,418558.30016,1028858684.92948,1494,15492,520,1588,511833.75,248934.4
2014,24,cesarea_laqueadura,0,596,0,0,978364.322348,1653772334.80259,601185.293002,377179.029346,0,0,1937,9543,0,0,581874.82,0
2014,24,cesarea_laqueadura,1,40,0,40,155536.39374,683308811.711627,115163.726664,40372.667076,79687.060992,228707251.750697,300,3448,99,353,92504.1,47393.28
2014,24,normal,0,14553,0,0,13491454.380586,12647415623.0419,7269946.65891197,6221507.72167406,0,0,31989,131465,0,0,8023940.99000001,0
2014,24,normal,1,16,0,16,53528.983144,298118902.713039,41796.947388,11732.035756,39441.070592,215749333.804482,81,679,49,333,31835.96,23457.28
2014,24,normal_alto_risco,0,1894,0,0,2441134.82279799,3161944201.71031,1294079.203018,1147055.61978,0,0,6748,49944,0,0,1451846.57,0
2014,24,normal_alto_risco,1,39,0,39,115575.114802,382280002.618724,83110.492276,32464.622526,64393.58464,142537097.408367,208,1730,80,220,68737.43,38297.6
2014,25,cesarea,0,17923,2,0,22537961.0494778,28836525268.3609,14119985.7950482,8417975.25442987,0,0,49175,515181,0,0,13404282.7699999,0
2014,25,cesarea,1,176,1,176,833599.077892,5415527612.75072,666826.661396,166772.416496,554589.747712,2984856398.91066,1819,36093,689,4607,495776.78,329838.08
2014,25,cesarea_alto_risco,0,1273,0,0,2530077.049206,5064511994.12602,1571748.709608,958328.339598001,0,0,5512,45332,0,0,1504744.29,0
2014,25,cesarea_alto_risco,1,3,0,3,14383.401788,72414609.0637057,10945.729046,3437.672742,7244.278272,21380564.611255,46,1130,9,33,8554.42,4308.48
2014,25,cesarea_laqueadura,0,744,0,0,1160502.330442,1863718299.43351,731830.459724,428671.870718,0,0,2506,17434,0,0,690200.03,0
2014,25,cesarea_laqueadura,1,16,0,16,66660.061398,328008453.505397,52167.738518,14492.32288,40245.9904,145128680.99761,130,1484,50,224,39645.57,23936
2014,25,normal,0,20645,2,0,20118972.7195242,19908501933.9499,11194625.7127881,8924347.00673606,0,0,45330,223396,0,0,11965607.6600001,0
2014,25,normal,1,19,0,19,84453.86362,609705484.480102,68045.299602,16408.564018,58655.369976,345172219.997601,177,3005,75,541,50228.3,34884.84
2014,25,normal_alto_risco,0,670,0,0,889417.80837,1191740122.03174,480159.129842,409258.678528,0,0,1832,9006,0,0,528974.55,0
2014,25,normal_alto_risco,1,1,0,1,6444.419478,41530542.4084258,5189.086238,1255.33324,3219.679232,10366334.3569721,39,1521,4,16,3832.77,1914.88
2014,26,cesarea,0,30906,1,0,35329799.3332906,40595080502.04,21964354.230603,13365445.1026882,0,0,77450,665946,0,0,21012132.3500004,0
2014,26,cesarea,1,16,0,16,50316.48349,203069576.742606,38355.491496,11960.991994,28172.19328,77099611.7799801,118,2242,35,119,29925.35,16755.2
2014,26,cesarea_alto_risco,0,12482,2,0,24980516.6384616,50442881295.066,15363475.707426,9617040.93103613,0,0,49514,323936,0,0,14856974.3299998,0
2014,26,cesarea_alto_risco,1,1113,11,1113,4691374.738162,24793520419.071,3504752.27907,1186622.459092,2433803.986054,10143755613.4786,7803,74419,2933,14827,2790159.83,1447486.61
2014,26,cesarea_laqueadura,0,966,0,0,1649420.982608,3003652253.12426,1012427.569552,636993.413056,0,0,2989,12693,0,0,980980.72,0
2014,26,cesarea_laqueadura,1,3,0,3,9687.167518,31355963.2394412,6916.001736,2771.165782,3571.781206,4669262.18216142,23,221,4,6,5761.37,2124.29
2014,26,normal,0,50227,1,0,44263281.1003879,39541157968.5346,24530341.9148199,19732939.1855679,0,0,91445,726109,0,0,26325253.4199999,0
2014,26,normal,1,78,0,78,177937.954964,440548834.549768,125645.406124,52292.54884,91760.858112,139945513.819123,339,1815,114,216,105827.26,54574.08
2014,26,normal_alto_risco,0,10054,1,0,13827513.141974,19207288725.0444,7294561.58146794,6532951.56050593,0,0,28604,168010,0,0,8223809.41000001,0
2014,26,normal_alto_risco,1,251,2,251,878064.676104,4780186094.9638,648045.003046,230019.673058,531490.254162,2762033232.00954,1518,11854,629,3831,522222.36,316099.83
2014,27,cesarea,0,17714,3,0,22483890.7227899,28816700070.155,14263518.6069323,8220372.11585783,0,0,40069,223487,0,0,13372124.85,0
2014,27,cesarea,1,62,3,62,189614.285938,675487456.5853,145085.551156,44528.734782,109663.867264,287123223.241079,321,2055,140,450,112771.67,65221.76
2014,27,cesarea_alto_risco,0,1063,0,0,2049311.909176,3966570264.87775,1263193.431906,786118.477270001,0,0,4954,38536,0,0,1218812.84,0
2014,27,cesarea_alto_risco,1,71,3,71,272107.35132,1183506498.81013,201958.519434,70148.831886,127256.691744,360470494.389666,488,5176,195,795,161833.8,75684.96
2014,27,cesarea_laqueadura,0,2,0,0,3529.527624,6231551.70050719,2130.316986,1399.210638,0,0,9,41,0,0,2099.16,0
2014,27,normal,0,20696,0,0,18970925.8135601,17595724493.1224,10734448.7104539,8236477.103106,0,0,32626,138562,0,0,11282815.4,0
2014,27,normal,1,7,0,7,14251.21012,30040572.2814222,10576.325466,3674.884654,7244.278272,8422646.66503984,28,122,9,13,8475.8,4308.48
2014,27,normal_alto_risco,0,979,0,0,1264500.770848,1645608178.3033,667593.884216001,596906.886632,0,0,3243,19347,0,0,752052.319999999,0
2014,27,normal_alto_risco,1,10,1,10,42443.74834,298466118.719662,33158.435422,9285.312918,26484.74024,155197577.363971,82,1158,40,278,25243.1,15751.6
2014,28,cesarea,0,6206,0,0,7438382.31628794,8939987521.91491,4470338.16318597,2968044.15310197,0,0,15545,68157,0,0,4423921.91999997,0
2014,28,cesarea,1,17,1,17,57514.170168,205423151.924828,44518.242846,12995.927322,36221.39136,87465946.1369522,71,335,45,135,34206.12,21542.4
2014,28,cesarea_alto_risco,0,101,1,0,192169.828984,366153042.862568,118065.234574,74104.59441,0,0,351,1455,0,0,114291.56,0
2014,28,cesarea_laqueadura,0,41,0,0,53579.610098,72839029.9938708,32308.26914,21271.340958,0,0,101,373,0,0,31866.07,0
2014,28,normal,0,17739,0,0,16138565.9325381,14745195677.7257,8697173.57397008,7441392.35856804,0,0,28666,107440,0,0,9598290.67000007,0
2014,28,normal,1,12,0,12,45333.873172,188127272.868753,35832.937518,9500.935654,32196.79232,98480176.391235,59,337,40,152,26961.98,19148.8
2014,28,normal_alto_risco,0,252,0,0,319358.693051999,405255615.29979,167698.834268,151659.858784,0,0,620,2186,0,0,189936.18,0
2014,29,cesarea,0,46246,15,0,51851114.5884202,58661783802.469,32496385.0463278,19354729.5420925,0,0,120177,847679,0,0,30838060.3000001,0
2014,29,cesarea,1,44,6,44,279686.026424,2867627639.01301,230646.280396,49039.746028,209279.15008,1871123351.43347,408,5956,260,2888,166341.16,124467.2
2014,29,cesarea_alto_risco,0,7769,5,0,14667805.2175199,27833642385.0743,9059764.52470593,5608040.69281398,0,0,31794,354232,0,0,8723566.79999993,0
2014,29,cesarea_alto_risco,1,145,1,145,675554.422074,3871238948.5143,514096.87735,161457.544724,377507.389952,1632049765.3258,999,19149,469,2519,401780.91,224519.68
2014,29,cesarea_laqueadura,0,748,1,0,902720.557564,1147610302.63006,565010.375538,337710.182026,0,0,1730,5942,0,0,536886.26,0
2014,29,cesarea_laqueadura,1,2,0,2,10058.168428,50881548.2688679,7748.361992,2309.806436,5634.438656,16197397.4327689,9,45,7,25,5982.02,3351.04
2014,29,normal,0,95736,14,0,80714707.2660434,68932221899.6203,45410661.2135595,35304046.0524938,0,0,170937,1627163,0,0,48004464.8899985,0
2014,29,normal,1,6,0,6,14206.837974,39648587.8624889,10757.00871,3449.829264,8049.19808,15549501.5354582,34,262,10,24,8449.41,4787.2
2014,29,normal_alto_risco,0,6860,0,0,8679379.08237405,11046850025.5932,4597582.22761602,4081796.85475796,0,0,19432,101752,0,0,5161995.41000003,0
2014,29,normal_alto_risco,1,21,1,21,84452.753896,413441982.670377,64073.546964,20379.206932,52319.78752,195016665.090538,107,707,65,301,50227.64,31116.8
2014,29,normal_cpn,0,321,0,0,276992.1546,239215355.832263,153057.16944,123934.98516,0,0,562,1492,0,0,164739,0
2014,31,cesarea,0,63772,8,0,78675487.0524127,98512861300.3768,48257614.4359687,30417872.6164445,0,0,149582,633844,0,0,46791654.0099992,0
2014,31,cesarea,1,217,4,217,852362.375354,4605005665.08464,668681.312852,183681.062502,513162.489742,2140667133.64771,1307,12437,586,2920,506936.11,305199.53
2014,31,cesarea_alto_risco,0,12643,3,0,25673962.9724476,52633376069.0216,15865950.7143481,9808012.25810013,0,0,41457,205377,0,0,15269396.3199998,0
2014,31,cesarea_alto_risco,1,189,8,189,873483.214198,5088653679.78917,670503.580544,202979.633654,426578.07374,1685303707.3424,1454,18152,509,2425,519497.57,253704.1
2014,31,cesarea_laqueadura,0,3492,0,0,5617551.27970399,9585571071.51959,3497154.04928399,2120397.23041999,0,0,8850,35204,0,0,3340996.36,0
2014,31,cesarea_laqueadura,1,31,1,31,111134.99138,445853441.654164,84515.974536,26619.016844,56968.068262,137203895.749095,163,1253,68,192,66096.7,33881.33
2014,31,normal,0,86140,3,0,85259257.1792633,86288131166.3231,46085578.5531716,39173678.6260946,0,0,156365,560265,0,0,50707301.7599996,0
2014,31,normal,1,44,2,44,162901.026624,797023993.814811,125633.585882,37267.440742,107708.04597,403684537.822082,257,2703,121,529,96884.16,64058.55
2014,31,normal_alto_risco,0,10024,0,0,13894702.070928,19489771102.6051,7424466.44458393,6470235.62634395,0,0,24362,102058,0,0,8263769.52000002,0
2014,31,normal_alto_risco,1,18,1,18,68467.633654,323740652.078014,51462.660242,17004.973412,40233.850692,149376912.764989,131,1327,44,178,40720.61,23928.78
2014,31,normal_cpn,0,1330,0,0,1284255.186354,1255604410.43336,717477.743485999,566777.442867999,0,0,1805,2827,0,0,763801.11,0
2014,32,cesarea,0,14968,1,0,17660655.6869399,20978212088.1788,10845695.2795379,6814960.40740188,0,0,38846,163076,0,0,10503542.1,0
2014,32,cesarea,1,17,1,17,62510.383012,276131136.675322,49471.126012,13039.257,37026.311168,119212845.105179,78,526,46,184,37177.58,22021.12
2014,32,cesarea_alto_risco,0,2390,1,0,4682979.52477601,9247156541.74212,2875130.52715,1807848.997626,0,0,7477,36547,0,0,2785166.84,0
2014,32,cesarea_alto_risco,1,21,0,21,85269.00634,378179563.321758,63915.14227,21353.86407,40245.9904,104959135.364343,110,1020,50,162,50713.1,23936
2014,32,cesarea_laqueadura,0,144,0,0,195329.16277,275292821.089152,120847.161316,74482.001454,0,0,334,982,0,0,116170.55,0
2014,32,cesarea_laqueadura,1,2,0,2,5669.781684,16137608.887295,4166.643712,1503.137972,2414.759424,3239479.48655378,10,50,3,5,3372.06,1436.16
2014,32,normal,0,15508,3,0,14330393.7698321,13369067090.5945,7720266.48737389,6610127.28245799,0,0,37942,169414,0,0,8522893.88000005,0
2014,32,normal,1,2,0,2,5465.81105,15513410.5766629,4216.19457,1249.61648,3219.679232,6478958.97310757,9,41,4,10,3250.75,1914.88
2014,32,normal_alto_risco,0,719,0,0,953084.137067999,1280005307.63821,504196.340172,448887.796896,0,0,2141,12837,0,0,566839.62,0
2014,32,normal_alto_risco,1,1,0,1,3919.561982,15362966.1307398,2947.393316,972.168666,2414.759424,5831063.07579681,12,144,3,9,2331.13,1436.16
2014,33,cesarea,0,20361,7,0,24116762.4922699,29034780925.9222,14738572.6196523,9378189.87261785,0,0,68428,696690,0,0,14343263.0499999,0
2014,33,cesarea,1,78,4,78,347500.200782,2357680635.16208,276856.936412,70643.26437,224196.514066,1297838447.03208,677,9301,338,2962,206673.13,133339.19
2014,33,cesarea_alto_risco,0,4113,2,0,8132219.13861001,16201378786.2106,5020527.68709801,3111691.45151199,0,0,22034,217480,0,0,4836576.15000001,0
2014,33,cesarea_alto_risco,1,243,4,243,974148.699454,5716723161.43258,723654.030106,250494.669348,463143.681308,2401546992.1813,2191,29507,802,4602,579367.61,275451.22
2014,33,cesarea_laqueadura,0,1331,0,0,1988819.004396,3170777508.17501,1226436.850926,762382.15347,0,0,5208,48406,0,0,1182835.14,0
2014,33,cesarea_laqueadura,1,23,0,23,70042.83643,233860128.354429,49833.854434,20208.981996,26566.153628,51824018.1197784,163,1575,52,146,41657.45,15800.02
2014,33,normal,0,79428,2,0,73895732.0117226,69569486639.1932,38788716.6315495,35107015.3801781,0,0,217058,1424556,0,0,43948930.6599992,0
2014,33,normal,1,165,1,165,459829.910932,1562529132.19078,337739.068478,122090.842454,286734.589736,763224133.51131,792,5078,391,1417,273480.38,170533.24
2014,33,normal_alto_risco,0,3752,1,0,4892649.331332,6439005373.45316,2561895.07254801,2330754.25878399,0,0,14961,96995,0,0,2909866.38,0
2014,33,normal_alto_risco,1,53,0,53,141617.276934,493644429.142789,99609.179334,42008.0976,67031.650798,167751297.398912,368,4164,122,422,84225.81,39866.57
2014,33,normal_cpn,0,11,0,0,9879.687818,9059924.6130595,5809.775048,4069.91277,0,0,55,529,0,0,5875.87,0
2014,35,cesarea,0,116820,17,0,141838622.029071,173319666577.774,85631219.3120241,56207402.7170475,0,0,313842,1195346,0,0,84357453.3300056,0
2014,35,cesarea,1,464,12,464,1749412.54593,10949894027.8972,1375893.672174,373518.873756,1098817.212178,6205234691.81938,3258,35994,1409,9645,1040449.95,653513.27
2014,35,cesarea_alto_risco,0,28512,12,0,55271705.0630489,108233815163.156,33952990.3910267,21318714.6720244,0,0,97542,559692,0,0,32872430.7499994,0
2014,35,cesarea_alto_risco,1,474,12,474,2329616.051868,17659764962.8421,1800213.154922,529402.896946,1280775.209588,8189269166.16334,3948,65128,1657,12477,1385521.62,761731.42
2014,35,cesarea_laqueadura,0,8141,0,0,12045350.8921479,18643568776.4322,7407744.56848997,4637606.32365796,0,0,22638,106420,0,0,7163881.81999994,0
2014,35,cesarea_laqueadura,1,69,0,69,269224.237926,1446180911.43168,205518.177746,63706.06018,126267.288728,434422378.551312,557,6607,154,622,160119.09,75096.52
2014,35,normal,0,184181,11,0,177204239.369026,172414966277.118,93505573.919238,83698665.4498008,0,0,469769,1754387,0,0,105390888.169993,0
2014,35,normal,1,104,5,104,349211.765098,1983007324.60494,270880.147902,78331.617196,224659.622068,940167723.648766,640,5732,284,1450,207691.07,133614.62
2014,35,normal_alto_risco,0,15244,2,0,20230539.746634,27094076931.1381,10585762.5252678,9644777.22136589,0,0,47113,219271,0,0,12031961.31,0
2014,35,normal_alto_risco,1,76,3,76,355729.207778,4841731496.00492,278085.014158,77644.19362,227400.52265,2806888465.26169,626,10100,290,4148,211567.27,135244.75
2014,35,normal_cpn,0,1009,0,0,980207.052678001,953189283.909096,477879.723118,502327.329560001,0,0,3186,14710,0,0,582970.770000001,0
2014,41,cesarea,0,37281,7,0,45345880.9909845,55671062758.7208,28297829.2030288,17048051.7879566,0,0,99253,380717,0,0,26969121.5600003,0
2014,41,cesarea,1,127,6,127,446219.499166,2168605783.57415,349862.164246,96357.33492,252355.878264,1008098485.59987,765,8163,327,1751,265385.69,150086.76
2014,41,cesarea_alto_risco,0,3867,2,0,7637000.09569001,15169333686.8986,4729285.36484601,2907714.73084399,0,0,14413,85051,0,0,4542048.35,0
2014,41,cesarea_alto_risco,1,36,0,36,182487.117176,1314429211.03094,142081.528288,40405.588888,95834.940754,542885426.221309,302,4064,116,778,108532.84,56997.11
2014,41,cesarea_laqueadura,0,1530,0,0,2347896.383994,3690989839.52251,1474508.320222,873388.063772001,0,0,4466,21498,0,0,1396393.71,0
2014,41,cesarea_laqueadura,1,5,0,5,13142.007354,36652994.4660109,9651.505024,3490.50233,5684.72933,8506135.73625176,20,94,7,13,7816.11,3380.95
2014,41,normal,0,49919,1,0,46891890.8125787,44467252566.2427,26305779.8425103,20586110.9700669,0,0,121758,572514,0,0,27888599.2700004,0
2014,41,normal,1,23,1,23,66626.382956,216838269.757098,52021.826626,14604.55633,38636.150784,80339091.2665339,118,750,48,124,39625.54,22978.56
2014,41,normal_alto_risco,0,2530,0,0,3365578.160406,4514384806.01565,1805096.209546,1560481.95086,0,0,8125,38009,0,0,2001652.29,0
2014,41,normal_alto_risco,1,6,0,6,24210.461786,103740466.32569,18337.398842,5873.062944,14689.71924,41505370.7726576,43,331,18,62,14398.99,8736.6
2014,42,cesarea,0,22248,4,0,27667968.9108899,34892257286.7523,17069012.4061944,10598956.5046959,0,0,54500,207172,0,0,16455316.35,0
2014,42,cesarea,1,67,3,67,257746.614804,1601070699.78883,205992.618384,51753.99642,141458.334192,615297760.935661,535,8707,180,968,153292.86,84131.28
2014,42,cesarea_alto_risco,0,4459,0,0,8932447.85742401,18025191445.5524,5546393.557376,3386054.30004798,0,0,15375,96119,0,0,5312506.16,0
2014,42,cesarea_alto_risco,1,10,0,10,37832.021234,146955635.24171,27896.679076,9935.342158,17370.745168,33261180.8198612,55,345,23,55,22500.31,10331.12
2014,42,cesarea_laqueadura,0,660,0,0,988329.711124,1559425340.9739,608742.96742,379586.743704,0,0,1673,5481,0,0,587801.66,0
2014,42,cesarea_laqueadura,1,5,0,5,15837.459694,51221941.8488253,12033.847056,3803.612638,8049.19808,14253709.7408367,33,239,10,22,9419.21,4787.2
2014,42,normal,0,29852,0,0,29114712.8950302,28819834319.5806,15941318.9312996,13173393.9637301,0,0,60149,189147,0,0,17315756.4500001,0
2014,42,normal,1,7,0,7,37339.387848,445969579.848899,30269.924734,7069.463114,27187.632696,313330329.020668,114,6388,87,5367,22207.32,16169.64
2014,42,normal_alto_risco,0,2852,0,0,3837637.818308,5211867221.46795,2061667.23991201,1775970.578396,0,0,7838,37930,0,0,2282406.22,0
2014,42,normal_alto_risco,1,1,0,1,2858.430442,8170624.59175232,2019.78175,838.648692,1609.839616,2591583.58924303,2,4,2,4,1700.03,957.44
2014,43,cesarea,0,36073,1,0,45111333.9971006,57347063364.2848,28350514.4932806,16760819.5038207,0,0,106897,631429,0,0,26829626.5000004,0
2014,43,cesarea,1,103,4,103,419693.144276,2291268791.01514,336898.217152,82794.927124,241924.556734,937151290.562146,793,8815,299,1419,249609.34,143882.81
2014,43,cesarea_alto_risco,0,75,0,0,144174.299612,280323052.640119,94035.102938,50139.196674,0,0,463,4801,0,0,85746.58,0
2014,43,cesarea_alto_risco,1,3,0,3,12185.727918,50181561.092207,9430.031016,2755.696902,5131.262892,10239389.5593174,30,342,6,14,7247.37,3051.78
2014,43,cesarea_laqueadura,0,576,0,0,786617.802628001,1112933498.5422,502714.202886,283903.599742,0,0,2040,13370,0,0,467835.02,0
2014,43,cesarea_laqueadura,1,1,0,1,3333.173732,11110047.1276948,2552.835992,780.33774,1710.420964,2925539.87409069,7,49,2,4,1982.38,1017.26
2014,43,normal,0,47877,2,0,45634628.0988226,44090982004.7753,25382665.3657642,20251962.7330573,0,0,107097,388495,0,0,27140851.7300003,0
2014,43,normal,1,22,1,22,88974.795126,679231064.045513,72428.289052,16546.506074,50558.537834,244606786.244057,157,2239,61,347,52917.09,30069.31
2014,43,normal_alto_risco,0,16,0,0,20141.65874,25595418.1639918,11536.9261,8604.73264,0,0,81,643,0,0,11979.1,0
2014,50,cesarea,0,13228,1,0,15451307.3691339,18209500616.0124,9610721.35550791,5840586.01362593,0,0,34946,248084,0,0,9189548.80999994,0
2014,50,cesarea,1,32,0,32,127300.256818,816923471.388774,101741.076836,25559.179982,70883.233778,356426232.592128,288,4902,88,550,75710.87,42157.27
2014,50,cesarea_alto_risco,0,441,0,0,850820.279344,1653206650.93795,524889.918462,325930.360882,0,0,1896,15666,0,0,506018.96,0
2014,50,cesarea_alto_risco,1,1,0,1,3043.737536,9264338.18805535,2168.098044,875.639492,855.210482,731384.968522672,10,100,1,1,1810.24,508.63
2014,50,cesarea_laqueadura,0,730,0,0,907912.670322001,1144240975.97639,565872.446132,342040.22419,0,0,1709,6271,0,0,539974.23,0
2014,50,normal,0,14557,2,0,12738687.1616899,11250100340.0422,7159611.35818596,5579075.803504,0,0,27037,160835,0,0,7576238.34999992,0
2014,50,normal,1,2,0,2,8789.821152,40707799.0839127,7151.902156,1637.918996,6439.358464,22028460.5085657,10,50,8,34,5227.68,3829.76
2014,50,normal_alto_risco,0,198,0,0,249100.452468,315377987.467349,135167.846884,113932.605584,0,0,597,3163,0,0,148150.62,0
2014,50,normal_alto_risco,1,2,1,2,57514.825914,2849239181.43858,49695.761052,7819.064862,47036.57651,1984247419.60201,101,9241,55,2713,34206.51,27974.65
2014,51,cesarea,0,11589,3,0,13786581.79612,16620583742.5817,8408945.16121792,5377636.63490199,0,0,28416,106460,0,0,8199465.80000001,0
2014,51,cesarea,1,24,2,24,102947.481336,650008593.832142,82433.358868,20514.122468,61224.196082,314960895.16424,234,3616,76,486,61227.24,36412.63
2014,51,cesarea_alto_risco,0,1543,2,0,3017617.23921,5930714801.9998,1847754.201874,1169863.037336,0,0,5942,34968,0,0,1794705.15,0
2014,51,cesarea_alto_risco,1,42,3,42,242403.789362,2124969770.8298,191421.25289,50982.536472,138948.844692,1088932335.71026,427,8095,171,1665,144167.83,82638.78
2014,51,cesarea_laqueadura,0,1024,0,0,1608114.785438,2648965869.41356,995969.875026001,612144.910412001,0,0,2384,8098,0,0,956414.17,0
2014,51,cesarea_laqueadura,1,2,0,2,6778.295076,22975746.0325442,5104.192352,1674.102724,2414.759424,3239479.48655378,23,445,3,5,4031.34,1436.16
2014,51,normal,0,18474,1,0,17346405.81009,16533753845.1276,9238531.30898583,8107874.50110413,0,0,32085,127717,0,0,10316644.35,0
2014,51,normal,1,6,0,6,18624.766916,65753860.1525773,13896.636488,4728.130428,11570.621356,28714430.9688663,32,210,14,42,11076.94,6881.54
2014,51,normal_alto_risco,0,620,0,0,809745.442814,1064483479.52627,431064.486104,378680.95671,0,0,1642,8392,0,0,481590.01,0
2014,51,normal_alto_risco,1,2,0,2,4314.80868,9333082.00441506,3067.949696,1246.858984,1609.839616,1295791.79462151,7,25,2,2,2566.2,957.44
2014,52,cesarea,0,19846,1,0,23374060.6381939,27882650083.649,14642616.8198663,8731443.81832779,0,0,48599,212355,0,0,13901546.7099999,0
2014,52,cesarea,1,16,1,16,70651.234206,416052235.561293,57275.024646,13376.20956,44016.546714,185739467.512764,102,778,52,258,42019.29,26178.51
2014,52,cesarea_alto_risco,0,1156,0,0,2260654.860058,4448238730.5016,1384865.908412,875788.951646,0,0,7843,79895,0,0,1344507.47,0
2014,52,cesarea_alto_risco,1,120,3,120,570095.282232,3337170127.6674,433938.015518,136157.266714,324382.682624,1379370365.3746,1115,13553,403,2129,339059.88,192924.16
2014,52,cesarea_laqueadura,0,712,0,0,920882.350990001,1246507205.54269,582992.191908,337890.159082,0,0,2337,107305,0,0,547687.850000001,0
2014,52,cesarea_laqueadura,1,10,0,10,55348.543782,458926049.042121,43756.181924,11592.361858,37831.230976,276651548.151693,118,2616,47,427,32918.13,22499.84
2014,52,normal,0,20019,4,0,18040106.64078,16524959808.637,10216069.9126078,7824036.72817195,0,0,41965,297069,0,0,10729217.7,0
2014,52,normal,1,6,0,6,16119.514544,51513789.4689396,12602.51335,3517.001194,8049.19808,12957917.9462151,38,506,10,20,9586.96,4787.2
2014,52,normal_alto_risco,0,1037,1,0,1350012.150998,1773176977.40142,719059.655048001,630952.49595,0,0,5998,50376,0,0,802909.57,0
2014,52,normal_alto_risco,1,9,1,9,47136.081762,294967177.559244,37114.416528,10021.665234,34611.551744,184650330.733566,78,806,43,285,28033.83,20584.96
2014,53,cesarea,0,13397,7,0,16760759.4273978,21199760696.5581,10095577.627576,6665181.79982194,0,0,51330,378988,0,0,9968335.5699999,0
2014,53,cesarea,1,23,0,23,98367.36455,562757839.964481,75656.476168,22710.888382,65198.504448,325891636.347311,222,2860,81,503,58503.25,38776.32
2014,53,cesarea_alto_risco,0,1592,0,0,3161522.88473,6441516188.71237,1988200.064242,1173322.820488,0,0,9919,153617,0,0,1880291.95,0
2014,53,cesarea_alto_risco,1,99,0,99,525030.954294,3307385235.83163,403693.698506,121337.255788,311503.965696,1457117873.05189,1378,31754,387,2249,312258.21,185264.64
2014,53,cesarea_laqueadura,0,285,0,0,460464.202268,778294699.840646,280848.731338,179615.47093,0,0,1160,9032,0,0,273857.62,0
2014,53,cesarea_laqueadura,1,6,0,6,37577.205064,266871860.739385,29313.342646,8263.862418,20122.9952,110790198.440139,184,7764,25,171,22348.76,11968
2014,53,normal,0,23895,0,0,23253300.8087938,22948026431.0522,12098270.1828379,11155030.625956,0,0,68678,416920,0,0,13829725.7099999,0
2014,53,normal,1,7,0,7,25333.552916,106491595.309402,19144.00005,6189.552866,17708.235776,59606422.5525896,55,473,22,92,15066.94,10531.84
2014,53,normal_alto_risco,0,472,0,0,626437.583856,865264259.043558,341762.490538,284675.093318,0,0,2307,37241,0,0,372569.04,0
2014,53,normal_alto_risco,1,1,0,1,2114.377314,4470591.42595785,1389.727542,724.649772,804.919808,647895.897310757,3,9,1,1,1257.51,478.72
2015,11,cesarea,0,5911,0,0,5885164.88241298,5911122888.08047,3826095.95633397,2059068.92607899,0,0,13139,70969,0,0,3866985.26999999,0
2015,11,cesarea,1,2,0,2,5526.718974,15520269.6834635,4355.616924,1171.10205,3642.81984,6900470.92108277,11,61,5,13,3631.46,2393.6
2015,11,cesarea_alto_risco,0,1620,0,0,3322209.309165,7035838629.77425,2356655.210136,965554.099028999,0,0,7636,80618,0,0,2182935.35,0
2015,11,cesarea_alto_risco,1,10,0,10,67875.887736,568494470.199574,56365.575408,11510.312328,39342.454272,196398018.523125,151,3385,54,370,44599.44,25850.88
2015,11,cesarea_laqueadura,0,1077,0,0,1242101.972304,1521235874.3692,815189.846364,426912.12594,0,0,2716,14886,0,0,816152.16,0
2015,11,cesarea_laqueadura,1,2,0,2,6279.51159,19818672.4382511,4779.039942,1500.471648,3642.81984,6900470.92108277,25,317,5,13,4126.1,2393.6
2015,11,normal,0,7055,1,0,5561540.33516099,4425223726.35538,3115134.19241999,2446406.14274102,0,0,12010,65480,0,0,3654340.18999999,0
2015,11,normal,1,1,0,1,2238.775776,5012116.9752044,1665.628236,573.14754,1457.127936,2123221.82187162,3,9,2,4,1471.04,957.44
2015,11,normal_alto_risco,0,1288,0,0,1844668.037151,2791867814.62466,1158848.700435,685819.336715999,0,0,3951,25057,0,0,1212082.29,0
2015,12,cesarea,0,3084,1,0,3439830.111615,3888388120.54907,2074415.47651799,1365414.635097,0,0,8728,30326,0,0,2260220.85,0
2015,12,cesarea,1,1,0,1,2941.330473,8651424.9513984,2230.253136,711.077337,1457.127936,2123221.82187162,5,25,2,4,1932.67,957.44
2015,12,cesarea_alto_risco,0,1561,0,0,2746000.558629,4840646226.23884,1682294.638995,1063705.919634,0,0,5037,29681,0,0,1804323.91,0
2015,12,cesarea_alto_risco,1,3,0,3,9763.353756,32997137.5239156,7102.7073,2660.646456,4371.383808,7431276.37655067,15,83,6,14,6415.24,2872.32
2015,12,cesarea_laqueadura,0,22,0,0,36205.909686,59660019.0933584,22192.924122,14012.985564,0,0,65,267,0,0,23789.94,0
2015,12,normal,0,8144,2,0,7042026.75761698,6186270679.18558,3724706.15650802,3317320.60110901,0,0,14849,143725,0,0,4627128.42999999,0
2015,12,normal,1,1,0,1,2263.263147,5122360.07256835,1662.173523,601.089624,728.563968,530805.455467905,13,169,1,1,1487.13,478.72
2015,12,normal_alto_risco,0,31,0,0,37218.947202,44830268.4816885,19883.608281,17335.338921,0,0,87,339,0,0,24455.58,0
2015,13,cesarea,0,16652,7,0,19945675.9286999,24905387219.8966,13239444.7331102,6706231.19558986,0,0,64473,395181,0,0,13105772.9999999,0
2015,13,cesarea,1,4,0,4,18595.243836,114918886.551646,14874.320088,3720.923748,13842.715392,76966791.0428462,39,415,19,145,12218.44,9095.68
2015,13,cesarea_alto_risco,0,1203,0,0,2051264.75985,3503707803.10504,1327683.172851,723581.586998999,0,0,5808,49068,0,0,1347831.5,0
2015,13,cesarea_alto_risco,1,13,0,13,84495.918438,1151933706.35052,67893.130863,16602.787575,61927.93728,901838468.839971,189,4877,85,1699,55520.02,40691.2
2015,13,cesarea_laqueadura,0,124,1,0,128876.287842,136595315.855237,83595.22758,45281.060262,0,0,357,1221,0,0,84681.18,0
2015,13,normal,0,36993,16,0,32627279.0222995,29636494358.8715,18063431.2826276,14563847.7396722,0,0,92256,582510,0,0,21438516.9999997,0
2015,13,normal,1,2,0,2,6488.224956,22472330.5049799,4907.731806,1580.49315,4371.383808,10616109.1093581,20,272,6,20,4263.24,2872.32
2015,13,normal_alto_risco,0,10,0,0,11773.87497,13905140.1834796,6594.164415,5179.710555,0,0,48,322,0,0,7736.3,0
2015,13,normal_alto_risco,1,1,0,1,4064.644863,16521337.8623123,3109.683051,954.961812,2914.255872,8492887.28748648,5,25,4,16,2670.77,1914.88
2015,14,cesarea,0,190,0,0,218813.333598,256226274.796009,128716.868817,90096.464781,0,0,530,1720,0,0,143776.42,0
2015,14,cesarea_alto_risco,0,1742,0,0,3036582.54144,5302412479.29994,1848341.61459,1188240.92685,0,0,5836,27826,0,0,1995257.6,0
2015,14,cesarea_laqueadura,0,214,0,0,344279.530548,555251632.366444,209178.626049,135100.904499,0,0,651,2345,0,0,226216.92,0
2015,14,normal,0,5235,0,0,4865688.998901,4561767989.11309,2470046.18069699,2395642.81820401,0,0,10317,32659,0,0,3197114.79,0
2015,14,normal_alto_risco,0,1017,0,0,1201155.207147,1423144959.24198,639503.064855,561652.142292,0,0,2694,10918,0,0,789247.129999999,0
2015,15,cesarea,0,45104,7,0,47665923.0059349,51371835620.4397,30200994.6499705,17464928.3559635,0,0,102369,561495,0,0,31320009.8600006,0
2015,15,cesarea,1,58,1,58,208211.336847,933940178.218453,165119.666706,43091.670141,132954.264549,461201365.787011,377,3083,176,790,136810.13,87360.71
2015,15,cesarea_alto_risco,0,4140,0,0,7395196.25394902,13320174210.2627,4591865.22009301,2803331.03385599,0,0,15665,112617,0,0,4859186.71000001,0
2015,15,cesarea_alto_risco,1,41,3,41,229608.200736,1940582416.7322,183186.156825,46422.043911,133327.206144,804170265.033876,457,8693,183,1515,150869.44,87605.76
2015,15,cesarea_laqueadura,0,396,0,0,390278.92761,391157546.136712,257481.799236,132797.128374,0,0,943,2679,0,0,256441.9,0
2015,15,cesarea_laqueadura,1,2,0,2,8273.444094,36258539.6761911,6507.872685,1765.571409,4808.503926,12845394.4479763,16,160,6,20,5436.26,3159.54
2015,15,normal,0,59280,5,0,46984424.4194116,37971200190.1414,26648272.7662156,20336151.6532002,0,0,93364,458550,0,0,30872215.2699991,0
2015,15,normal,1,6,1,6,31440.155931,307895741.597734,25850.019384,5590.136547,20909.764575,146801746.647626,35,335,26,214,20658.49,13739.25
2015,15,normal_alto_risco,0,2806,0,0,3265665.41273399,3830530348.25026,1756515.23651701,1509150.17621699,0,0,7270,33610,0,0,2145781.85999999,0
2015,15,normal_alto_risco,1,5,2,5,15895.78893,69544014.6674638,11747.69829,4148.09064,9471.331584,37687187.3382213,24,130,13,71,10444.7,6223.36
2015,16,cesarea,0,2719,4,0,2894564.068776,3087827577.39545,1738860.49644299,1155703.572333,0,0,8670,72184,0,0,1901941.04,0
2015,16,cesarea,1,4,1,4,12450.20733,54622167.3082356,9838.748682,2611.458648,6557.075712,20701412.7632483,29,307,9,39,8180.7,4308.48
2015,16,normal,0,9828,1,0,7916655.74775302,6392994202.65401,4256409.04176601,3660246.70598701,0,0,24722,329596,0,0,5201823.87000001,0
2015,16,normal,1,2,1,2,3091.161528,4785464.82361166,2250.463968,840.69756,1457.127936,1061610.91093581,4,10,2,2,2031.12,957.44
2015,17,cesarea,0,7237,5,0,8207630.42642099,9409265842.1083,4912287.73540198,3295342.691019,0,0,18783,62619,0,0,5393015.58999999,0
2015,17,cesarea,1,10,1,10,25748.919567,73688873.6227039,19260.481545,6488.438022,13842.715392,24947856.4069915,50,318,19,47,16918.93,9095.68
2015,17,cesarea_alto_risco,0,1146,3,0,2019986.808021,3577656132.16634,1251677.706228,768309.101793001,0,0,4240,22612,0,0,1327279.59,0
2015,17,cesarea_alto_risco,1,11,0,11,42352.102836,186499113.704113,31879.498023,10472.604813,21128.355072,63165849.2006807,94,866,29,119,27828.44,13882.88
2015,17,cesarea_laqueadura,0,446,1,0,542783.65653,689632412.542268,333531.005265,209252.651265,0,0,1053,2953,0,0,356648.7,0
2015,17,normal,0,9607,11,0,8398475.56021496,7452849638.07691,4465641.938769,3932833.62144602,0,0,19020,62062,0,0,5518414.84999998,0
2015,17,normal,1,1,0,1,1833.859062,3363039.05927952,1129.310676,704.548386,728.563968,530805.455467905,4,16,1,1,1204.98,478.72
2015,17,normal_alto_risco,0,331,0,0,390845.348352,464513868.472891,210215.253015,180630.095337,0,0,1018,5016,0,0,256814.08,0
2015,17,normal_alto_risco,1,1,0,1,5030.564355,25306577.7297966,3981.990474,1048.573881,3642.81984,13270136.3866976,17,289,5,25,3305.45,2393.6
2015,21,cesarea,0,14996,6,0,15618407.664285,16628531385.9826,10059618.817791,5558788.84649394,0,0,39881,337781,0,0,10262440.15,0
2015,21,cesarea,1,15,0,15,52853.273712,212940978.566689,40234.820337,12618.453375,31555.363761,88734494.4957642,178,2836,41,149,34728.48,20734.19
2015,21,cesarea_alto_risco,0,2842,0,0,5395380.601995,10328930316.0005,3448498.290912,1946882.31108299,0,0,11849,92503,0,0,3545161.05,0
2015,21,cesarea_alto_risco,1,14,0,14,133937.001036,3582123647.90075,110010.632814,23926.368222,101405.003607,2523256610.90681,234,6680,131,4211,88006.44,66630.53
2015,21,cesarea_laqueadura,0,197,0,0,266230.68489,395836789.401377,169236.923652,96993.761238,0,0,539,1919,0,0,174933.1,0
2015,21,normal,0,60992,23,0,47763859.5690018,38093329075.1532,26959903.8892033,20803955.6798013,0,0,107674,685888,0,0,31384361.3699992,0
2015,21,normal,1,6,0,6,20405.391696,69574940.6158595,15506.410815,4898.980881,13933.511946,32357125.8582208,59,667,18,54,13407.84,9155.34
2015,21,normal_alto_risco,0,5288,0,0,6281856.62483403,7487455177.42897,3294425.65495501,2987430.96987898,0,0,15103,107325,0,0,4127640.86000002,0
2015,21,normal_alto_risco,1,1,0,1,7621.644762,58089468.878122,6156.739917,1464.904845,6192.671976,38349186.2023358,20,400,8,64,5007.98,4069.04
2015,22,cesarea,0,16628,2,0,17435575.6989477,18597820952.7702,10970098.658343,6465477.04060497,0,0,42753,230185,0,0,11456452.9199998,0
2015,22,cesarea,1,22,0,22,52732.297881,172892804.308849,39867.677181,12864.6207,26981.338968,76505198.7411917,124,1108,64,580,34648.99,17728.72
2015,22,cesarea_alto_risco,0,1995,2,0,3654971.267922,6828571422.43525,2297999.692674,1356971.575248,0,0,11476,134390,0,0,2401584.38,0
2015,22,cesarea_alto_risco,1,296,6,296,773953.676703,2309719775.63507,547113.599001,226840.077702,178331.6763,288777597.997759,2804,43624,843,6453,508544.37,117177
2015,22,cesarea_laqueadura,0,25,0,0,39639.909627,62929893.4598269,24065.774262,15574.135365,0,0,59,157,0,0,26046.33,0
2015,22,normal,0,22224,0,0,17705863.6018292,14372966940.293,9907710.52148117,7798153.08034805,0,0,37680,279288,0,0,11634051.9100001,0
2015,22,normal,1,5,1,5,9138.476835,19002389.194225,6723.571572,2414.905263,3784.113036,3433408.94191074,127,9243,13,55,6004.65,2486.44
2015,22,normal_alto_risco,0,330,0,0,417600.913455,551904177.484262,225452.165778,192148.747677,0,0,1581,19729,0,0,274394.45,0
2015,22,normal_alto_risco,1,12,0,12,26887.833432,72270463.6202376,19190.976372,7696.85706,8250.2199,8726426.71773795,147,3707,39,195,17667.28,5421
2015,23,cesarea,0,44012,15,0,46061762.3324643,48727138756.4744,28878134.8956666,17183627.4367984,0,0,105161,632369,0,0,30265958.5600002,0
2015,23,cesarea,1,33,2,33,133456.811148,889771156.423635,108690.44544,24766.365708,77581.409292,372679965.543742,302,4630,137,877,87690.92,50976.68
2015,23,cesarea_alto_risco,0,6401,2,0,11589574.127958,21280213932.2636,7159048.29672297,4430525.83123497,0,0,32108,265308,0,0,7615200.81999997,0
2015,23,cesarea_alto_risco,1,144,6,144,657153.756675,3752363556.80152,509685.040512,147468.716163,351167.832576,1409819289.72276,1447,21363,482,2656,431798.25,230743.04
2015,23,cesarea_laqueadura,0,1994,1,0,2409056.936118,3039500891.26147,1545181.052184,863875.883934002,0,0,4684,15478,0,0,1582927.22,0
2015,23,cesarea_laqueadura,1,11,0,11,54864.677628,333479543.787354,42930.36396,11934.313668,32056.814592,141194251.154463,99,1181,44,266,36050.12,21063.68
2015,23,normal,0,50053,4,0,39343936.0394966,31356799588.7296,22336750.003104,17007186.0363932,0,0,83531,735313,0,0,25851853.6299998,0
2015,23,normal,1,8,0,8,31385.397969,255358206.773292,25256.874078,6128.523891,23972.36004,190948192.860285,51,757,40,422,20622.51,15751.6
2015,23,normal_alto_risco,0,2760,0,0,3312872.25481799,4033579677.01829,1790166.22614001,1522706.028678,0,0,9428,69668,0,0,2176800.22,0
2015,23,normal_alto_risco,1,16,0,16,70713.10503,489789338.806402,56541.415734,14171.689296,40799.582208,149687138.441949,162,3022,56,282,46463.7,26808.32
2015,23,normal_cpn,0,444,0,0,303731.990199,208002613.938741,182912.001759,120819.98844,0,0,663,1285,0,0,199574.21,0
2015,24,cesarea,0,15260,0,0,16529362.7789879,18086908002.2454,10126312.661016,6403050.11797193,0,0,38252,206462,0,0,10861004.52,0
2015,24,cesarea,1,117,0,117,433148.095971,2183525022.93742,340317.583497,92830.512474,306725.430528,1381686600.58296,648,5448,421,2603,284610.09,201541.12
2015,24,cesarea_alto_risco,0,3542,0,0,6246756.22330801,11060275536.4628,3843931.74163201,2402824.48167599,0,0,13449,93989,0,0,4104577.32000001,0
2015,24,cesarea_alto_risco,1,356,3,356,1354610.819187,6020022127.7277,1018275.28704,336335.532147,729292.531968,2354122195.00016,2103,18557,1001,4435,890078.73,479198.72
2015,24,cesarea_laqueadura,0,608,0,0,900614.123802,1375761933.84411,548219.061504,352395.062298,0,0,1747,6401,0,0,591769.58,0
2015,24,cesarea_laqueadura,1,37,0,37,116367.335172,392790843.203864,83400.409161,32966.926011,53185.169664,102445452.905306,187,1181,73,193,76461.88,34946.56
2015,24,normal,0,14812,3,0,12450228.225687,10598130976.3347,6749420.40430198,5700807.82138505,0,0,34397,160931,0,0,8180713.72999999,0
2015,24,normal,1,17,1,17,57871.267173,274514787.039207,45837.908253,12033.35892,44442.402048,192682380.33485,89,661,61,363,38025.67,29201.92
2015,24,normal_alto_risco,0,2096,0,0,2468100.40110899,2921542608.24555,1322411.17428,1145689.226829,0,0,7226,53658,0,0,1621723.11,0
2015,24,normal_alto_risco,1,46,0,46,117104.026086,353507735.444681,83541.124035,33562.902051,63385.065216,143848278.431802,199,1183,87,271,76945.94,41648.64
2015,25,cesarea,0,14653,3,0,16821113.9310358,19664650984.319,10565030.089161,6256083.84187493,0,0,37333,152523,0,0,11052706.4399999,0
2015,25,cesarea,1,90,1,90,333821.475099,1629506621.5798,262171.138392,71650.336707,209121.53958,770869979.477603,778,12406,292,1466,219345.21,137408.2
2015,25,cesarea_alto_risco,0,3074,6,0,5394253.467636,9566687544.61714,3454015.832829,1940237.63480699,0,0,13301,111955,0,0,3544420.44,0
2015,25,cesarea_alto_risco,1,49,1,49,237599.804169,1388910273.82526,188080.20675,49519.597419,138427.15392,602994997.41154,622,15834,190,1136,156120.51,90956.8
2015,25,cesarea_laqueadura,0,842,0,0,1193030.741844,1748104494.15575,753773.282703,439257.459141,0,0,3063,79579,0,0,783908.760000001,0
2015,25,cesarea_laqueadura,1,21,0,21,114965.056512,782121778.752533,92801.565936,22163.490576,72856.3968,370502207.916598,424,12316,100,698,75540.48,47872
2015,25,normal,0,19066,2,0,16903955.7572402,15223189176.2239,9365882.4355231,7538073.32171706,0,0,40249,169003,0,0,11107139.6000001,0
2015,25,normal,1,11,0,11,38468.229255,155541575.873361,30410.697114,8057.532141,25405.807212,74715521.92171,120,3706,37,149,25276.45,16693.48
2015,25,normal_alto_risco,0,2270,4,0,2575205.74204201,2952633136.42387,1479010.98606301,1096194.755979,0,0,7726,59114,0,0,1692099.18,0
2015,25,normal_alto_risco,1,3,0,3,7028.377704,17822065.8773796,5235.975198,1792.402506,3642.81984,5838860.01014696,13,69,5,11,4618.16,2393.6
2015,26,cesarea,0,27435,8,0,28529958.8445483,29844793396.7255,17790351.3172268,10739607.527322,0,0,68404,583160,0,0,18746276.9200002,0
2015,26,cesarea,1,15,0,15,39873.93219,115447039.823497,29692.679913,10181.252277,21856.91904,41402825.5264966,73,441,30,78,26200.1,14361.6
2015,26,cesarea_alto_risco,0,13111,7,0,23824641.0321626,43632705441.0626,14642928.950976,9181712.08118714,0,0,50157,273217,0,0,15654537.7699998,0
2015,26,cesarea_alto_risco,1,1052,8,1052,3821873.566536,16694628856.8716,2832556.855725,989316.710811,1900762.957863,6119851308.76439,6897,61663,2540,10796,2511251.44,1248940.77
2015,26,cesarea_laqueadura,0,1186,0,0,1931445.42066,3284272286.54418,1192429.058679,739016.361981001,0,0,4034,18844,0,0,1269101.4,0
2015,26,cesarea_laqueadura,1,6,0,6,24573.008313,112213075.873974,18991.409625,5581.598688,14844.216906,49964278.3459113,37,237,19,83,16146.27,9753.74
2015,26,normal,0,53927,9,0,43278761.6149763,35203962568.3424,24022994.0334755,19255767.5815017,0,0,101796,783654,0,0,28437322.8299995,0
2015,26,normal,1,101,0,101,222614.872389,565410126.93816,158854.597947,63760.274442,117298.798848,202236878.533272,515,3403,161,381,146274.31,77073.92
2015,26,normal_alto_risco,0,10924,1,0,13624402.352589,17170172145.8306,7203423.43079093,6420978.92179793,0,0,30742,133644,0,0,8952232.30999999,0
2015,26,normal_alto_risco,1,112,3,112,338802.105915,1315722809.97777,248855.791788,89946.314127,199031.418675,623161811.452911,612,4474,259,1045,222617.85,130778.25
2015,27,cesarea,0,17518,4,0,19768240.0731779,22459168790.4556,12380940.6539493,7387299.41922885,0,0,40033,143009,0,0,12989184.6199999,0
2015,27,cesarea,1,54,1,54,181037.142711,774106160.717447,141621.119793,39416.022918,116069.271057,412263435.513893,339,2683,159,775,118954.69,76266.03
2015,27,cesarea_alto_risco,0,1627,1,0,2896070.947623,5182632596.32207,1796859.070551,1099211.877072,0,0,8052,61610,0,0,1902931.17,0
2015,27,cesarea_alto_risco,1,90,4,90,365443.772022,1932769419.5692,276876.025353,88567.746669,194526.579456,820094428.697914,775,10943,267,1545,240123.38,127818.24
2015,27,cesarea_laqueadura,0,2,0,0,3452.978034,5985250.1923843,2132.592813,1320.385221,0,0,9,41,0,0,2268.86,0
2015,27,cesarea_laqueadura,1,2,0,2,4829.384394,11670874.0238308,3279.070521,1550.313873,1457.127936,1061610.91093581,14,116,2,2,3173.26,957.44
2015,27,normal,0,22724,2,0,18762413.2432831,15655398623.2712,10535334.6850468,8227078.558236,0,0,36804,318140,0,0,12328282.5700001,0
2015,27,normal,1,7,0,7,33932.449809,455721660.86429,27331.817319,6600.63249,26228.302848,371563818.827534,57,907,36,700,22296.11,17233.92
2015,27,normal_alto_risco,0,975,0,0,1153170.171936,1373393749.3623,617226.512328001,535943.659608,0,0,3420,18302,0,0,757717.439999999,0
2015,27,normal_alto_risco,1,8,0,8,38641.604103,321018353.13406,30698.473185,7943.130918,24042.610944,173573383.938005,128,3206,33,327,25390.37,15797.76
2015,28,cesarea,0,5821,0,0,6382993.63706996,7020546015.94424,3865624.93466998,2517368.70239997,0,0,14182,58636,0,0,4194095.29999997,0
2015,28,cesarea,1,12,0,12,48400.742196,223094736.019077,38488.440087,9912.302109,33513.942528,117838811.113875,78,680,46,222,31802.84,22021.12
2015,28,cesarea_alto_risco,0,937,1,0,1622496.707298,2813596898.03748,997556.551353001,624940.155945001,0,0,3365,15283,0,0,1066099.42,0
2015,28,cesarea_laqueadura,0,44,0,0,63946.813725,96386734.5988885,38340.602721,25606.211004,0,0,135,475,0,0,42017.75,0
2015,28,normal,0,17235,3,0,14350605.0927392,11997249625.9211,7766269.36666203,6584335.72607704,0,0,27042,69092,0,0,9429400.81000015,0
2015,28,normal,1,11,0,11,43600.334778,292793275.214671,34538.866083,9061.468695,33513.942528,222938291.29652,67,609,46,420,28648.62,22021.12
2015,28,normal_alto_risco,0,2210,3,0,2548400.83694099,2946958804.89149,1351920.343491,1196480.49345,0,0,5943,28363,0,0,1674486.39,0
2015,29,cesarea,0,46282,19,0,47362252.957065,48976816533.1996,29670555.946167,17691697.0108985,0,0,121681,724047,0,0,31120476.35,0
2015,29,cesarea,1,41,2,41,145289.24883,614928627.473003,115247.718999,30041.529831,93984.751872,299905082.339366,296,2928,129,565,95465.7,61754.88
2015,29,cesarea_alto_risco,0,7602,5,0,13021720.2124289,22491288385.2433,8107213.71423593,4914506.49819298,0,0,33241,298775,0,0,8556225.90999993,0
2015,29,cesarea_alto_risco,1,80,0,80,345927.748248,2070719690.50475,264225.079413,81702.668835,193798.015488,990482979.903111,533,7109,266,1866,227299.92,127339.52
2015,29,cesarea_laqueadura,0,605,0,0,627839.421102,672338752.271537,394174.99161,233664.429492,0,0,1350,4454,0,0,412536.58,0
2015,29,normal,0,102645,23,0,79457485.1751429,62409298675.2218,44528164.1263675,34929321.0487842,0,0,185247,1029787,0,0,52209399.5499986,0
2015,29,normal,1,5,0,5,16830.296406,58159998.8402644,13427.008407,3403.287999,11657.023488,28663494.5952669,35,255,16,54,11058.74,7659.52
2015,29,normal_alto_risco,0,5264,2,0,5854745.31262203,6603993224.71919,3218812.70156102,2635932.61106098,0,0,17713,117333,0,0,3846997.38000002,0
2015,29,normal_alto_risco,1,16,2,16,67808.893698,403418126.132052,52447.656924,15361.236774,46628.093952,245232120.426172,91,1133,64,462,44555.42,30638.08
2015,29,normal_cpn,0,640,0,0,502733.48832,395655072.975581,278659.89,224073.59832,0,0,1124,2880,0,0,330332.8,0
2015,31,cesarea,0,60700,17,0,67977837.3210833,77197400043.4673,41681215.3167541,26296622.0043289,0,0,142499,630531,0,0,44666428.3599995,0
2015,31,cesarea,1,191,5,191,685030.733793,3964346867.3842,545590.572795,139440.160998,419561.531568,2200963836.1463,1222,12644,568,4080,450115.47,275682.72
2015,31,cesarea_alto_risco,0,14072,5,0,25945248.4869686,48285581480.1487,16121728.4690341,9823520.01793518,0,0,45198,214810,0,0,17047932.5099997,0
2015,31,cesarea_alto_risco,1,266,9,266,1111878.544239,5533570427.53388,848340.450486,263538.093753,567785.703672,1912394211.02403,1841,17721,711,2975,730585.81,373076.88
2015,31,cesarea_laqueadura,0,3612,0,0,5249692.021824,8048007478.49984,3269372.35022099,1980319.67160299,0,0,8818,28678,0,0,3449432.96,0
2015,31,cesarea_laqueadura,1,23,0,23,86591.23992,470613201.51848,66284.406468,20306.833452,46819.229373,208504746.209352,175,2105,59,361,56896.8,30763.67
2015,31,normal,0,85842,10,0,77487255.5331322,71512410641.9663,41720207.8710007,35767047.6621351,0,0,154873,642577,0,0,50914814.0699995,0
2015,31,normal,1,36,2,36,99348.490575,378082809.979883,76084.316262,23264.174313,59450.725431,183987373.614262,160,1034,78,324,65279.25,39063.49
2015,31,normal_alto_risco,0,13112,5,0,16653288.1435019,21374789297.8455,8940946.64892284,7712341.4945789,0,0,31547,113613,0,0,10942432.58,0
2015,31,normal_alto_risco,1,30,0,30,97708.947705,406633040.996828,73038.507354,24670.440351,55698.511419,167146502.211055,184,1578,70,282,64201.95,36598.01
2015,31,normal_cpn,0,1583,0,0,1578089.704644,1574203706.25708,784985.321042999,793104.383600999,0,0,2183,3465,0,0,1036920.76,0
2015,32,cesarea,0,13918,2,0,14871805.3308779,15985483826.9142,9078708.33684893,5793096.99402893,0,0,35613,143755,0,0,9771867.61999995,0
2015,32,cesarea,1,7,0,7,19037.888451,53177420.3910642,14722.008336,4315.880115,10199.895552,16985774.574973,21,79,14,32,12509.29,6702.08
2015,32,cesarea_alto_risco,0,2442,1,0,4342961.777616,7759672551.91582,2674674.11268,1668287.664936,0,0,7847,35119,0,0,2853644.64,0
2015,32,cesarea_alto_risco,1,43,1,43,168869.41524,778643861.275434,127626.351372,41243.063868,80870.600448,247886147.703512,248,2582,111,467,110959.6,53137.92
2015,32,cesarea_laqueadura,0,150,0,0,197339.765949,273698817.817949,123737.77512,73601.990829,0,0,430,1888,0,0,129666.71,0
2015,32,cesarea_laqueadura,1,1,0,1,5897.286405,34777986.9425978,4662.721125,1234.56528,3642.81984,13270136.3866976,24,576,5,25,3874.95,2393.6
2015,32,normal,0,16137,5,0,13368944.649915,11162178850.7803,7235565.27393597,6133379.37597899,0,0,39091,124855,0,0,8784377.85000002,0
2015,32,normal_alto_risco,0,1129,0,0,1369303.941861,1676069370.90311,713092.880484001,656211.061377,0,0,3198,14792,0,0,899733.189999998,0
2015,32,normal_alto_risco,1,2,1,2,12310.466472,92921213.8077136,10062.072288,2248.394184,9471.331584,57857794.6460017,13,109,13,109,8088.88,6223.36
2015,33,cesarea,0,22266,6,0,24546388.7905381,27705403889.136,15171847.5201843,9374541.27035388,0,0,76285,549775,0,0,16128779.02,0
2015,33,cesarea,1,63,0,63,212380.718868,956925304.365567,166288.942476,46091.776392,130800.273822,495930177.042013,482,5492,252,2026,139549.72,85945.38
2015,33,cesarea_alto_risco,0,5304,2,0,9516573.45533701,17233371443.0968,5886966.52285201,3629606.93248498,0,0,27779,293081,0,0,6253087.23,0
2015,33,cesarea_alto_risco,1,256,3,256,797227.804242,4075528275.67264,578507.960961,218719.843281,313475.711445,1515630143.25041,2067,25531,792,4754,523837.18,205976.55
2015,33,cesarea_laqueadura,0,1353,0,0,1789902.130833,2510164685.83564,1115909.509455,673992.621378,0,0,5064,39160,0,0,1176097.07,0
2015,33,cesarea_laqueadura,1,25,1,25,64048.217922,174802364.910115,44774.526285,19273.691637,21208.620078,26476177.8516737,189,2653,59,167,42084.38,13935.62
2015,33,normal,0,82988,6,0,70984449.648926,61471795073.4341,37132670.1431194,33851779.5058107,0,0,226832,1475822,0,0,46641993.3299993,0
2015,33,normal,1,66,0,66,188703.592209,789723799.658041,145184.009445,43519.582764,125826.080643,463988838.605608,399,3873,186,916,123992.11,82676.97
2015,33,normal_alto_risco,0,5467,3,0,6468550.68506403,7739674175.17398,3394982.76241501,3073567.92264898,0,0,21778,258544,0,0,4250312.56000002,0
2015,33,normal_alto_risco,1,44,0,44,100077.70896,274298712.977404,69309.624069,30768.084891,44521.373439,84397669.4397509,298,3028,102,378,65758.4,29253.81
2015,33,normal_cpn,0,17,0,0,13306.27608,10589652.6774689,8589.90798,4716.3681,0,0,69,417,0,0,8743.2,0
2015,35,cesarea,0,115846,26,0,127342262.012444,140979977605.017,77077173.0644081,50265088.9480363,0,0,312517,1172399,0,0,83673212.4400051,0
2015,35,cesarea,1,565,14,565,1910109.219705,9376324176.04932,1499712.767784,410396.451921,1184876.234235,4931581681.68301,3840,43046,1702,10516,1255081.95,778550.650000001
2015,35,cesarea_alto_risco,0,32177,10,0,56141239.1297393,98469233102.0881,34536776.1642638,21604462.9654769,0,0,107250,539856,0,0,36888914.5999995,0
2015,35,cesarea_alto_risco,1,521,11,521,2190454.659612,11850804134.2565,1680252.675327,510201.984285,1163424.992859,4440837883.43321,3985,43629,1680,8506,1439289.48,764455.61
2015,35,cesarea_laqueadura,0,8160,2,0,10729183.8668129,14756007991.7677,6614192.81684697,4114991.04996597,0,0,22183,92601,0,0,7049861.26999994,0
2015,35,cesarea_laqueadura,1,88,1,88,297366.339069,1195311877.27446,224750.493783,72615.845286,147026.604213,389373888.693973,635,6999,202,728,195391.51,96607.27
2015,35,normal,0,192523,13,0,166835075.575697,146063980772.709,88469866.888015,78365208.6876903,0,0,493085,1757131,0,0,109622889.529993,0
2015,35,normal,1,115,4,115,358736.226057,1889257883.03444,278813.495367,79922.73069,238461.990957,1142564823.07761,740,7934,330,2140,235716.03,156687.03
2015,35,normal_alto_risco,0,16777,1,0,19916625.29274,23828180104.9746,10508445.6036568,9408179.68908288,0,0,51772,227566,0,0,13086684.6,0
2015,35,normal_alto_risco,1,51,4,51,213781.460409,1928801426.71877,166493.546712,47287.913697,139164.773193,1229241128.0457,394,6050,189,2159,140470.11,91441.47
2015,35,normal_cpn,0,936,0,0,825478.651314001,729232427.535782,403633.539234,421845.11208,0,0,2899,10167,0,0,542400.060000001,0
2015,41,cesarea,0,36453,9,0,40265472.5596444,45031928853.7508,25123725.4211647,15141747.1384806,0,0,97323,486347,0,0,26457370.7600003,0
2015,41,cesarea,1,109,7,109,363281.563035,1607708142.24552,289030.740579,74250.822456,204021.591804,599879737.262857,658,5576,285,1175,238702.65,134057.16
2015,41,cesarea_alto_risco,0,4810,2,0,8560213.61077799,15335122849.7615,5340763.61359201,3219449.99718598,0,0,18315,116031,0,0,5624688.61999999,0
2015,41,cesarea_alto_risco,1,42,0,42,179446.331079,978271090.11555,139928.751774,39517.579305,80460.433179,252364983.687007,266,2106,109,465,117909.41,52868.41
2015,41,cesarea_laqueadura,0,1624,1,0,2248770.762936,3222646726.72726,1403897.459373,844873.303563001,0,0,4786,21574,0,0,1477607.44,0
2015,41,cesarea_laqueadura,1,3,0,3,16574.221512,98351595.2400066,13474.719972,3099.50154,10928.45952,47241685.5366436,38,614,15,89,10890.48,7180.8
2015,41,normal,0,51532,10,0,44094498.4930776,38071037813.2546,24654504.6578524,19439993.835224,0,0,125196,623186,0,0,28973321.8300004,0
2015,41,normal,1,18,2,18,51589.259667,173067124.276325,40891.961538,10697.298129,30599.686656,74312763.7655067,72,404,42,140,33897.93,20106.24
2015,41,normal_alto_risco,0,3680,0,0,4345587.99869401,5178286283.59564,2371162.41750601,1974425.58118799,0,0,11583,56803,0,0,2855370.26,0
2015,41,normal_alto_risco,1,3,0,3,7517.27286,19062579.5760991,5196.162294,2321.110566,3642.81984,4777249.09921115,10,38,5,9,4939.4,2393.6
2015,42,cesarea,0,21830,3,0,24747455.4308639,28441929730.8332,15301797.6606664,9445657.77019792,0,0,53522,199592,0,0,16260894.56,0
2015,42,cesarea,1,74,1,74,246724.599123,1030740334.20239,195185.714346,51538.884777,141341.409792,431014029.839939,543,6523,194,812,162116.17,92871.68
2015,42,cesarea_alto_risco,0,4765,0,0,8706213.921726,16061702238.8225,5437174.411035,3269039.51069098,0,0,16496,112836,0,0,5720621.54,0
2015,42,cesarea_alto_risco,1,38,1,38,154209.698271,724745985.7785,118208.164536,36001.533735,75676.721004,223692851.283212,314,4030,106,426,101327.09,49725.16
2015,42,cesarea_laqueadura,0,717,0,0,988935.809679,1432612944.14073,617834.085246,371101.724433,0,0,1836,6638,0,0,649803.41,0
2015,42,normal,0,31787,3,0,28397945.4642363,25811867011.2815,15531774.9525896,12866170.5116461,0,0,65042,184276,0,0,18659534.4400002,0
2015,42,normal,1,14,0,14,63889.681599,447312380.876171,52847.505711,11042.175888,41528.146176,208606543.998887,125,1815,57,393,41980.21,27287.04
2015,42,normal_alto_risco,0,3359,1,0,4151116.314171,5175439021.70803,2245127.06039401,1905989.25377699,0,0,9385,38981,0,0,2727588.09,0
2015,42,normal_alto_risco,1,1,0,1,3693.012102,13638338.3855185,2830.734,862.278102,2185.691904,4777249.09921115,8,64,3,9,2426.58,1436.16
2015,43,cesarea,0,36112,2,0,40841161.3073886,46942042938.487,25690165.3391044,15150995.9682847,0,0,103150,476542,0,0,26835640.5200004,0
2015,43,cesarea,1,129,5,129,536732.825634,4466552027.91283,434676.737988,102056.087646,343835.455347,2791614912.16217,1067,15947,467,5073,352672.86,225925.13
2015,43,cesarea_alto_risco,0,1826,0,0,3089796.520671,5281757979.30639,1988198.182647,1101598.338024,0,0,8536,69314,0,0,2030223.09,0
2015,43,cesarea_alto_risco,1,21,0,21,183509.78886,4819371616.66835,152708.998338,30800.790522,122943.282444,3139396842.56206,317,12719,161,5267,120579.4,80782.76
2015,43,cesarea_laqueadura,0,658,0,0,820852.151409001,1057375836.9909,526178.190411,294673.960998,0,0,2204,13844,0,0,539360.11,0
2015,43,cesarea_laqueadura,1,4,0,4,15633.595998,62600879.9171562,12575.337948,3058.25805,8014.203648,17516580.0304409,42,476,11,33,10272.42,5265.92
2015,43,normal,0,50331,19,0,43454947.4579344,38026804491.2518,24131198.7949685,19323748.6629655,0,0,112396,396094,0,0,28553089.8600002,0
2015,43,normal,1,20,0,20,84578.329323,797163177.761728,69059.56068,15518.768643,51773.074749,344861085.953028,171,4755,69,589,55574.17,34018.71
2015,43,normal_alto_risco,0,1210,0,0,1320294.104847,1450549242.52107,741593.182185002,578700.922662,0,0,3957,18703,0,0,867530.13,0
2015,43,normal_alto_risco,1,2,0,2,5721.567831,16546934.9202278,4299.656661,1421.91117,3005.29593,4520045.95951761,24,360,4,8,3759.49,1974.7
2015,50,cesarea,0,13013,2,0,13758403.0299209,14677680588.0975,8568193.55645693,5190209.47346394,0,0,34504,154974,0,0,9040280.58999994,0
2015,50,cesarea,1,37,1,37,111681.481167,505440651.814011,86964.790275,24716.690892,62666.180532,206023130.18567,242,2596,84,372,73382.93,41176.28
2015,50,cesarea_alto_risco,0,571,0,0,1000014.526386,1760274706.40938,625146.829965,374867.696421,0,0,2483,18439,0,0,657082.94,0
2015,50,cesarea_alto_risco,1,9,0,9,41664.417102,248053372.183533,32939.668782,8724.74832,24361.007643,104160651.056495,75,799,32,176,27376.58,16006.97
2015,50,cesarea_laqueadura,0,663,0,0,749385.234090001,859208985.265226,467484.564573,281900.669517,0,0,1744,7490,0,0,492401.1,0
2015,50,normal,0,15339,1,0,12251817.5595839,9891035548.76804,6885164.72246395,5366652.83712,0,0,29615,99477,0,0,8050343.35999993,0
2015,50,normal,1,1,1,1,8712.481806,75907339.219881,7568.073882,1144.407924,6192.671976,38349186.2023358,11,121,8,64,5724.74,4069.04
2015,50,normal_alto_risco,0,214,0,0,248277.180627,291894991.966978,136479.715461,111797.465166,0,0,775,5889,0,0,163136.33,0
2015,50,normal_alto_risco,1,1,0,1,4068.890964,16555873.6769209,3286.664802,782.226162,2914.255872,8492887.28748648,6,36,4,16,2673.56,1914.88
2015,51,cesarea,0,12663,7,0,13597877.766249,14806938348.7549,8339919.77285992,5257957.99338898,0,0,31625,119277,0,0,8934803.71000001,0
2015,51,cesarea,1,22,2,22,74393.257077,299443261.858583,58706.105418,15687.151659,43713.83808,121023643.846682,141,1075,60,228,48881.83,28723.2
2015,51,cesarea_alto_risco,0,1642,2,0,2983153.472082,5473579383.51127,1852553.609811,1130599.862271,0,0,7245,55249,0,0,1960150.78,0
2015,51,cesarea_alto_risco,1,58,3,58,241557.596433,1208105190.26152,185022.542241,56535.054192,119347.443657,414567048.272654,480,5450,162,768,158721.07,78420.03
2015,51,cesarea_laqueadura,0,1038,0,0,1472369.749281,2220419837.59461,922902.349302001,549467.399979001,0,0,2740,14028,0,0,967454.99,0
2015,51,cesarea_laqueadura,1,2,0,2,4468.922379,10101766.7317451,3157.653339,1311.26904,1457.127936,1061610.91093581,9,41,2,2,2936.41,957.44
2015,51,normal,0,19675,3,0,16685692.986186,14577175230.181,8971152.30044987,7714540.68573611,0,0,34326,96192,0,0,10963724.94,0
2015,51,normal,1,5,0,5,18096.638958,75200657.5072169,14445.342135,3651.296823,11657.023488,30786716.4171385,39,387,16,58,11890.82,7659.52
2015,51,normal_alto_risco,0,822,0,0,981534.383846999,1183025805.56615,528314.968449,453219.415398,0,0,2268,11772,0,0,644940.129999999,0
2015,51,normal_alto_risco,1,4,0,4,18800.730774,98482829.2883405,14945.423256,3855.307518,12385.587456,49364907.3585152,30,282,17,93,12353.46,8138.24
2015,52,cesarea,0,18898,6,0,20272971.8314169,23063057485.02,12712647.9664442,7560323.86497282,0,0,46523,306487,0,0,13320830.4299999,0
2015,52,cesarea,1,14,0,14,66684.072627,484259976.440224,54497.823633,12186.248994,42985.274112,242578093.148833,148,2652,59,457,43816.33,28244.48
2015,52,cesarea_alto_risco,0,1285,2,0,2301542.158428,4174883403.50406,1424066.043429,877476.114999,0,0,7528,73686,0,0,1512282.12,0
2015,52,cesarea_alto_risco,1,130,1,130,694060.9731,4940948657.95816,541545.575661,152515.397439,450981.096192,2601477537.2482,1255,17353,619,4901,456049,296327.68
2015,52,cesarea_laqueadura,0,995,0,0,1180443.456981,1462238384.77184,738073.073142,442370.383839,0,0,2752,17482,0,0,775637.99,0
2015,52,cesarea_laqueadura,1,6,0,6,23035.493619,95782319.7931559,17432.497017,5602.996602,13114.151424,35033160.0608817,48,458,18,66,15136.01,8616.96
2015,52,normal,0,21618,5,0,17793244.418688,14875590755.6624,10070878.0774949,7722366.34119297,0,0,45548,259778,0,0,11691467.52,0
2015,52,normal,1,8,1,8,16771.748913,41103059.4209466,12768.619248,4003.129665,8742.767616,11677720.0202939,25,125,12,22,11020.27,5744.64
2015,52,normal_alto_risco,0,1065,2,0,1277734.673574,1543132709.1885,686332.506177,591402.167397,0,0,4804,33092,0,0,839565.46,0
2015,52,normal_alto_risco,1,14,1,14,46224.82089,184284235.657221,34644.653352,11580.167538,29142.55872,90236927.4295439,76,476,40,170,30373.1,19148.8
2015,53,cesarea,0,12689,0,0,14335339.4160658,16582628721.1438,8645128.35609597,5690211.05996996,0,0,50405,446405,0,0,9419370.13999989,0
2015,53,cesarea,1,17,0,17,56857.590459,216419499.348125,43064.793387,13792.797072,36428.1984,105099480.182645,117,999,50,198,37359.61,23936
2015,53,cesarea_alto_risco,0,2006,0,0,3450972.869874,5957342305.38747,2145588.849765,1305384.020109,0,0,10527,130285,0,0,2267542.46,0
2015,53,cesarea_alto_risco,1,53,0,53,235861.459551,1262034550.0912,180496.031166,55365.428385,139884.281856,569023448.261594,689,17503,192,1072,154978.29,91914.24
2015,53,cesarea_laqueadura,0,408,0,0,590904.171279,880182605.264568,359995.933125,230908.238154,0,0,1402,8656,0,0,388267.41,0
2015,53,normal,0,25017,2,0,21995551.8634859,19516665785.0981,11416469.8281209,10579082.035365,0,0,72543,743905,0,0,14452691.94,0
2015,53,normal,1,7,0,7,17329.296978,46423941.3458836,12650.093676,4679.203302,10928.45952,20701412.7632483,21,73,15,39,11386.62,7180.8
2015,53,normal_alto_risco,0,736,0,0,846431.607410999,977683672.65457,453685.84731,392745.760101,0,0,2753,28327,0,0,556167.689999999,0
2015,53,normal_alto_risco,1,7,0,7,31077.563256,200129315.621191,24193.005102,6884.558154,22585.483008,134293780.23338,95,1927,31,253,20420.24,14840.32
2016,11,cesarea,0,6084,1,0,5836267.65209996,5637555228.18061,3731734.26579997,2104533.38629998,0,0,13416,87462,0,0,4102824.35999997,0
2016,11,cesarea,1,5,0,5,11638.112625,27568780.5124214,8896.74175,2741.370875,6128.8128,7883455.40415488,50,758,9,17,8181.45,4308.48
2016,11,cesarea_alto_risco,0,1903,1,0,3681208.06155,7343786365.45359,2617733.704275,1063474.357275,0,0,9004,91082,0,0,2587843.98,0
2016,11,cesarea_alto_risco,1,12,0,12,66205.127275,444134720.064181,54866.13795,11338.989325,32687.0016,127062751.808143,162,3158,48,274,46541.39,22978.56
2016,11,cesarea_laqueadura,0,1119,0,0,1260688.619275,1509564233.35825,830953.4319,429735.187375,0,0,3163,19787,0,0,886248.590000001,0
2016,11,cesarea_laqueadura,1,2,0,2,6190.80535,19548598.350875,4821.3646,1369.44075,3404.896,6028524.72082432,10,52,5,13,4352.06,2393.6
2016,11,normal,0,6811,1,0,5094103.25619999,3843294810.87708,2840605.98284998,2253497.27335001,0,0,11713,130905,0,0,3581091.92,0
2016,11,normal_alto_risco,0,1548,0,0,2087864.4175,2943080906.98921,1312281.14375,775583.273749999,0,0,4575,37693,0,0,1467743,0
2016,11,normal_alto_risco,1,1,0,1,4606.439075,21219280.9516869,3617.403275,989.0358,3404.896,11593316.770816,13,169,5,25,3238.27,2393.6
2016,12,cesarea,0,3255,2,0,3556443.31775,3933838203.63739,2120401.51604999,1436041.8017,0,0,9988,40060,0,0,2500135.9,0
2016,12,cesarea,1,3,0,3,6212.37045,13178711.2604915,4405.85235,1806.5181,2723.9168,2782396.02499584,13,61,4,6,4367.22,1914.88
2016,12,cesarea_alto_risco,0,1730,2,0,2845387.076475,4694896104.00056,1745580.16305,1099806.913425,0,0,6163,39543,0,0,2000272.11,0
2016,12,cesarea_alto_risco,1,6,0,6,22456.367375,87709735.4552399,17096.814125,5359.55325,10895.6672,23186633.541632,35,223,16,50,15786.55,7659.52
2016,12,cesarea_laqueadura,0,57,0,0,91982.1502,149297928.819418,58090.732075,33891.418125,0,0,186,1020,0,0,64662.32,0
2016,12,normal,0,7361,5,0,6060746.57329999,5065132939.01764,3193790.8548,2866955.71850001,0,0,13712,59092,0,0,4260630.27999999,0
2016,12,normal_alto_risco,0,8,0,0,9685.14815,12035907.1708788,5695.903375,3989.244775,0,0,37,237,0,0,6808.54,0
2016,13,cesarea,0,16422,5,0,18371854.5885999,21325891878.4543,12125626.1065502,6246228.48204987,0,0,65993,436201,0,0,12915187.7599999,0
2016,13,cesarea,1,4,0,4,10580.75415,28282217.1404758,8067.31045,2513.4437,6128.8128,9738386.08748544,24,168,9,21,7438.14,4308.48
2016,13,cesarea_alto_risco,0,1061,1,0,1693228.905525,2708381843.45138,1096001.811275,597227.094249999,0,0,5018,37002,0,0,1190319.09,0
2016,13,cesarea_alto_risco,1,18,1,18,69674.98885,299720517.330348,53775.30805,15899.6808,40858.752,122425425.099817,146,1898,60,264,48980.66,28723.2
2016,13,cesarea_laqueadura,0,319,0,0,341535.56425,375238669.81398,223286.66705,118248.8972,0,0,1078,5176,0,0,240095.3,0
2016,13,normal,0,35853,3,0,29620881.0874996,25174238771.2798,16447721.0021996,13173160.0853001,0,0,91308,485038,0,0,20823114.9999998,0
2016,13,normal,1,1,0,1,1596.75625,2549630.52191406,1067.52935,529.2269,680.9792,463732.67083264,4,16,1,1,1122.5,478.72
2016,13,normal_alto_risco,0,5,0,0,6511.138125,8822348.36563678,3783.494375,2727.64375,0,0,59,1539,0,0,4577.25,0
2016,14,cesarea,0,181,0,0,190949.08835,205669322.795172,113479.610325,77469.478025,0,0,529,1807,0,0,134234.86,0
2016,14,cesarea_alto_risco,0,1754,0,0,2826761.288225,4563310631.94398,1716821.0538,1109940.234425,0,0,5786,26374,0,0,1987178.41,0
2016,14,cesarea_laqueadura,0,156,0,0,233412.975125,351301897.883247,141350.140725,92062.8344,0,0,532,2982,0,0,164086.45,0
2016,14,normal,0,5229,0,0,4476826.70725001,3869553323.84195,2264034.04379999,2212792.66345,0,0,11139,80093,0,0,3147154.10000001,0
2016,14,normal_alto_risco,0,867,0,0,944958.5564,1033144820.3236,501641.737325,443316.819075,0,0,2264,7632,0,0,664294.24,0
2016,15,cesarea,0,39474,13,0,38653505.5141254,38558130856.6821,24518291.2105249,14135214.3036003,0,0,89303,307259,0,0,27172938.8500003,0
2016,15,cesarea,1,54,3,54,241201.97345,2247878038.51342,196313.264725,44888.708725,165819.94305,1380632569.97018,410,4820,219,2047,169562.02,116569.38
2016,15,cesarea_alto_risco,0,5167,1,0,8601806.67407502,14469173557.2555,5382140.686525,3219665.98754998,0,0,16765,84245,0,0,6046964.27000001,0
2016,15,cesarea_alto_risco,1,43,7,43,181883.766125,913989636.465458,141771.001575,40112.76455,100103.9424,326931532.937011,291,4339,147,705,127862.05,70371.84
2016,15,cesarea_laqueadura,0,429,0,0,404227.827775,392121293.328508,266464.961775,137762.866,0,0,1026,3392,0,0,284167.19,0
2016,15,cesarea_laqueadura,1,1,0,1,5584.919925,31191330.568662,4497.760075,1087.15985,3755.3431,14102601.7987176,17,289,3,9,3926.13,2639.96
2016,15,normal,0,56052,11,0,41578691.2274486,31431255678.9582,23469027.941201,18109663.2862511,0,0,86048,252718,0,0,29229308.419999,0
2016,15,normal,1,3,0,3,10727.27165,58535251.0530939,8802.1455,1925.12615,7490.7712,31997554.2874522,32,696,11,69,7541.14,5265.92
2016,15,normal_alto_risco,0,4078,1,0,4392701.65045,4760587661.85451,2392932.38767501,1999769.26277498,0,0,8961,30787,0,0,3088015.22,0
2016,15,normal_alto_risco,1,5,0,5,15219.057225,54649412.9341976,11656.690475,3562.36675,9533.7088,25969029.5666278,24,120,14,56,10698.81,6702.08
2016,16,cesarea,0,2735,2,0,2731077.167125,2731916030.0788,1639408.78872499,1091668.3784,0,0,9108,158890,0,0,1919913.65,0
2016,16,cesarea,1,2,0,2,5678.264375,16206895.8107266,4409.593525,1268.67085,3404.896,6028524.72082432,14,98,5,13,3991.75,2393.6
2016,16,normal,0,9722,5,0,7334268.64617504,5544385787.40527,3940216.66240001,3394051.98377501,0,0,23959,277663,0,0,5155900.63000003,0
2016,17,cesarea,0,7780,17,0,8347764.26254999,9072176569.43054,5000407.42024998,3347356.8423,0,0,21140,77296,0,0,5868375.57999999,0
2016,17,cesarea,1,7,0,7,26179.476625,120632349.026561,21055.58895,5123.887675,16343.5008,60285247.2082432,69,913,24,130,18403.85,11489.28
2016,17,cesarea_alto_risco,0,802,3,0,1336382.290975,2242062708.60633,825349.777650001,511032.513325001,0,0,3202,20690,0,0,939460.31,0
2016,17,cesarea_alto_risco,1,11,0,11,33440.741675,109156019.499021,24804.38855,8636.353125,13619.584,24114098.8832973,94,968,20,52,23508.43,9574.4
2016,17,cesarea_laqueadura,0,447,3,0,530238.653125,664377105.313973,328606.049225,201632.6039,0,0,1266,8748,0,0,372751.25,0
2016,17,normal,0,10286,65,0,8510126.00852494,7151574668.62674,4502040.76157499,4008085.24695004,0,0,20934,73820,0,0,5982513.88999996,0
2016,17,normal_alto_risco,0,79,1,0,87722.6162,98381529.2109844,46458.76465,41263.85155,0,0,219,1215,0,0,61667.92,0
2016,21,cesarea,0,13326,6,0,12943442.4379999,12797061195.5539,8282224.33894995,4661218.09904996,0,0,36299,369407,0,0,9099080.79999995,0
2016,21,cesarea,1,27,0,27,107287.297125,586722529.251609,83881.766625,23405.5305,72054.788675,350291428.234671,312,4914,100,672,75421.65,50653.63
2016,21,cesarea_alto_risco,0,2518,0,0,4399065.502925,7764773026.22836,2785234.94275,1613830.560175,0,0,10812,68142,0,0,3092488.93,0
2016,21,cesarea_alto_risco,1,9,0,9,33948.175875,137234779.169529,25612.19785,8335.978025,19535.206725,50778542.2132827,85,1555,27,97,23865.15,13733.01
2016,21,cesarea_laqueadura,0,206,1,0,277363.502425,409577157.970924,176168.900825,101194.6016,0,0,598,2238,0,0,194983.13,0
2016,21,normal,0,54282,12,0,39948676.4722491,29918939204.2487,22434551.7300756,17514124.7421754,0,0,98092,565170,0,0,28083428.0999994,0
2016,21,normal,1,4,0,4,24553.0897,207398215.517921,20035.869825,4517.219875,20258.7329,152859116.765758,56,1038,28,292,17260.52,14241.64
2016,21,normal_alto_risco,0,4540,1,0,5047092.20592501,5630028628.14693,2653521.89812501,2393570.30779998,0,0,13519,166233,0,0,3548043.73000001,0
2016,21,normal_alto_risco,1,1,1,1,4663.936525,21752303.9092291,3737.632975,926.30355,3617.630875,13087253.1477533,4,16,5,25,3278.69,2543.15
2016,22,cesarea,0,16340,4,0,16313045.8431498,16518561494.0702,10167694.94435,6145350.89879999,0,0,42595,242301,0,0,11467870.5399998,0
2016,22,cesarea,1,37,1,37,75133.334725,183222604.725567,54754.400575,20378.93415,28888.13,39067391.6550313,283,5241,85,315,52817.81,20308
2016,22,cesarea_alto_risco,0,2249,2,0,3901268.79732501,6931130823.88429,2457869.04325,1443399.754075,0,0,14247,202217,0,0,2742543.97,0
2016,22,cesarea_alto_risco,1,256,3,256,675137.5615,2258251015.33444,485065.743125,190071.818375,179228.172,385119531.150145,2745,61369,882,9112,474613.4,125995.2
2016,22,cesarea_laqueadura,0,14,0,0,21042.3028,31658410.9567661,12777.990325,8264.312475,0,0,53,301,0,0,14792.48,0
2016,22,normal,0,20744,2,0,15534417.4378751,11852848783.8179,8699474.31495013,6834943.12292505,0,0,36127,294179,0,0,10920504.3500001,0
2016,22,normal,1,15,0,15,28769.962925,69231795.7156673,20789.737925,7980.225,13356.9336,20175914.8813445,99,1217,48,364,20224.93,9389.76
2016,22,normal_alto_risco,0,498,0,0,626633.881975,835961627.815238,338093.640575,288540.2414,0,0,2863,46855,0,0,440515.91,0
2016,22,normal_alto_risco,1,12,0,12,36939.181275,151682688.342118,27697.625525,9241.55575,15620.4725,36398528.9225688,186,4730,79,931,25967.79,10981
2016,22,normal_cpn,0,7,0,0,5680.896,4610553.486688,2731.4845,2949.4115,0,0,12,22,0,0,3993.6,0
2016,23,cesarea,0,43045,14,0,42140066.7839254,41678929370.5252,26400480.0230756,15739586.7608504,0,0,102325,450279,0,0,29623948.5300003,0
2016,23,cesarea,1,17,0,17,58512.3753,243977413.304077,47753.35345,10759.02185,36904.9417,117150570.100346,144,1696,62,292,41133.48,25943.72
2016,23,cesarea_alto_risco,0,6531,5,0,11065439.829575,18987872166.1553,6829710.58469997,4235729.24487498,0,0,34706,344072,0,0,7778868.06999997,0
2016,23,cesarea_alto_risco,1,130,7,130,552915.59335,3611194730.56852,427694.042125,125221.551225,292821.056,1671292545.68084,1299,28279,430,3604,388692.86,205849.6
2016,23,cesarea_laqueadura,0,1802,0,0,1983665.965325,2318401417.1034,1275586.0777,708079.887625001,0,0,4429,22899,0,0,1394492.77,0
2016,23,cesarea_laqueadura,1,6,0,6,79402.114975,4053823662.11082,66174.372825,13227.74215,65374.0032,3289719566.88675,112,7230,96,7094,55818.71,45957.12
2016,23,normal,0,40837,4,0,30137906.5221997,22578055676.9373,17056767.9334493,13081138.5887502,0,0,69213,443119,0,0,21186577.5199998,0
2016,23,normal,1,3,0,3,5577.835875,10563310.7487263,4055.021175,1522.8147,2723.9168,2782396.02499584,21,297,4,6,3921.15,1914.88
2016,23,normal_alto_risco,0,2664,0,0,2979061.09424999,3379278876.48112,1603875.76292501,1375185.331325,0,0,8947,59281,0,0,2094243.3,0
2016,23,normal_alto_risco,1,9,1,9,57696.11635,1279246419.22353,46831.559225,10864.557125,42220.7104,885729401.290342,111,2957,62,1910,40559.66,29680.64
2016,23,normal_cpn,0,6339,3,0,4465564.19152503,3158424465.30338,2561093.02602503,1904471.1655,0,0,10400,26464,0,0,3139236.69000002,0
2016,24,cesarea,0,14668,1,0,14971657.2198999,15419791025.8432,9153324.68962501,5818332.53027494,0,0,38020,343012,0,0,10524890.84,0
2016,24,cesarea,1,19,0,19,48179.434875,133831350.788363,36456.583925,11722.85095,29282.1056,57966583.85408,74,338,43,125,33869.55,20584.96
2016,24,cesarea_alto_risco,0,3987,0,0,6559075.09475001,10843056321.8111,4037464.70845001,2521610.38629999,0,0,14910,92178,0,0,4610949.10000001,0
2016,24,cesarea_alto_risco,1,478,2,478,1689543.3076,6911491803.26647,1269253.292625,420290.014975,903659.398400001,2611278669.4586,2695,19473,1327,5631,1187728.16,635261.44
2016,24,cesarea_laqueadura,0,400,0,0,443661.96025,516659717.082223,285608.340875,158053.619375,0,0,1045,4559,0,0,311888.9,0
2016,24,cesarea_laqueadura,1,2,0,2,6568.3653,23613017.3559728,4807.11115,1761.25415,3404.896,7883455.40415488,9,45,5,17,4617.48,2393.6
2016,24,normal,0,14280,3,0,11280487.8033751,9005707694.6335,6124222.87615006,5156264.92722505,0,0,35046,186978,0,0,7930044.15000004,0
2016,24,normal,1,6,0,6,21146.529375,77051436.0865068,16764.546575,4381.9828,15662.5216,43127138.3874355,43,335,23,93,14865.75,11010.56
2016,24,normal_alto_risco,0,2082,1,0,2286111.42872499,2523729507.32723,1230691.622075,1055419.80665,0,0,7535,141045,0,0,1607108.21,0
2016,24,normal_alto_risco,1,41,0,41,95441.35725,242599014.468011,67969.966125,27471.391125,51073.44,83935613.4207078,178,956,75,181,67094.1,35904
2016,25,cesarea,0,14044,1,0,15018693.6048998,16318793343.8412,9393378.53487498,5625315.07002495,0,0,33810,122220,0,0,10557956.8399999,0
2016,25,cesarea,1,20,0,20,55178.021075,183998619.675968,42224.536925,12953.48415,31632.7015,80734002.189378,125,995,50,186,38789.47,22237.4
2016,25,cesarea_alto_risco,0,4174,4,0,6760321.5468,11076380313.0068,4328267.25117501,2432054.29562499,0,0,17753,153001,0,0,4752422.88,0
2016,25,cesarea_alto_risco,1,104,5,104,536053.2499,3854924352.83195,429471.4701,106581.7798,343894.496,2111374850.30101,1135,19057,505,4553,376838.84,241753.6
2016,25,cesarea_laqueadura,0,856,0,0,1181239.64715,1680128446.91808,738200.044875,443039.602275,0,0,2327,13289,0,0,830396.940000001,0
2016,25,cesarea_laqueadura,1,3,0,3,11472.2349,46184022.8891467,9032.263325,2439.971575,7490.7712,20867970.1874688,23,217,11,45,8064.84,5265.92
2016,25,normal,0,17051,3,0,14100511.0362752,11822881418.0904,7780467.02350007,6320044.01277505,0,0,33887,109339,0,0,9912485.79000011,0
2016,25,normal,1,10,0,10,25346.41795,71605047.4875005,19287.59215,6058.8258,14696.0182,28365885.2493035,65,561,23,63,17818.22,10331.12
2016,25,normal_alto_risco,0,2845,1,0,3000881.50455001,3228625603.17181,1733597.56360001,1267283.94095,0,0,10257,75151,0,0,2109582.78,0
2016,25,normal_alto_risco,1,10,0,10,48992.038,306119226.509224,39800.15595,9191.88205,36091.8976,186884266.345554,103,1389,53,403,34440.8,25372.16
2016,26,cesarea,0,24404,9,0,23772881.0679251,23297687388.7611,14828427.8002006,8944453.26772488,0,0,60476,438406,0,0,16712042.9300001,0
2016,26,cesarea,1,22,0,22,45561.721925,99579454.3172532,34158.336025,11403.3859,23153.2928,29678890.933289,114,696,34,64,32029.33,16276.48
2016,26,cesarea_alto_risco,0,13811,6,0,23467987.7096246,40218281927.0758,14449223.596675,9018764.11295016,0,0,53537,298999,0,0,16497706.6499997,0
2016,26,cesarea_alto_risco,1,1000,4,1000,3259533.555775,12781020909.5602,2400980.4517,858553.104075,1543429.1717,4388853070.89091,6190,50658,2216,8960,2291411.99,1085011.72
2016,26,cesarea_laqueadura,0,1415,0,0,2192916.796425,3536655043.16844,1352707.62645,840209.169975001,0,0,4905,26281,0,0,1541593.53,0
2016,26,cesarea_laqueadura,1,14,0,14,60036.58405,306801442.515398,47134.921575,12901.662475,38432.038125,158758842.867958,89,667,53,303,42204.98,27017.25
2016,26,normal,0,49352,3,0,37361067.1073749,28826467184.2361,20661459.0372,16699608.0701747,0,0,94508,390392,0,0,26264370.55,0
2016,26,normal,1,96,1,96,183003.40165,383263025.509171,128009.89305,54993.5086,89335.916125,112297390.766364,461,3017,131,241,128649.14,62802.05
2016,26,normal_alto_risco,0,11075,0,0,13027691.636375,15580251597.5542,6922509.30679994,6105182.32957493,0,0,31468,138326,0,0,9158306.95000002,0
2016,26,normal_alto_risco,1,99,3,99,303674.53185,1256126659.33395,227210.43415,76464.0977,178669.32865,564303500.09526,564,5152,249,1087,213479.46,125602.34
2016,26,normal_cpn,0,275,0,0,240715.6776,211104312.496819,124845.9401,115869.7375,0,0,736,2600,0,0,169220.16,0
2016,26,normal_cpn,1,1,0,1,3113.553775,9694217.10981675,2384.863925,728.68985,2170.578525,4711411.13319118,6,36,3,9,2188.79,1525.89
2016,27,cesarea,0,17636,2,0,18603159.1484499,19756201334.5845,11596969.2734253,7006189.87502486,0,0,39743,111873,0,0,13077792.0199999,0
2016,27,cesarea,1,42,2,42,120300.127975,461120770.830877,93713.802125,26586.32585,70225.95155,227004305.857471,265,2379,103,489,84569.51,49367.98
2016,27,cesarea_alto_risco,0,1840,0,0,3112295.00475,5314395335.72717,1942121.6679,1170173.33685,0,0,9814,81312,0,0,2187905.1,0
2016,27,cesarea_alto_risco,1,106,6,106,370234.075,1541688642.62749,280122.683,90111.392,175692.6336,485991839.032607,1297,112095,258,1048,260270,123509.76
2016,27,cesarea_laqueadura,0,3,0,0,4563.74985,6951595.40554533,2796.364725,1767.385125,0,0,10,34,0,0,3208.26,0
2016,27,normal,0,21113,3,0,16335706.7518001,12781137645.9631,9174412.6973499,7161294.05445001,0,0,33841,125387,0,0,11483800.88,0
2016,27,normal,1,9,0,9,15056.778425,25784724.0379808,10884.955775,4171.82265,7575.86515,7195019.88279956,32,126,11,15,10584.73,5325.74
2016,27,normal_alto_risco,0,1042,0,0,1170150.34925,1329458573.42155,637726.067550001,532424.2817,0,0,4347,35337,0,0,822601.299999999,0
2016,27,normal_alto_risco,1,8,1,8,21208.180525,63616980.3495354,15676.20605,5531.974475,12257.6256,26896494.9082931,45,319,18,58,14909.09,8616.96
2016,28,cesarea,0,5155,1,0,5279962.79602497,5424369276.86517,3203868.57027498,2076094.22574998,0,0,12585,45665,0,0,3711748.88999998,0
2016,28,cesarea,1,17,0,17,64597.51735,270385984.619018,51353.999675,13243.517675,46306.5856,150249385.349775,94,590,68,324,45411.26,32552.96
2016,28,cesarea_alto_risco,0,833,0,0,1348246.4673,2185832610.28863,831709.547550001,516536.919750001,0,0,3010,14482,0,0,947800.68,0
2016,28,cesarea_laqueadura,0,33,0,0,40316.46655,51659666.1344941,24582.635025,15733.831525,0,0,91,315,0,0,28341.98,0
2016,28,normal,0,15394,0,0,12003361.4491751,9397227629.86877,6513165.25862501,5490196.19055003,0,0,24432,51314,0,0,8438215.43000009,0
2016,28,normal,1,7,0,7,21889.7714,74791300.8600242,17055.00685,4834.76455,16343.5008,44518336.3999334,35,187,24,96,15388.24,11489.28
2016,28,normal_alto_risco,0,2143,6,0,2313121.10479999,2503007594.28163,1227914.133925,1085206.970875,0,0,5652,21812,0,0,1626095.68,0
2016,29,cesarea,0,44429,17,0,43231855.3493499,42623581370.5186,26926747.7532251,16305107.5961255,0,0,118746,563598,0,0,30391462.46,0
2016,29,cesarea,1,61,3,61,226371.742375,1389323213.75886,181421.681225,44950.06115,143686.6112,796228995.819643,420,4926,211,1717,159136.55,101009.92
2016,29,cesarea_alto_risco,0,7067,2,0,11280271.5975999,18157432311.3541,7075782.92787496,4204488.66972497,0,0,30339,235805,0,0,7929892.15999995,0
2016,29,cesarea_alto_risco,1,84,6,84,353725.0521,2376920437.12337,274483.9499,79241.1022,187269.28,1036442519.31095,625,10271,275,2235,248664.36,131648
2016,29,cesarea_laqueadura,0,682,0,0,685301.224425,715391920.939695,429891.491675,255409.73275,0,0,1687,5983,0,0,481758.33,0
2016,29,cesarea_laqueadura,1,1,0,1,4302.052525,18507655.9278589,3451.1557,850.896825,2723.9168,7419722.73332224,14,196,4,16,3024.29,1914.88
2016,29,normal,0,97272,15,0,71043992.1101218,52730347678.2493,39762926.1377547,31281065.9723759,0,0,178470,1414224,0,0,49943052.4499977,0
2016,29,normal,1,11,0,11,52725.830225,434733206.611227,43298.069225,9427.761,39496.7936,278239602.499584,105,2487,58,600,37065.61,27765.76
2016,29,normal_alto_risco,0,4990,3,0,5159485.11160002,5418882986.46232,2852564.24332502,2306920.86827498,0,0,16547,110767,0,0,3627054.56000001,0
2016,29,normal_alto_risco,1,10,1,10,25708.7856,70512067.7301127,18955.794025,6752.991575,12257.6256,17621841.4916403,38,258,18,38,18072.96,8616.96
2016,29,normal_cpn,0,1002,0,0,712820.9521,508552728.943911,403710.5641,309110.388,0,0,1612,3486,0,0,501104.36,0
2016,31,cesarea,0,58852,11,0,61667353.9393244,65490609535.5589,37761648.2425996,23905705.6967243,0,0,137570,462374,0,0,43351391.1699995,0
2016,31,cesarea,1,148,7,148,480535.165975,2352250368.20546,381947.93575,98587.230225,283304.175375,974614898.717119,901,8749,411,2071,337810.31,199159.35
2016,31,cesarea_alto_risco,0,14585,6,0,25139072.6429997,43749142856.5517,15643795.9380251,9495276.70497514,0,0,47471,226257,0,0,17672458.7999998,0
2016,31,cesarea_alto_risco,1,298,13,298,1210750.26315,6154778067.03812,932247.195975,278503.067175,605200.761525,2091522390.51793,2252,24204,828,4086,851142.54,425448.69
2016,31,cesarea_laqueadura,0,3616,0,0,4920519.91982499,7070094179.9981,3074328.70734999,1846191.21247499,0,0,8974,29490,0,0,3459064.97,0
2016,31,cesarea_laqueadura,1,26,0,26,92881.9668,575162674.712544,72149.811675,20732.155125,50366.2868,307487841.253874,195,2633,63,347,65294.88,35406.88
2016,31,normal,0,81112,9,0,68467491.6451996,59071929063.3625,36842342.2119283,31625149.4332743,0,0,146779,455503,0,0,48131804.3199997,0
2016,31,normal,1,33,1,33,110169.2679,539578135.51025,87235.054325,22934.213575,72481.5529,299102888.818859,188,1936,101,601,77447.64,50953.64
2016,31,normal_alto_risco,0,12944,4,0,15366499.1366249,18481216426.3624,8301452.27144987,7065046.86517491,0,0,32205,119827,0,0,10802459.85,0
2016,31,normal_alto_risco,1,40,3,40,145775.0119,829687467.334184,112270.798275,33504.213625,84639.57505,390259274.739254,258,2362,104,522,102478.04,59500.58
2016,31,normal_cpn,0,1538,0,0,1422189.368675,1320887909.08381,722080.018824999,700109.349849999,0,0,2060,3156,0,0,999781.63,0
2016,32,cesarea,0,13707,5,0,13732134.5755749,13837070901.5881,8339274.19932493,5392860.37624993,0,0,35207,120745,0,0,9653521.66999996,0
2016,32,cesarea,1,12,1,12,36709.5471,130023847.331409,28647.24385,8062.30325,22472.3136,57966583.85408,59,417,33,125,25806.36,15797.76
2016,32,cesarea_alto_risco,0,2368,0,0,3984183.94675,6757940621.46558,2473152.66775,1511031.279,0,0,8007,44331,0,0,2800832.3,0
2016,32,cesarea_alto_risco,1,49,2,49,154157.0078,562830261.653628,113579.071525,40577.936275,66054.9824,147930721.995612,237,2363,97,319,108370.48,46435.84
2016,32,cesarea_laqueadura,0,202,0,0,229374.1989,271914662.370995,140844.982525,88529.216375,0,0,468,1520,0,0,161247.24,0
2016,32,cesarea_laqueadura,1,1,0,1,4380.70255,19190554.8315765,3403.146325,977.556225,2042.9376,4173594.03749376,25,625,3,9,3079.58,1436.16
2016,32,normal,0,15465,0,0,12008361.7216,9394756257.83246,6504294.50595,5504067.21565,0,0,38327,124367,0,0,8441730.56000003,0
2016,32,normal,1,1,0,1,1749.376275,3060317.35153288,1231.586275,517.79,680.9792,463732.67083264,1,1,1,1,1229.79,478.72
2016,32,normal_alto_risco,0,1412,0,0,1589426.4489,1803001393.43518,827474.935750002,761951.51315,0,0,3663,15199,0,0,1117347.24,0
2016,32,normal_alto_risco,1,3,0,3,5664.59415,10858636.9105638,4167.925,1496.66915,2042.9376,1391198.01249792,9,29,3,3,3982.14,1436.16
2016,33,cesarea,0,21256,12,0,22474423.0821499,24310553190.8596,13990375.6238753,8484047.4582749,0,0,71803,435761,0,0,15799242.9399999,0
2016,33,cesarea,1,49,4,49,216777.150575,2218235674.10898,176364.921325,40412.22925,142274.737275,1347070736.36685,499,14489,237,3147,152391.67,100017.39
2016,33,cesarea_alto_risco,0,4844,0,0,8109506.28087502,13689542366.2599,5017748.193125,3091758.08774998,0,0,22846,204812,0,0,5700883.15000001,0
2016,33,cesarea_alto_risco,1,300,0,300,935207.418475,5077706968.99514,689382.917475,245824.501,395779.64295,2116912640.90902,2530,32842,990,6522,657439.31,278228.22
2016,33,cesarea_laqueadura,0,1536,0,0,1936594.586825,2542538070.84004,1214383.95405,722210.632775001,0,0,4968,33880,0,0,1361402.17,0
2016,33,cesarea_laqueadura,1,34,0,34,85946.1982,305147803.59955,59698.9679,26247.2303,30359.037675,113584912.867521,238,2682,102,612,60419.12,21342.03
2016,33,normal,0,78320,18,0,64055072.9925238,53287600909.8683,33768627.2991022,30286445.6934246,0,0,208275,1253009,0,0,45029928.2899991,0
2016,33,normal,1,52,2,52,142701.1601,562561470.443747,109841.452775,32859.707325,95946.017575,340443065.397161,326,3398,164,916,100317.16,67448.87
2016,33,normal_alto_risco,0,4491,0,0,4990193.13055001,5610669388.46902,2625825.69510001,2364367.43544999,0,0,16798,116578,0,0,3508044.38000001,0
2016,33,normal_alto_risco,1,51,0,51,100501.01905,260261183.388205,69002.48775,31498.5313,42370.001775,96138235.8374652,332,3050,135,571,70650.98,29785.59
2016,33,normal_cpn,0,16,0,0,11170.80715,7858422.90214924,6998.33015,4172.477,0,0,56,242,0,0,7852.94,0
2016,35,cesarea,0,111477,32,0,114545914.020557,118517725026.924,69381103.9489322,45164810.0716258,0,0,301044,1119596,0,0,80524368.3800049,0
2016,35,cesarea,1,574,16,574,1929325.754075,9617737512.10755,1529040.086325,400285.66775,1211639.26875,4870909345.02664,4197,54857,1806,10610,1356292.27,851767.500000001
2016,35,cesarea_alto_risco,0,36276,15,0,59140653.8480245,96881823340.0333,36433676.9380759,22706976.9099494,0,0,121319,611423,0,0,41575152.0899996,0
2016,35,cesarea_alto_risco,1,621,21,621,2511251.954675,14361393142.5155,1935195.743,576056.211675,1345724.872675,6064813677.09653,4801,57745,1993,12527,1765379.23,946028.030000001
2016,35,cesarea_laqueadura,0,8552,3,0,10509721.7831999,13464414489.7768,6473120.83097497,4036600.95222497,0,0,23112,96088,0,0,7388205.11999994,0
2016,35,cesarea_laqueadura,1,71,2,71,223243.53685,841654159.799954,169994.454225,53249.082625,115557.2427,316686574.048708,463,4061,174,736,156937.46,81235.32
2016,35,normal,0,184780,10,0,149765307.916716,122619554439.336,79418786.3620484,70346521.5546778,0,0,478580,1709408,0,0,105283169.009993,0
2016,35,normal,1,122,7,122,408147.839475,3465416639.78291,323936.294675,84211.5448,267871.544,2200682553.40622,961,18553,397,4735,286922.91,188310.4
2016,35,normal_alto_risco,0,20011,3,0,22231519.3292751,25003390657.1955,11777291.091875,10454228.2374,0,0,61976,260216,0,0,15628484.5900001,0
2016,35,normal_alto_risco,1,66,1,66,212402.707025,943817658.514327,159857.434725,52545.2723,128589.0497,475314606.803325,474,5492,187,999,149316.49,90396.52
2016,35,normal_cpn,0,1236,0,0,1027622.56345,856103421.715204,506868.64245,520753.921000001,0,0,3549,19951,0,0,722406.020000001,0
2016,41,cesarea,0,35096,9,0,36347665.1199505,38007635403.4752,22713659.5589007,13634005.5610504,0,0,92414,498622,0,0,25551961.4200004,0
2016,41,cesarea,1,132,9,132,376764.047025,1417698177.79757,293932.810875,82831.23615,211784.5312,654326798.544855,782,7064,311,1411,264860.49,148881.92
2016,41,cesarea_alto_risco,0,6050,1,0,10066172.4565,16845195056.2432,6277124.64149999,3789047.81499999,0,0,20540,106466,0,0,7076395.39999999,0
2016,41,cesarea_alto_risco,1,70,4,70,265543.90725,1220087195.40553,204943.81405,60600.0932,123342.10155,378463167.278583,484,4496,180,812,186674.1,86707.98
2016,41,cesarea_laqueadura,0,1848,0,0,2413861.67285,3253192304.40675,1502699.8672,911161.805650002,0,0,5331,23921,0,0,1696915.06,0
2016,41,cesarea_laqueadura,1,7,0,7,17758.361975,48413886.531738,13129.02065,4629.341325,6299.0007,6387069.45128926,47,411,9,13,12483.91,4428.12
2016,41,normal,0,47951,18,0,38586282.4174005,31309261404.9918,21687264.0297251,16899018.3876742,0,0,114115,477177,0,0,27125681.8400004,0
2016,41,normal,1,27,1,27,68344.197425,246295363.154355,53375.315275,14968.88215,39496.7936,108513444.974838,135,997,58,234,48045.13,27765.76
2016,41,normal_alto_risco,0,4944,0,0,5497469.73177502,6165674397.35628,3010004.50915001,2487465.22262499,0,0,14494,59968,0,0,3864653.59000002,0
2016,41,normal_alto_risco,1,4,0,4,12211.4797,45525008.7913152,9348.101,2863.3787,7490.7712,20867970.1874688,19,127,11,45,8584.52,5265.92
2016,42,cesarea,0,21341,8,0,22757304.0211,24562523825.1576,14077830.6251504,8679473.39594991,0,0,51096,171294,0,0,15998104.76,0
2016,42,cesarea,1,56,3,56,199577.4328,1190421983.05033,160338.296625,39239.136175,121214.2976,549059482.265846,380,4726,178,1184,140300.48,85212.16
2016,42,cesarea_alto_risco,0,6140,2,0,10446393.9609,17961838232.6725,6568096.27680002,3878297.68409998,0,0,21766,140904,0,0,7343686.43999999,0
2016,42,cesarea_alto_risco,1,47,2,47,188939.451475,1009847257.35407,147552.667475,41386.784,94963.7671,400402197.050092,392,4932,143,879,132822.11,66758.36
2016,42,cesarea_laqueadura,0,851,0,0,1103541.95745,1505561532.61776,692075.41125,411466.5462,0,0,2203,7931,0,0,775776.42,0
2016,42,cesarea_laqueadura,1,4,0,4,13997.101275,55832705.9645856,11154.6191,2842.482175,8171.7504,19476772.1749709,30,386,12,42,9839.79,5744.64
2016,42,normal,0,31803,10,0,26723012.5947503,22811321502.9391,14520340.3746246,12202672.220125,0,0,65612,189080,0,0,18785949.1000002,0
2016,42,normal,1,9,0,9,23815.651475,86785686.6023365,18896.817175,4918.8343,12938.6048,30142623.6041216,70,1132,19,65,16742.11,9095.68
2016,42,normal_alto_risco,0,4167,2,0,4842070.23972501,5682632592.90325,2625747.34380001,2216322.89592499,0,0,12434,57438,0,0,3403915.81000001,0
2016,42,normal_alto_risco,1,4,0,4,20860.208575,155555593.763319,16703.2226,4156.985975,14300.5632,88572940.1290343,60,1442,21,191,14664.47,10053.12
2016,43,cesarea,0,37904,7,0,40111374.3834256,43199343194.1994,25277797.1190003,14833577.2644257,0,0,106326,477522,0,0,28197802.7300004,0
2016,43,cesarea,1,121,1,121,408494.246675,1913851993.12217,328408.67735,80085.569325,230383.249275,843469600.303712,901,9893,336,1794,287166.43,161956.59
2016,43,cesarea_alto_risco,0,2745,0,0,4327997.45982499,6875201930.86436,2782561.8092,1545435.650625,0,0,12307,88217,0,0,3042528.96999999,0
2016,43,cesarea_alto_risco,1,50,0,50,207116.88195,1164710992.77572,163408.86245,43708.0195,111083.79315,405856206.977575,508,8196,159,827,145600.62,78090.54
2016,43,cesarea_laqueadura,0,674,0,0,804630.481925,992058058.551745,520334.53955,284295.942375,0,0,2542,19508,0,0,565645.33,0
2016,43,cesarea_laqueadura,1,3,0,3,50330.5536,1645792255.58176,44768.2941,5562.2595,29324.197375,584920192.582777,61,1931,41,1121,35381.76,20614.55
2016,43,normal,0,46640,7,0,37477864.1157259,30492861884.1601,20790228.09005,16687636.0256745,0,0,103151,330867,0,0,26346477.4100006,0
2016,43,normal,1,13,0,13,37052.79635,114107158.233561,29504.27165,7548.5247,20131.319575,36034856.8690753,112,1686,29,75,26047.66,14152.07
2016,43,normal_alto_risco,0,1592,0,0,1636943.9234,1704783106.80938,931435.375225003,705508.548175001,0,0,6096,43954,0,0,1150751.44,0
2016,43,normal_alto_risco,1,2,1,2,8601.9144,38275736.7362721,7113.4104,1488.504,5532.92755,18788336.6536156,9,53,8,40,6047.04,3889.58
2016,50,cesarea,0,12825,6,0,12793296.7948499,12895818697.3186,7959906.76392493,4833390.03092494,0,0,34978,280588,0,0,8993530.25999993,0
2016,50,cesarea,1,35,6,35,124368.1508,856114916.997225,99294.070475,25074.080325,80823.334725,537438479.188252,256,3262,117,1065,87429.28,56817.81
2016,50,cesarea_alto_risco,0,495,1,0,806194.748275,1318931512.22838,511628.142525,294566.60575,0,0,1954,10594,0,0,566744.99,0
2016,50,cesarea_alto_risco,1,25,2,25,122160.501925,1023937997.5615,98299.913675,23860.58825,70012.761475,479405900.608658,215,3073,101,1003,85877.33,49218.11
2016,50,cesarea_laqueadura,0,694,1,0,733030.167775,786006437.526554,461407.832675,271622.3351,0,0,1776,6696,0,0,515311.19,0
2016,50,cesarea_laqueadura,1,1,0,1,5827.342375,33957919.1554706,4759.0022,1068.340175,4766.8544,22722900.8707994,9,81,7,49,4096.55,3351.04
2016,50,normal,0,14440,2,0,10854133.0023249,8269277763.1969,6112972.08182496,4741160.9205,0,0,29362,121288,0,0,7630321.96999992,0
2016,50,normal,1,3,0,3,7912.329075,23272383.9794294,6126.522575,1785.8065,5447.8336,12057049.4416486,11,41,8,26,5562.27,3829.76
2016,50,normal_alto_risco,0,228,0,0,244365.456975,264672364.189609,139835.164,104530.292975,0,0,805,4331,0,0,171785.91,0
2016,50,normal_alto_risco,1,1,0,1,4075.448275,16609278.6422005,3235.0495,840.398775,2723.9168,7419722.73332224,13,169,4,16,2864.99,1914.88
2016,51,cesarea,0,12870,6,0,13009040.0582,13342668108.2636,7956689.01202493,5052351.04617498,0,0,32177,125185,0,0,9145195.12,0
2016,51,cesarea,1,19,0,19,55829.611425,196953046.683819,43007.367125,12822.2443,31410.13715,79073583.8618588,114,822,46,170,39247.53,22080.94
2016,51,cesarea_alto_risco,0,1496,0,0,2524793.898625,4310828194.8896,1563048.533525,961745.365100002,0,0,6435,45613,0,0,1774899.05,0
2016,51,cesarea_alto_risco,1,60,2,60,210218.4156,846243623.035361,158701.52545,51516.89015,91335.62395,203473084.069378,522,7918,131,413,147780.96,64207.82
2016,51,cesarea_laqueadura,0,1056,0,0,1392914.432475,1955627766.05617,867707.503250001,525206.929225001,0,0,2744,14654,0,0,979201.71,0
2016,51,cesarea_laqueadura,1,7,0,7,41480.569425,523911903.507318,33546.148925,7934.4205,26728.3767,330072473.692472,96,1874,39,711,29160.33,18789.72
2016,51,normal,0,17758,4,0,14156078.08265,11438359050.7528,7528678.09379984,6627399.9888501,0,0,31469,106517,0,0,9951548.73999999,0
2016,51,normal,1,12,0,12,33689.1813,115466091.280665,26045.477125,7643.704175,19450.340375,40806025.457344,86,852,28,84,23683.08,13673.35
2016,51,normal_alto_risco,0,432,0,0,482576.965575,547352836.680858,261373.663575,221203.302,0,0,1297,8883,0,0,339245.67,0
2016,51,normal_alto_risco,1,4,2,4,12341.083675,58899525.9078851,9823.941475,2517.1422,6809.792,24114098.8832973,13,87,10,52,8675.63,4787.2
2016,52,cesarea,0,18520,7,0,18687922.978875,19174165410.5882,11825694.6274002,6862228.35147485,0,0,46180,227040,0,0,13137379.95,0
2016,52,cesarea,1,22,1,22,99381.468875,611620329.443406,81448.665725,17932.80315,65374.0032,310700889.457869,155,1443,96,670,69863.95,45957.12
2016,52,cesarea_alto_risco,0,1538,1,0,2618807.67755,4490749612.9691,1621435.273625,997372.403924999,0,0,8110,67202,0,0,1840989.58,0
2016,52,cesarea_alto_risco,1,153,0,153,612526.53695,2942697060.85623,467408.933425,145117.603525,332998.8288,1137536241.55247,1413,20065,489,2453,430598.62,234094.08
2016,52,cesarea_laqueadura,0,1112,0,0,1267607.687725,1506299988.55901,797956.737825,469650.9499,0,0,3119,15715,0,0,891112.61,0
2016,52,cesarea_laqueadura,1,11,0,11,40587.42435,162689454.286486,30725.28875,9862.1356,22472.3136,57039118.5124147,95,1183,33,123,28532.46,15797.76
2016,52,normal,0,20372,6,0,16193346.067075,13114889407.3022,9196929.0231,6990874.69947501,0,0,44252,201832,0,0,11383723.07,0
2016,52,normal,1,3,0,3,6653.6584,17826999.1827873,5085.75045,1567.90795,4085.8752,8347188.07498752,14,86,6,18,4677.44,2872.32
2016,52,normal_alto_risco,0,1141,0,0,1305546.132575,1507840184.96127,710943.010275001,594603.1223,0,0,4777,29369,0,0,917782.87,0
2016,52,normal_alto_risco,1,22,0,22,88503.326875,497155461.217392,69452.154225,19051.17265,59926.1696,302353701.382881,190,2114,88,652,62216.75,42127.36
2016,53,cesarea,0,12275,6,0,13184356.9099749,14419209507.4243,7988120.72849997,5196236.18147496,0,0,48572,352700,0,0,9268440.70999992,0
2016,53,cesarea,1,24,0,24,69203.34475,219588747.723811,51678.856,17524.48875,40177.7728,85790544.1040384,187,1949,59,185,48649.1,28244.48
2016,53,cesarea_alto_risco,0,2158,2,0,3513430.289075,5796859140.81055,2193556.295525,1319873.99355,0,0,9696,97306,0,0,2469898.27,0
2016,53,cesarea_alto_risco,1,67,0,67,309662.588275,1877201168.18774,241156.62415,68505.964125,184545.3632,888975529.986171,1010,49138,271,1917,217688.99,129733.12
2016,53,cesarea_laqueadura,0,327,0,0,419543.8426,557984450.220152,258731.796575,160812.046025,0,0,1352,17592,0,0,294934.16,0
2016,53,normal,0,24231,2,0,20326340.7403,17262841821.0375,10673514.734875,9652826.00542501,0,0,70775,365727,0,0,14289167.48,0
2016,53,normal,1,6,0,6,13555.3439,32782850.0338901,9742.7594,3812.5845,8171.7504,12984514.7833139,27,169,12,28,9529.24,5744.64
2016,53,normal_alto_risco,0,884,0,0,963922.970774999,1068524303.90748,519156.837575001,444766.1332,0,0,3031,29819,0,0,677625.989999999,0
2016,53,normal_alto_risco,1,6,0,6,20410.91195,78005202.4611871,15548.024575,4862.887375,13619.584,38953544.3499418,46,416,20,84,14348.62,9574.4
2017,11,cesarea,0,7004,1,0,6635044.37809396,6331470436.80262,4225662.63935396,2409381.73873998,0,0,15308,70236,0,0,4795146.61999997,0
2017,11,cesarea,1,6,0,6,15905.6315,47249685.0611734,12203.431454,3702.200046,9936.07296,21500229.9886921,32,190,15,49,11495,7180.8
2017,11,cesarea_alto_risco,0,1753,1,0,3361382.116656,6660673107.31451,2404229.545627,957152.571028998,0,0,7898,69678,0,0,2429270.88,0
2017,11,cesarea_alto_risco,1,9,1,9,49104.842459,347281764.625577,39407.08415,9697.758309,33782.648064,208420596.829158,82,1024,51,475,35488.07,24414.72
2017,11,cesarea_laqueadura,0,1438,0,0,1519718.180458,1683752120.53297,990042.275972,529675.904486,0,0,3634,19114,0,0,1098300.34,0
2017,11,cesarea_laqueadura,1,3,0,3,7920.949139,26596542.5146281,6112.550098,1808.399041,3974.429184,7898043.66931545,22,180,6,18,5724.47,2872.32
2017,11,normal,0,7197,0,0,5222622.80649799,3819577883.47745,2902383.53261999,2320239.27387801,0,0,11916,49956,0,0,3774389.54,0
2017,11,normal,1,1,0,1,1449.01064,2099631.83483321,1021.72408,427.28656,662.404864,438780.203850859,2,4,1,1,1047.2,478.72
2017,11,normal_alto_risco,0,1458,0,0,1999683.015841,2900766785.99296,1286070.043871,713612.971969999,0,0,4830,49678,0,0,1445170.93,0
2017,11,normal_alto_risco,1,2,0,2,5839.380044,17558577.1979386,4384.336472,1455.043572,3312.02432,5704142.65006116,13,85,5,13,4220.12,2393.6
2017,12,cesarea,0,3345,0,0,3505772.512334,3734492043.16824,2120919.80721199,1384852.705122,0,0,10232,42124,0,0,2533621.82,0
2017,12,cesarea_alto_risco,0,1921,0,0,3073483.01894001,4933590048.69598,1888498.445208,1184984.573732,0,0,7061,54369,0,0,2221206.2,0
2017,12,cesarea_alto_risco,1,4,0,4,14536.114425,54385557.6331036,11046.229307,3489.885118,7286.453504,14479746.7270783,26,214,11,33,10505.25,5265.92
2017,12,cesarea_laqueadura,0,84,0,0,129119.508879,198894908.315299,81141.883788,47977.625091,0,0,247,863,0,0,93314.67,0
2017,12,cesarea_laqueadura,1,1,0,1,9696.858904,94029072.6040841,7949.010575,1747.848329,7948.858368,63184349.3545236,15,225,12,144,7007.92,5744.64
2017,12,normal,0,7631,3,0,6051424.915271,4881124528.83335,3211352.285584,2840072.62968701,0,0,14427,61059,0,0,4373364.83,0
2017,12,normal_alto_risco,0,8,0,0,9140.113372,10476404.9688529,5161.367044,3978.746328,0,0,25,93,0,0,6605.56,0
2017,13,cesarea,0,19347,5,0,21601219.4602018,25188283200.6584,14359741.9485572,7241477.51164483,0,0,79318,555920,0,0,15611201.4599998,0
2017,13,cesarea,1,34,0,34,213261.489496,2176204483.0892,175035.00586,38226.483636,172887.669504,1750294233.16107,401,7025,261,3989,154124.08,124945.92
2017,13,cesarea_alto_risco,0,211,0,0,367783.336574,652522458.872283,252490.325412,115293.011162,0,0,1387,15631,0,0,265797.02,0
2017,13,cesarea_alto_risco,1,24,1,24,170372.587199,1749424958.85148,138590.852357,31781.734842,131818.567936,1276411613.00215,321,6557,199,2909,123128.27,95265.28
2017,13,cesarea_laqueadura,0,313,0,0,339388.276667,376209715.596035,218599.55503,120788.721637,0,0,1088,5026,0,0,245275.91,0
2017,13,normal,0,35559,7,0,29010538.0383845,24428263406.4031,16220922.6965147,12789615.3418702,0,0,91124,547550,0,0,20965916.0499997,0
2017,13,normal,1,6,0,6,40087.532462,404045578.690893,32697.135414,7390.397048,34445.052928,336105636.149758,70,1322,52,766,28971.26,24893.44
2017,14,cesarea,0,632,3,0,592745.462455001,571957709.46907,376778.369001,215967.093454,0,0,1762,6794,0,0,428377.15,0
2017,14,cesarea_alto_risco,0,2686,0,0,4189264.82596401,6553004542.75269,2585708.553083,1603556.272881,0,0,9267,38577,0,0,3027581.72,0
2017,14,cesarea_laqueadura,0,359,0,0,468985.203557,641761902.075961,293720.406638,175264.796919,0,0,1058,3576,0,0,338935.61,0
2017,14,normal,0,6049,0,0,5027950.081172,4224899017.16308,2590975.17818599,2436974.90298601,0,0,14021,72739,0,0,3633699.56,0
2017,14,normal_alto_risco,0,412,0,0,421984.885776,435562339.277761,231861.669191,190123.216585,0,0,1201,4433,0,0,304968.48,0
2017,15,cesarea,0,41570,16,0,39659867.0311034,38476039316.0435,25177557.1579376,14482309.8731653,0,0,96437,548623,0,0,28662186.1900003,0
2017,15,cesarea,1,48,1,48,141936.542098,506349680.71705,111305.270784,30631.271314,87563.912228,236308346.024612,301,3679,125,499,102577.54,63282.44
2017,15,cesarea_alto_risco,0,5810,6,0,9603350.89331198,17363006200.1947,6082636.53803899,3520714.35527297,0,0,20758,117752,0,0,6940341.75999999,0
2017,15,cesarea_alto_risco,1,49,7,49,256962.08405,1852291532.6572,206672.531488,50289.552562,158314.762496,940305976.85239,379,4067,239,2143,185706.5,114414.08
2017,15,cesarea_laqueadura,0,579,0,0,523181.965157,480553043.113003,343611.951732,179570.013425,0,0,1418,4852,0,0,378103.61,0
2017,15,normal,0,55873,14,0,40548876.9710145,30023537450.7008,22965583.027575,17583293.9434431,0,0,90131,617773,0,0,29304673.6799989,0
2017,15,normal,1,7,1,7,15932.115518,39010973.0028296,12343.046784,3589.068734,8769.032706,11355143.9967709,39,627,12,22,11514.14,6337.38
2017,15,normal_alto_risco,0,4869,16,0,5233403.80818901,5670530821.81015,2873515.98067401,2359887.82751498,0,0,12144,45594,0,0,3782180.97000001,0
2017,15,normal_alto_risco,1,8,0,8,24908.827757,92585134.9526135,18592.984455,6315.843302,15235.311872,43439240.181235,60,562,23,99,18001.61,11010.56
2017,15,normal_cpn,0,83,0,0,59371.24612,43463270.9515469,32600.24874,26770.99738,0,0,162,484,0,0,42907.6,0
2017,16,cesarea,0,3127,2,0,3028526.64745099,2942934917.82145,1831856.13222799,1196670.515223,0,0,11188,240798,0,0,2188716.23,0
2017,16,cesarea,1,2,0,2,5943.877068,17665647.9618384,4615.995526,1327.881542,3974.429184,7898043.66931545,11,61,6,18,4295.64,2872.32
2017,16,normal,0,9517,1,0,6977951.70827502,5129268665.08609,3759753.45624501,3218198.25203001,0,0,24058,231012,0,0,5042965.75000002,0
2017,16,normal,1,3,0,3,6730.773421,15467138.4743518,5261.284021,1469.4894,3312.02432,3949021.83465773,18,114,5,9,4864.33,2393.6
2017,17,cesarea,0,7272,4,0,7601733.20196798,8105795227.83985,4551110.38758698,3050622.814381,0,0,19398,67640,0,0,5493772.63999999,0
2017,17,cesarea,1,9,1,9,50765.102578,741139410.720567,42405.935649,8359.166929,30470.623744,290472494.949268,94,1434,46,662,36687.94,22021.12
2017,17,cesarea_alto_risco,0,1070,0,0,1740716.337927,2852457875.53434,1073668.856013,667047.481914001,0,0,3966,25302,0,0,1258015.71,0
2017,17,cesarea_alto_risco,1,13,0,13,49592.070903,231684212.590063,37869.959494,11722.111409,23846.575104,79857997.1008562,170,2834,36,182,35840.19,17233.92
2017,17,cesarea_laqueadura,0,449,0,0,467876.251029,512144334.287771,292383.531046,175492.719983,0,0,1215,6309,0,0,338134.17,0
2017,17,cesarea_laqueadura,1,1,0,1,16970.181095,287987046.397095,14702.22761,2267.953485,13910.502144,193502069.898229,28,784,21,441,12264.35,10053.12
2017,17,normal,0,9004,8,0,7290548.59182397,6007863849.31446,3853467.37533,3437081.216494,0,0,17508,54690,0,0,5268879.51999998,0
2017,17,normal,1,2,0,2,6028.891596,19063135.556647,4675.978921,1352.912675,3974.429184,8775604.07701717,18,170,6,20,4357.08,2872.32
2017,17,normal_alto_risco,0,82,0,0,90398.463189,100632652.595241,48624.449493,41774.013696,0,0,244,1276,0,0,65330.97,0
2017,21,cesarea,0,18497,5,0,17538028.9930158,16883579860.7326,11243866.2913252,6294162.70169087,0,0,47161,253807,0,0,12674733.6799999,0
2017,21,cesarea,1,6,0,6,22858.336564,113131450.447963,18620.976706,4237.359858,13993.275078,43665408.3161946,45,447,21,99,16519.72,10112.94
2017,21,cesarea_alto_risco,0,4418,3,0,7498164.22555798,12933590817.0532,4763978.31129199,2734185.91426599,0,0,18587,124401,0,0,5418923.33999999,0
2017,21,cesarea_alto_risco,1,16,1,16,83860.453015,583108412.476024,66940.348023,16920.104992,49265.39317,263511430.39828,223,4853,70,532,60605.95,35604.1
2017,21,cesarea_laqueadura,0,316,0,0,386547.830644,521670267.189048,247686.368078,138861.462566,0,0,914,3996,0,0,279358.12,0
2017,21,cesarea_laqueadura,1,1,0,1,3107.721015,9657929.90707263,2248.858425,858.86259,1407.582662,1981288.95036301,13,169,2,4,2245.95,1017.26
2017,21,normal,0,52144,10,0,37181887.5484791,26929637545.3243,20896560.3279104,16285327.2205704,0,0,90158,550974,0,0,26871350.3999994,0
2017,21,normal_alto_risco,0,5236,3,0,5677439.39251303,6186251374.93449,3019458.70787101,2657980.68464198,0,0,17708,110150,0,0,4103085.49000002,0
2017,21,normal_alto_risco,1,4,0,4,10759.692711,30403882.9737559,7852.677381,2907.01533,6334.121979,11392411.4645873,27,187,9,23,7776.03,4577.67
2017,21,normal_cpn,0,70,0,0,43819.0116000001,27430082.5371562,26791.1994,17027.8122,0,0,70,70,0,0,31668,0
2017,22,cesarea,0,15611,3,0,14944274.3628028,14509913052.3592,9367796.80683397,5576477.55596898,0,0,39890,165108,0,0,10800227.1899999,0
2017,22,cesarea,1,32,1,32,60581.623858,131258663.05301,43938.0098,16643.614058,22736.349572,36940695.9310718,219,1877,62,184,43782.34,16431.56
2017,22,cesarea_alto_risco,0,2549,1,0,4354098.212997,7647744329.73478,2764328.282859,1589769.930138,0,0,15522,220438,0,0,3146706.81,0
2017,22,cesarea_alto_risco,1,266,1,266,674559.229452,2035233972.70027,484908.006774,189651.222678,164122.87092,299354231.746133,3078,86344,780,4356,487503.96,118611.6
2017,22,cesarea_laqueadura,0,6,0,0,6697.550784,7476197.75070984,4155.500166,2542.050618,0,0,11,23,0,0,4840.32,0
2017,22,normal,0,19438,8,0,13947014.887512,10176481440.4688,7829208.66669208,6117806.22082002,0,0,33214,129998,0,0,10079507.76,0
2017,22,normal,1,8,0,8,11010.585195,15220252.3046124,7151.736472,3858.848723,3355.085064,1622539.65845854,55,479,15,33,7957.35,2424.72
2017,22,normal_alto_risco,0,933,3,0,1097171.747711,1445433196.51579,587389.796257,509781.951454,0,0,4177,48027,0,0,792926.03,0
2017,22,normal_alto_risco,1,22,1,22,43857.174046,98110286.8209843,29831.714106,14025.45994,12117.0609,10912782.4721645,236,4722,63,295,31695.58,8757
2017,22,normal_cpn,0,77,0,0,62430.247058,50723766.8165537,31038.245158,31392.0019,0,0,186,714,0,0,45118.34,0
2017,23,cesarea,0,40394,12,0,38422804.804647,36932226470.6981,24156302.7195557,14266502.0850923,0,0,102638,596450,0,0,27768161.31,0
2017,23,cesarea,1,20,0,20,57067.814567,211320294.113064,44777.9157,12289.898867,34894.312644,110143005.008252,172,2198,69,349,41242.91,25218.12
2017,23,cesarea_alto_risco,0,7057,2,0,11588575.0882099,19288058223.0653,7143490.93451496,4445084.15369498,0,0,37293,559169,0,0,8375063.29999995,0
2017,23,cesarea_alto_risco,1,156,11,156,633777.702255,3580018871.64856,488793.021264,144984.680991,339151.290368,1608568227.31725,1433,20245,512,3666,458031.15,245104.64
2017,23,cesarea_laqueadura,0,2228,2,0,2376687.52293301,2686927350.29854,1523031.450108,853656.072825003,0,0,5717,32337,0,0,1717632.09,0
2017,23,cesarea_laqueadura,1,12,0,12,49916.382509,283093225.814337,38251.500932,11664.881577,28483.409152,130317720.543705,118,1742,43,297,36074.57,20584.96
2017,23,normal,0,38711,2,0,27727363.4421115,20145161737.3897,15715040.9664133,12012322.4756982,0,0,64156,364410,0,0,20038565.7599997,0
2017,23,normal,1,3,0,3,6164.051412,15088502.4434873,4625.681426,1538.369986,3504.35862,5741135.13301765,12,56,6,14,4454.76,2532.6
2017,23,normal_alto_risco,0,3152,2,0,3423811.36744999,3780611479.27351,1841127.64175201,1582683.72569799,0,0,10282,81042,0,0,2474388.49999999,0
2017,23,normal_alto_risco,1,14,1,14,56674.580864,354042970.849116,45455.029295,11219.551569,33120.2432,136899423.601468,137,2415,50,312,40958.72,23936
2017,23,normal_cpn,0,7884,9,0,5456586.57889204,3794140248.97328,3122890.18601204,2333696.39287999,0,0,13829,29563,0,0,3943475.16000003,0
2017,24,cesarea,0,14601,4,0,14707709.7325409,14966381346.7552,8995642.79090703,5712066.94163394,0,0,37882,232644,0,0,10629261.9299999,0
2017,24,cesarea,1,14,0,14,33661.048508,86308389.9336536,25198.436167,8462.612341,18547.336192,29837053.8618584,63,367,28,68,24326.84,13404.16
2017,24,cesarea_alto_risco,0,4888,2,0,7878572.10884401,12746800767.2291,4847125.826719,3031446.28212498,0,0,18189,106759,0,0,5693844.12000001,0
2017,24,cesarea_alto_risco,1,488,2,488,1667758.707551,6494275152.31568,1246830.553465,420928.154086,857814.29888,2195217359.86585,2757,24931,1295,5003,1205289.23,619942.4
2017,24,cesarea_laqueadura,0,445,0,0,509627.22612,599844825.381974,322104.632174,187522.593946,0,0,1439,97037,0,0,368307.6,0
2017,24,normal,0,13758,4,0,10762083.564719,8523693368.91937,5842751.01394004,4919332.55077905,0,0,35044,171888,0,0,7777757.87000001,0
2017,24,normal,1,1,0,1,1514.04454,2292330.86910381,989.705262,524.339278,662.404864,438780.203850859,2,4,1,1,1094.2,478.72
2017,24,normal_alto_risco,0,2475,0,0,2665577.94483999,2889346586.33234,1438216.53467001,1227361.41017,0,0,8631,51013,0,0,1926413.2,0
2017,24,normal_alto_risco,1,35,0,35,98951.500325,307511579.175188,73234.826997,25716.673328,60941.247488,132511621.562959,268,10134,92,302,71512.25,44042.24
2017,25,cesarea,0,15487,3,0,15868084.5237598,16525173072.6742,9948060.14681805,5920024.37694194,0,0,36895,165557,0,0,11467864.7999999,0
2017,25,cesarea,1,33,0,33,94956.523196,311306084.431521,72774.165593,22182.357603,57073.75064,137930083.532623,209,1755,89,329,68625.08,41247.2
2017,25,cesarea_alto_risco,0,4612,1,0,7310236.913199,11740637327.4335,4676721.151517,2633515.76168199,0,0,20551,372865,0,0,5283108.27,0
2017,25,cesarea_alto_risco,1,136,4,136,679837.200895,5287900324.59261,541068.473903,138768.726992,441824.044288,3214064993.20754,1487,32801,667,7325,491318.35,319306.24
2017,25,cesarea_laqueadura,0,771,0,0,1019525.3807,1413167130.53796,645597.489047,373927.891653,0,0,2025,7889,0,0,736811.000000001,0
2017,25,normal,0,18440,2,0,14804979.9128331,12062744925.5412,8170178.56780709,6634801.34502606,0,0,37743,237909,0,0,10699559.0900001,0
2017,25,normal,1,20,0,20,49194.699937,142415592.996904,36833.042388,12361.657549,31325.362908,65415242.8567344,100,1000,48,150,35553.01,22638.84
2017,25,normal_alto_risco,0,3100,2,0,3186710.59494901,3319991009.17641,1842224.83283001,1344485.762119,0,0,11343,72303,0,0,2303035.77000001,0
2017,25,normal_alto_risco,1,20,2,20,78303.458467,405945569.279077,62320.18756,15983.270907,55642.008576,249227155.787288,163,1957,84,568,56589.91,40212.48
2017,26,cesarea,0,23437,3,0,22331756.2593171,21407594362.1489,13838687.3252915,8493068.93402585,0,0,57458,203316,0,0,16139160.41,0
2017,26,cesarea,1,15,0,15,48382.647918,195368952.51572,38280.074337,10102.573581,31133.028608,97847985.4587414,149,2021,47,223,34966.14,22499.84
2017,26,cesarea_alto_risco,0,13929,4,0,23425076.0491307,39693621850.2893,14483677.9927031,8941398.05642815,0,0,53890,305814,0,0,16929302.6299998,0
2017,26,cesarea_alto_risco,1,1234,7,1234,3978232.574027,14796329684.0273,2936785.704685,1041446.869342,1876249.711416,4592329552.40963,7928,64280,2774,10004,2875068.71,1355965.68
2017,26,cesarea_laqueadura,0,1358,0,0,2034126.477514,3165851332.96457,1254937.16747,779189.310044001,0,0,4599,25555,0,0,1470063.22,0
2017,26,cesarea_laqueadura,1,29,0,29,97051.915454,377336641.576793,74116.755866,22935.159588,53943.724381,152996958.134752,157,991,77,311,70139.42,38985.13
2017,26,normal,0,51812,6,0,39015866.0827894,29895895798.2993,21540658.0937123,17475207.9890779,0,0,104265,514245,0,0,28196766.6999996,0
2017,26,normal,1,80,0,80,156750.282091,327166701.860833,109900.566218,46849.715873,76176.55936,91705062.6048294,416,2872,115,209,113283.43,55052.8
2017,26,normal_alto_risco,0,11363,3,0,13307497.044177,15763968859.3883,7118280.390973,6189216.65320399,0,0,31123,123315,0,0,9617328.20999999,0
2017,26,normal_alto_risco,1,159,0,159,436517.333396,1797811801.53171,318202.778055,118314.555341,249268.006363,907601133.780057,799,5469,361,1973,315471.08,180145.99
2017,26,normal_cpn,0,544,0,0,460063.175142,389628588.526572,237103.719782,222959.45536,0,0,1216,3236,0,0,332487.66,0
2017,27,cesarea,0,17637,4,0,18136942.4089169,18794850862.4656,11372790.6846673,6764151.72424986,0,0,39617,116427,0,0,13107568.4099999,0
2017,27,cesarea,1,45,1,45,135895.017321,522089538.253354,107032.626576,28862.390745,80316.534412,242333312.659222,308,2968,121,551,98211.33,58044.76
2017,27,cesarea_alto_risco,0,1837,1,0,3030055.359211,5047476995.05663,1893389.340413,1136666.018798,0,0,10060,87462,0,0,2189821.03,0
2017,27,cesarea_alto_risco,1,103,1,103,346206.389232,1318097363.27256,259491.930434,86714.458798,167588.430592,404116567.746641,774,7550,253,921,250203.36,121116.16
2017,27,cesarea_laqueadura,0,4,0,0,5822.33286,8475106.33586192,3530.09544,2292.23742,0,0,12,38,0,0,4207.8,0
2017,27,normal,0,21336,6,0,15983173.383824,12113479024.7157,9008352.79493088,6974820.588893,0,0,33593,177551,0,0,11551039.52,0
2017,27,normal,1,5,0,5,10750.878542,25954422.3201449,8145.786552,2605.09199,5961.643776,9214384.28086803,23,119,9,21,7769.66,4308.48
2017,27,normal_alto_risco,0,946,0,0,1036143.382471,1152602034.63854,566932.497444,469210.885027,0,0,3899,37265,0,0,748820.829999999,0
2017,27,normal_alto_risco,1,6,1,6,17784.322501,93814371.4804012,13423.979387,4360.343114,10598.477824,55286305.6852082,32,236,16,126,12852.73,7659.52
2017,28,cesarea,0,6215,2,0,6180196.05000095,6165580025.36885,3743723.78987697,2436472.26012397,0,0,15285,63693,0,0,4466427.72999997,0
2017,28,cesarea,1,27,0,27,77968.03575,231597998.706726,60599.750328,17368.285422,49680.3648,97847985.4587414,138,760,75,223,56347.5,35904
2017,28,cesarea_alto_risco,0,1751,1,0,2761232.655382,4361184095.4539,1701673.581987,1059559.073395,0,0,6941,43927,0,0,1995542.86,0
2017,28,cesarea_laqueadura,0,42,0,0,40188.168963,38699213.8731553,23932.184623,16255.98434,0,0,183,8853,0,0,29043.99,0
2017,28,normal,0,15565,1,0,11974194.5806871,9261783650.08998,6501618.60109698,5472575.97959004,0,0,25535,66443,0,0,8653750.5100001,0
2017,28,normal,1,8,0,8,22875.964902,68853920.6443129,17765.933128,5110.031774,15897.716736,35102416.3080687,41,225,24,80,16532.46,11489.28
2017,28,normal_alto_risco,0,1766,0,0,1854699.801572,1952699410.60063,985600.031655003,869099.769917,0,0,4997,21791,0,0,1340391.56,0
2017,29,cesarea,0,44574,15,0,41941071.3807831,40040464968.4127,26388312.1894169,15552759.1913666,0,0,117970,597950,0,0,30310812.59,0
2017,29,cesarea,1,52,3,52,187428.654553,994946935.392387,149891.419561,37537.234992,122544.89984,550669155.832828,428,6578,185,1255,135454.69,88563.2
2017,29,cesarea_alto_risco,0,9158,5,0,14325634.1171558,22582012871.4954,8956800.61611895,5368833.50103702,0,0,37349,279797,0,0,10353135.8799999,0
2017,29,cesarea_alto_risco,1,106,4,106,384060.629894,1700084612.4641,294430.562989,89630.066905,180174.123008,521270882.17482,886,20876,272,1188,277560.62,130211.84
2017,29,cesarea_laqueadura,0,616,0,0,594610.302619,594916940.041434,374350.169219,220260.1334,0,0,1633,16263,0,0,429724.87,0
2017,29,normal,0,96654,17,0,68646760.98504,49558581776.8228,38487037.7914176,30159723.19363,0,0,174959,986403,0,0,49611014.6599985,0
2017,29,normal,1,13,2,13,45456.703572,303860920.837899,37048.609011,8408.094561,29808.21888,179461103.375001,133,2343,45,409,32851.56,21542.4
2017,29,normal_alto_risco,0,8131,6,0,8377599.07216704,8793978177.55358,4606290.97372399,3771308.09844296,0,0,24673,176609,0,0,6054490.91000003,0
2017,29,normal_alto_risco,1,13,1,13,38870.748193,129375849.257327,29239.573528,9631.174665,20534.550784,39051438.1427264,71,1177,31,89,28091.89,14840.32
2017,29,normal_cpn,0,1322,0,0,910957.788040001,630147766.428328,521181.674599999,389776.113439999,0,0,2182,5718,0,0,658349.2,0
2017,31,cesarea,0,60088,17,0,61406733.0651902,63615055303.7766,37635634.9633418,23771098.1018482,0,0,139622,479784,0,0,44378646.4299994,0
2017,31,cesarea,1,192,4,192,599143.566722,3146463843.48351,472990.171,126153.395722,364024.48785,1827263232.54797,1195,12247,538,3972,433001.06,263080.5
2017,31,cesarea_alto_risco,0,14954,6,0,25321265.6385817,43325602753.9081,15817910.6070071,9503355.03157514,0,0,49717,243385,0,0,18299678.8599998,0
2017,31,cesarea_alto_risco,1,235,6,235,941807.365703,5193241860.42686,723865.068173,217942.29753,489286.69775,2074212702.2891,1636,16298,688,4354,680644.19,353607.5
2017,31,cesarea_laqueadura,0,4130,0,0,5460621.66948399,7653140637.47658,3416863.47766199,2043758.19182199,0,0,10181,33607,0,0,3946391.31999999,0
2017,31,cesarea_laqueadura,1,27,1,27,79114.555733,270531814.569398,59456.827965,19657.727768,34527.673655,69030877.1568856,186,1918,49,129,57176.09,24953.15
2017,31,normal,0,80922,6,0,66764690.1307476,56321332834.849,35977123.0247622,30787567.1059883,0,0,147370,428190,0,0,48250842.0399997,0
2017,31,normal,1,34,1,34,74207.457401,179479134.670117,55282.122043,18925.335358,40075.425087,58081120.3738599,142,764,57,115,53629.73,28962.51
2017,31,normal_alto_risco,0,11958,0,0,13875532.86249,16307135892.1153,7527382.90521591,6348149.95727391,0,0,30579,118141,0,0,10027847.7,0
2017,31,normal_alto_risco,1,45,1,45,170898.061111,775930123.675836,134117.05968,36781.001431,100028.475546,285767245.911986,282,2042,133,509,123508.03,72290.58
2017,31,normal_cpn,0,1817,0,0,1623333.912091,1459119761.52393,833964.901027999,789369.011062998,0,0,2596,4244,0,0,1173183.43,0
2017,32,cesarea,0,13703,1,0,13509392.4067629,13387975115.3528,8265792.90198293,5243599.50477993,0,0,34467,148049,0,0,9763237.98999995,0
2017,32,cesarea,1,10,0,10,24305.202469,61769996.156114,18210.474427,6094.728042,12585.692416,17989988.3578852,55,371,19,41,17565.37,9095.68
2017,32,cesarea_alto_risco,0,4085,4,0,6655378.74899901,10941120411.0693,4193725.182914,2461653.56608498,0,0,14489,78711,0,0,4809842.27,0
2017,32,cesarea_alto_risco,1,79,0,79,264290.560523,1103912398.95986,199443.280142,64847.280381,121029.05649,323674130.122312,385,3833,185,757,191002.79,87467.7
2017,32,cesarea_laqueadura,0,187,0,0,200948.399817,227687720.495231,123954.156779,76994.243038,0,0,446,3110,0,0,145225.41,0
2017,32,normal,0,16016,0,0,12304922.901719,9735116075.09041,6779989.20852493,5524933.693194,0,0,38554,119772,0,0,8892767.86999998,0
2017,32,normal,1,4,0,4,7185.360382,13258413.3781943,5073.280702,2112.07968,3974.429184,4387802.03850859,8,22,6,10,5192.86,2872.32
2017,32,normal_alto_risco,0,1903,0,0,2035344.396417,2200504277.99615,1098245.31903,937099.077386999,0,0,5344,24990,0,0,1470943.41,0
2017,32,normal_alto_risco,1,4,0,4,9107.23666,22096234.8325692,6707.042966,2400.193694,3312.02432,3071461.42695601,10,26,5,7,6581.8,2393.6
2017,33,cesarea,0,31216,11,0,32530438.2937632,34681259211.8685,20149260.5291012,12381177.7646622,0,0,101741,675739,0,0,23509747.9900002,0
2017,33,cesarea,1,83,1,83,287303.387192,1276713584.52451,228919.590903,58383.796289,175126.316223,587793525.040335,691,7923,318,2144,207634.16,126563.79
2017,33,cesarea_alto_risco,0,8149,3,0,13300209.9403339,21862910590.8738,8253121.30947101,5047088.63086303,0,0,36557,296789,0,0,9612061.81999996,0
2017,33,cesarea_alto_risco,1,448,4,448,1460330.55133,7622269875.20926,1086673.837203,373656.714127,683237.643645,3396650925.44067,3599,54517,1491,9915,1055380.9,493775.85
2017,33,cesarea_laqueadura,0,2691,1,0,3417555.894979,4524891245.86038,2098939.442135,1318616.452844,0,0,8453,41893,0,0,2469867.67,0
2017,33,cesarea_laqueadura,1,46,0,46,131416.243324,489594670.186553,95783.408479,35632.834845,57545.979776,175681358.064035,362,4020,155,763,94974.52,41588.48
2017,33,normal,0,76567,7,0,62618682.8662716,52126071421.3067,32958235.5774346,29660447.2888387,0,0,199153,851441,0,0,45254522.5599997,0
2017,33,normal,1,43,0,43,134605.076833,710988944.515997,104751.043646,29854.033187,92602.005439,453015633.001671,284,4136,148,1126,97279.09,66923.47
2017,33,normal_alto_risco,0,5896,4,0,6497967.25202603,7242041865.57247,3407723.11522402,3090244.13680198,0,0,22123,168769,0,0,4696080.98000002,0
2017,33,normal_alto_risco,1,60,0,60,143894.878871,807853210.582736,103579.644737,40315.234134,69931.008018,498742516.470678,463,7631,177,1335,103992.83,50539.14
2017,33,normal_cpn,0,2,0,0,1296.80364,840849.840358625,810.29472,486.50892,0,0,13,109,0,0,937.2,0
2017,35,cesarea,0,115018,36,0,115108745.327404,115992783924.676,69884406.9945342,45224338.3328696,0,0,306234,1347534,0,0,83189091.0800058,0
2017,35,cesarea,1,683,14,683,2119326.615032,10801353149.0259,1671944.192496,447382.422536,1308216.854221,5650241223.41561,4696,61340,1996,12636,1531637.36,945448.330000001
2017,35,cesarea_alto_risco,0,36765,25,0,58619722.3832228,93882050900.3486,36184591.4881618,22435130.8950614,0,0,124164,634470,0,0,42364473.7899999,0
2017,35,cesarea_alto_risco,1,756,20,756,2706241.56696,13385982492.2558,2057310.910657,648930.656303,1381396.540773,5161644794.59052,5239,57533,2211,12503,1955800.8,998335.290000001
2017,35,cesarea_laqueadura,0,9763,3,0,11811055.1191939,14881739893.6072,7293797.13198797,4517257.98720597,0,0,26021,119509,0,0,8535849.61999994,0
2017,35,cesarea_laqueadura,1,84,1,84,248617.307601,863189350.625975,188642.367008,59974.940593,128261.393487,290276681.876831,619,10575,201,819,179675.73,92694.51
2017,35,normal,0,186496,22,0,147571418.103629,118096462250.068,78602772.3978634,68968645.7057778,0,0,481076,1612498,0,0,106649864.929991,0
2017,35,normal,1,114,2,114,316284.90067,1410222107.16921,245854.626018,70430.274652,203086.825145,769439502.038411,752,8120,311,1735,228579.1,146770.85
2017,35,normal_alto_risco,0,20338,6,0,22136934.7170561,24258907736.1286,11740995.03964,10395939.677416,0,0,63270,265558,0,0,15998362.8800001,0
2017,35,normal_alto_risco,1,66,1,66,204950.157076,772437757.098648,154518.097251,50432.059825,123668.824002,340971883.297358,437,4137,189,767,148117.48,89375.46
2017,35,normal_cpn,0,1416,0,0,1150890.883745,937984351.88455,575238.474944999,575652.4088,0,0,3828,13138,0,0,831748.850000002,0
2017,41,cesarea,0,35296,7,0,35782720.6329025,36674109980.6175,22387288.7203646,13395431.9125384,0,0,92026,437774,0,0,25860172.4600003,0
2017,41,cesarea,1,113,5,113,326587.7925,1251765122.36053,257511.869571,69075.922929,184148.552192,549352815.221275,629,4989,278,1252,236025,133084.16
2017,41,cesarea_alto_risco,0,7603,1,0,12301427.16355,19997484917.0981,7708129.40956597,4593297.753984,0,0,24933,111019,0,0,8890241.49999997,0
2017,41,cesarea_alto_risco,1,87,3,87,311098.004361,1361039406.3167,238901.395148,72196.609213,142124.545417,410910773.739056,511,4273,209,881,224830.53,102713.41
2017,41,cesarea_laqueadura,0,2259,0,0,2805378.884358,3586334154.41884,1749881.316388,1055497.56797,0,0,6309,24759,0,0,2027447.34,0
2017,41,cesarea_laqueadura,1,12,0,12,32748.000226,121121584.196127,24395.585753,8352.414473,15731.949476,50283144.0332288,61,435,23,103,23666.98,11369.48
2017,41,normal,0,46849,3,0,36852547.4936587,29220707419.6868,20764716.811863,16087830.6817941,0,0,111094,343696,0,0,26633336.3400005,0
2017,41,normal,1,12,0,12,25036.25269,56336346.644665,18842.341032,6193.911658,13248.09728,17551208.1540343,46,214,20,40,18093.7,9574.4
2017,41,normal_alto_risco,0,5963,0,0,6498668.12375004,7159883645.6613,3637016.87244401,2861651.251306,0,0,17260,165400,0,0,4696587.50000003,0
2017,41,normal_alto_risco,1,8,0,8,22211.539836,71198732.5041065,16828.324171,5383.215665,11302.269155,23311892.8378354,39,233,17,53,16052.28,8168.15
2017,42,cesarea,0,20446,3,0,21218803.177877,22282722046.0898,13181274.6156623,8037528.5622149,0,0,48808,153002,0,0,15334829.21,0
2017,42,cesarea,1,62,1,62,176961.365326,712309176.936835,140320.892467,36640.472859,94061.490688,258880320.272007,404,4330,142,590,127889.98,67978.24
2017,42,cesarea_alto_risco,0,7112,1,0,11659784.85642,19288226493.8016,7353128.49987402,4306656.35654598,0,0,24034,138570,0,0,8426526.59999997,0
2017,42,cesarea_alto_risco,1,50,1,50,167897.687542,663496379.691992,128812.811774,39084.875768,67287.559864,160302744.337389,433,5227,103,369,121339.66,48628.72
2017,42,cesarea_laqueadura,0,982,1,0,1215587.742099,1580429761.96833,764192.727933,451395.014166,0,0,2484,8530,0,0,878505.27,0
2017,42,cesarea_laqueadura,1,4,0,4,15564.245036,64544309.6428769,12553.20314,3011.041896,6624.04864,13163406.1155258,46,564,10,30,11248.28,4787.2
2017,42,normal,0,31006,4,0,25417194.9443893,21155442815.0553,13873098.9341896,11544096.010199,0,0,63216,173926,0,0,18369006.9700002,0
2017,42,normal,1,3,0,3,7092.597134,21438322.1235966,5598.837636,1493.759498,3974.429184,7898043.66931545,17,109,6,18,5125.82,2872.32
2017,42,normal_alto_risco,0,4822,1,0,5328800.59705102,5937059685.54634,2906265.50297001,2422535.09408099,0,0,13294,55106,0,0,3851124.23000001,0
2017,42,normal_alto_risco,1,3,1,3,5744.942519,11312463.8128195,4285.498781,1459.443738,2649.619456,2632681.22310515,8,40,4,6,4151.87,1914.88
2017,43,cesarea,0,39230,7,0,40653604.6578064,42894233089.6796,25751105.8169323,14902498.8408748,0,0,109293,510855,0,0,29380360.3800003,0
2017,43,cesarea,1,109,4,109,322262.360137,1118198328.00236,255567.522005,66694.838132,179180.183624,415800609.907062,735,7447,269,935,232899.01,129493.52
2017,43,cesarea_alto_risco,0,3129,0,0,4857386.95848299,7640023533.3532,3157437.203793,1699949.75468999,0,0,14770,134448,0,0,3510433.58999999,0
2017,43,cesarea_alto_risco,1,72,1,72,324519.825176,2066499014.69597,259759.980798,64759.844378,183319.273108,925124197.475033,747,11679,271,2045,234530.48,132484.84
2017,43,cesarea_laqueadura,0,570,0,0,670954.428049,809151446.365867,435964.489898,234989.938151,0,0,1911,10543,0,0,484898.77,0
2017,43,cesarea_laqueadura,1,3,0,3,7463.359549,18680231.0585034,5745.219259,1718.14029,2815.165324,2971933.42554451,25,257,4,6,5393.77,2034.52
2017,43,normal,0,45275,6,0,35571712.927804,28314793779.6873,19792364.393193,15779348.5346095,0,0,102289,352735,0,0,25707677.1900007,0
2017,43,normal,1,20,1,20,70323.798937,391553567.121328,57305.132954,13018.665983,43801.272566,189960080.596352,157,1891,65,427,50823.01,31655.18
2017,43,normal_alto_risco,0,1344,0,0,1358957.769723,1396712243.41268,779390.790601001,579566.979122,0,0,5081,28333,0,0,982118.789999999,0
2017,43,normal_alto_risco,1,10,1,10,37447.502047,183089224.046357,30110.045361,7337.456686,21610.820318,66038563.1736549,102,2408,32,142,27063.31,15618.14
2017,50,cesarea,0,13480,3,0,13065977.7716509,12793378376.6924,8168559.54194794,4897418.22970295,0,0,36322,198358,0,0,9442782.22999994,0
2017,50,cesarea,1,65,2,65,198637.828372,851389509.697599,157964.589537,40673.238835,111148.912684,353353190.797692,485,5685,167,803,143555.56,80327.32
2017,50,cesarea_alto_risco,0,703,0,0,1121172.024211,1819745749.38328,717441.725218,403730.298993,0,0,3180,24592,0,0,810271.03,0
2017,50,cesarea_alto_risco,1,14,2,14,44588.238104,197306348.286151,34770.692886,9817.545218,21734.979719,79905268.0567291,73,539,32,166,32223.92,15707.87
2017,50,cesarea_laqueadura,0,949,0,0,989244.476063,1048802065.09925,625040.217909,364204.258154,0,0,2631,38179,0,0,714926.99,0
2017,50,cesarea_laqueadura,1,1,0,1,1636.073043,2676735.00203128,1244.624313,391.44873,662.404864,438780.203850859,6,36,1,1,1182.39,478.72
2017,50,normal,0,14576,3,0,10683958.0915829,7931220780.43536,6070566.70281997,4613391.38876299,0,0,31615,190617,0,0,7721296.58999994,0
2017,50,normal,1,4,0,4,11476.490822,51139057.6775184,9159.775749,2316.715073,7948.858368,30714614.2695601,30,402,12,70,8294.06,5744.64
2017,50,normal_alto_risco,0,229,0,0,243788.955636,262809144.019125,138527.672615,105261.283021,0,0,990,6508,0,0,176186.28,0
2017,50,normal_cpn,0,142,0,0,91313.794576,58811451.3919149,54881.527056,36432.26752,0,0,171,237,0,0,65992.48,0
2017,51,cesarea,0,14028,1,0,13929782.163179,14029995123.2692,8539197.89440594,5390584.26877298,0,0,34214,124510,0,0,10067053.67,0
2017,51,cesarea,1,29,2,29,95355.60995,447714951.439466,75509.47759,19846.13236,57629.223168,213685959.275368,193,1663,87,487,68913.5,41648.64
2017,51,cesarea_alto_risco,0,1787,0,0,2938027.021955,4885312103.07256,1817369.236012,1120657.785943,0,0,7554,58248,0,0,2123312.15,0
2017,51,cesarea_alto_risco,1,61,1,61,228154.100389,1192201732.13753,174605.256314,53548.844075,110910.874773,412586283.960291,499,5881,165,901,164886.97,80155.29
2017,51,cesarea_laqueadura,0,1111,0,0,1416386.536272,1919513060.967,882935.192499001,533451.343773001,0,0,2824,18902,0,0,1023622.56,0
2017,51,cesarea_laqueadura,1,2,0,2,7839.089447,32659659.3818418,6179.811755,1659.277692,2111.373993,2476611.18795376,51,1341,3,5,5665.31,1525.89
2017,51,normal,0,18394,3,0,14338931.474156,11351160578.2198,7645739.01306785,6693192.46108811,0,0,31955,91011,0,0,10362745.88,0
2017,51,normal,1,5,0,5,9193.565703,18390370.9949135,6384.239593,2809.32611,4636.834048,5704142.65006116,21,91,7,13,6644.19,3351.04
2017,51,normal_alto_risco,0,579,0,0,631141.158764,693805449.837722,342413.086378,288728.072386,0,0,1733,9501,0,0,456125.72,0
2017,51,normal_alto_risco,1,5,0,5,9613.601675,18863634.4426009,6704.649165,2908.95251,3974.429184,3510241.63080687,21,93,6,8,6947.75,2872.32
2017,52,cesarea,0,19404,2,0,18982166.352312,19110721098.1146,11945618.9479303,6893749.56438185,0,0,46621,259799,0,0,13718411.76,0
2017,52,cesarea,1,18,1,18,81082.177133,484570734.524372,66228.337514,14853.839619,54317.198848,258002759.864305,164,2162,82,588,58598.09,39255.04
2017,52,cesarea_alto_risco,0,1471,0,0,2472939.106307,4217719629.37287,1549394.698772,923544.407535,0,0,7570,54750,0,0,1787193.11,0
2017,52,cesarea_alto_risco,1,141,3,141,581209.085097,2957677607.63509,448203.482442,133005.602655,326565.597952,1238676515.47097,1285,16349,493,2823,420039.81,236008.96
2017,52,cesarea_laqueadura,0,1504,0,0,1624055.594663,1858340079.54361,1029847.685841,594207.908822,0,0,3890,15962,0,0,1173704.99,0
2017,52,cesarea_laqueadura,1,16,1,16,46348.4152,145445724.098886,34018.222989,12330.192211,20534.550784,35541196.5119196,114,1042,31,81,33496,14840.32
2017,52,normal,0,20171,0,0,15536563.342628,12190794234.6019,8782339.90110699,6745751.599901,0,0,43735,142677,0,0,11228274.44,0
2017,52,normal,1,3,0,3,5584.668548,12094938.989891,4233.596194,1351.072354,3312.02432,4826582.24235944,37,1037,5,11,4036.04,2393.6
2017,52,normal_alto_risco,0,1239,0,0,1407965.933063,1615195370.92192,785485.435621001,622480.497442,0,0,5460,34136,0,0,1017536.99,0
2017,52,normal_alto_risco,1,17,0,17,64077.597256,306056574.397908,50010.847708,14066.749548,43056.31616,169807938.890282,126,1102,65,387,46308.88,31116.8
2017,53,cesarea,0,11708,2,0,12374694.6181929,13268167190.405,7547260.54442498,4827434.07376796,0,0,47580,330162,0,0,8943191.88999992,0
2017,53,cesarea,1,27,0,27,83287.822607,420007616.438471,63777.251334,19510.571273,50342.769664,223777903.963938,161,1425,76,510,60192.11,36382.72
2017,53,cesarea_alto_risco,0,2073,0,0,3367919.946949,5548210059.61325,2104390.805025,1263529.141924,0,0,10168,107476,0,0,2433995.77,0
2017,53,cesarea_alto_risco,1,117,0,117,425559.259616,1838314974.00127,321954.652931,103604.606685,213294.366208,615169845.798904,1362,26226,322,1402,307551.68,154147.84
2017,53,cesarea_laqueadura,0,373,0,0,461325.746044,589682563.469472,286401.616065,174924.129979,0,0,1349,14925,0,0,333400.12,0
2017,53,cesarea_laqueadura,1,3,0,3,14589.940355,88435273.3131357,11442.659357,3147.280998,7948.858368,32469735.0849635,58,1390,12,74,10544.15,5744.64
2017,53,normal,0,22283,0,0,18448720.9446118,15495912846.7924,9742320.36750005,8706400.57711201,0,0,68047,384257,0,0,13332890.7599999,0
2017,53,normal,1,5,0,5,16351.252085,54826581.0127958,12904.842821,3446.409264,11260.882688,26765592.4349024,49,669,17,61,11817.05,8138.24
2017,53,normal_alto_risco,0,1136,0,0,1226317.40852,1348632004.69512,658156.780467001,568160.628053,0,0,3848,37240,0,0,886259.599999998,0
2017,53,normal_alto_risco,1,13,0,13,70411.816094,913232470.841273,56935.79575,13476.020344,52992.38912,674843953.52262,166,4386,80,1538,50886.62,38297.6
2017,53,normal_cpn,0,374,0,0,265741.300788,189111823.795607,146503.443948,119237.85684,0,0,523,913,0,0,192051.24,0
2018,11,cesarea,0,7690,2,0,7055137.37385597,6540901614.23043,4546299.20358895,2508838.17026698,0,0,17432,119974,0,0,5305013.43999998,0
2018,11,cesarea,1,5,0,5,11976.893214,30803325.712203,9315.005271,2661.887943,7003.147008,11754363.4087117,31,295,11,29,9005.86,5265.92
2018,11,cesarea_alto_risco,0,1772,0,0,3326647.700805,6463238264.87576,2397801.680703,928846.020101998,0,0,7356,51238,0,0,2501426.95,0
2018,11,cesarea_alto_risco,1,6,2,6,31153.559151,251079122.638654,25165.631205,5987.927946,20372.791296,151590755.684765,71,1069,32,374,23425.49,15319.04
2018,11,cesarea_laqueadura,0,1378,1,0,1347675.031131,1354993033.22829,868649.373306,479025.657825,0,0,3145,10479,0,0,1013365.69,0
2018,11,normal,0,7831,2,0,5545324.67174402,3968005123.2913,3129965.332065,2415359.33967901,0,0,13319,75987,0,0,4169730.56000001,0
2018,11,normal,1,1,0,1,3962.410452,15700696.5901188,3191.068452,771.342,3183.24864,10133071.9040619,6,36,5,25,2979.48,2393.6
2018,11,normal_alto_risco,0,1256,0,0,1756618.350201,2609251636.66665,1169172.315597,587446.034603999,0,0,3643,21397,0,0,1320864.99,0
2018,12,cesarea,0,3237,1,0,3066027.357393,2955286783.87097,1965922.62695399,1100104.730439,0,0,9508,36454,0,0,2305457.07,0
2018,12,cesarea,1,2,0,2,15062.021832,127225475.859576,12684.040941,2377.980891,11459.695104,78632637.97552,33,549,18,194,11325.68,8616.96
2018,12,cesarea_alto_risco,0,1612,0,0,2377113.969087,3515093798.78741,1522786.953831,854327.015255999,0,0,6019,40375,0,0,1787438.13,0
2018,12,cesarea_alto_risco,1,1,0,1,3176.120376,10087740.6428424,2487.830631,688.289745,1273.299456,1621291.5046499,7,49,2,4,2388.24,957.44
2018,12,cesarea_laqueadura,0,88,0,0,98963.910045,116123365.747069,62476.401273,36487.508772,0,0,299,1629,0,0,74414.55,0
2018,12,cesarea_laqueadura,1,2,0,2,5979.36339,17887320.3782333,4685.530278,1293.833112,3819.898368,7295811.77092453,17,185,6,18,4496.1,2872.32
2018,12,normal,0,5224,1,0,3670040.38186499,2613799619.82471,2058351.94035901,1611688.441506,0,0,10121,233477,0,0,2759636.34999999,0
2018,12,normal_alto_risco,0,49,0,0,49006.070256,49323965.8509375,27250.18296,21755.887296,0,0,137,635,0,0,36849.44,0
2018,12,normal_cpn,0,2332,0,0,1699240.586043,1243334298.47812,955383.363363,743857.22268,0,0,4911,17491,0,0,1277720.57,0
2018,13,cesarea,0,18778,6,0,20649514.3345919,23894512259.8336,13949309.0777042,6700205.25688786,0,0,73481,455805,0,0,15527118.0799999,0
2018,13,cesarea,1,44,1,44,184870.968282,976094171.66559,149661.121038,35209.847244,127966.595328,551644434.457127,432,5428,201,1361,139011.18,96222.72
2018,13,cesarea_alto_risco,0,927,1,0,1660940.609757,3075579913.41442,1174434.95598,486505.653777,0,0,5946,63718,0,0,1248921.43,0
2018,13,cesarea_alto_risco,1,53,3,53,250131.089637,1839545246.31025,200319.206373,49811.883264,156615.833088,1079780142.09683,526,7652,246,2664,188082.63,117765.12
2018,13,cesarea_laqueadura,0,447,0,0,465459.135141,508050075.47584,306965.629542,158493.505599,0,0,1479,6485,0,0,349995.59,0
2018,13,normal,0,35564,10,0,28522335.8161171,23862385640.002,16272793.3664009,12249542.4497161,0,0,91848,673778,0,0,21446977.8300001,0
2018,13,normal,1,10,1,10,40547.573781,217153108.213809,32273.467941,8274.10584,30559.186944,143484298.161516,77,765,48,354,30489.19,22978.56
2018,13,normal_alto_risco,0,23,0,0,24679.925127,26706389.2180907,13933.083021,10746.842106,0,0,74,286,0,0,18557.73,0
2018,14,cesarea,0,753,0,0,711541.982580001,685503240.467718,434395.703313,277146.279267,0,0,2028,6192,0,0,535034.2,0
2018,14,cesarea_alto_risco,0,3218,0,0,4828766.23986901,7262080171.8361,2962514.697285,1866251.54258399,0,0,10201,36337,0,0,3630924.31000001,0
2018,14,cesarea_laqueadura,0,350,0,0,451870.177044,601757494.170451,278678.629944,173191.5471,0,0,1002,3256,0,0,339777.56,0
2018,14,normal,0,4665,0,0,3680575.437396,2943375571.71624,1907496.98139,1773078.456006,0,0,9807,33949,0,0,2767558.04,0
2018,14,normal_alto_risco,0,516,0,0,510001.103469,507048759.532053,276449.092491,233552.010978,0,0,1249,3701,0,0,383488.31,0
2018,14,normal_cpn,0,2125,0,0,1643462.106429,1275157042.87751,816957.716288999,826504.390139998,0,0,4592,13634,0,0,1235778.71,0
2018,15,cesarea,0,43102,16,0,39668359.0038457,37109027743.2794,25173507.4845534,14494851.5192916,0,0,102141,510759,0,0,29828076.5500005,0
2018,15,cesarea,1,49,1,49,135655.332384,446394383.417304,105518.601474,30136.73091,83369.196768,209285105.2777,314,3422,126,476,102004.16,62688.32
2018,15,cesarea_alto_risco,0,5688,9,0,8831157.72824999,13814327213.5481,5716653.12203697,3114504.60621301,0,0,19833,103219,0,0,6640467.49999999,0
2018,15,cesarea_alto_risco,1,122,3,122,404040.562926,1528300695.29737,311299.467765,92741.095161,194814.816768,462068078.825221,824,11412,306,1140,303812.74,146488.32
2018,15,cesarea_laqueadura,0,764,0,0,684279.418251,621825749.60138,452831.242578,231448.175673,0,0,2093,31253,0,0,514534.49,0
2018,15,cesarea_laqueadura,1,2,0,2,5085.816879,13268184.4395434,3910.664043,1175.152836,2673.923538,3583039.32372824,14,116,4,8,3824.21,2010.62
2018,15,normal,0,55293,7,0,38834662.6341952,27840433619.1518,22011854.372509,16822808.261689,0,0,93925,515863,0,0,29201190.0399994,0
2018,15,normal,1,3,0,3,7638.001371,22710513.285412,5949.906105,1688.095266,5093.197824,12159686.2848742,16,98,8,30,5743.29,3829.76
2018,15,normal_alto_risco,0,4768,6,0,4847260.76019899,4973364801.47916,2749263.47681701,2097997.28338201,0,0,11949,54959,0,0,3644831.00999999,0
2018,15,normal_alto_risco,1,14,1,14,36569.909376,135085383.964928,28132.252434,8437.656942,21009.441024,67688920.3191332,60,562,33,167,27498.24,15797.76
2018,15,normal_cpn,0,1447,1,0,984262.447739999,670531227.932917,530301.880679999,453960.56706,0,0,1759,12965,0,0,740102.599999999,0
2018,16,cesarea,0,4071,4,0,3827318.98391698,3620939088.64568,2340944.89157099,1486374.09234599,0,0,13439,192347,0,0,2877899.82999999,0
2018,16,cesarea,1,1,0,1,1466.387637,2150292.70194644,1095.30564,371.081997,636.649728,405322.876162474,3,9,1,1,1102.63,478.72
2018,16,cesarea_laqueadura,0,193,0,0,208295.521005,228801006.928593,130616.155098,77679.365907,0,0,651,3699,0,0,156624.95,0
2018,16,normal,0,9582,1,0,6806631.92738102,4857455037.76596,3705435.20490001,3101196.72248101,0,0,23144,329166,0,0,5118153.19000002,0
2018,17,cesarea,0,6838,10,0,6572343.21829797,6379135321.93004,4072385.33558998,2499957.88270798,0,0,17895,69867,0,0,4941983.01999998,0
2018,17,cesarea,1,7,1,7,23839.907091,91438966.7583372,19301.23767,4538.669421,15279.593472,41342933.3685724,50,478,24,102,17926.09,11489.28
2018,17,cesarea_alto_risco,0,1292,1,0,1974916.647561,3047476901.82693,1270243.531986,704673.115575,0,0,5193,40539,0,0,1485011.39,0
2018,17,cesarea_alto_risco,1,14,0,14,62795.510778,551693349.17389,49722.633675,13072.877103,38835.633408,356278808.146815,138,2162,61,879,47218.22,29201.92
2018,17,cesarea_laqueadura,0,528,1,0,508626.492231,502220080.324121,320396.941293,188229.550938,0,0,1515,20915,0,0,382454.69,0
2018,17,normal,0,8035,14,0,6128052.97919098,4752318885.29761,3390260.275545,2737792.70364601,0,0,14895,71051,0,0,4607905.08999998,0
2018,17,normal_alto_risco,0,69,0,0,70028.796981,71801879.4859954,39491.832666,30536.964315,0,0,190,980,0,0,52657.19,0
2018,21,cesarea,0,27792,20,0,25331857.9328097,23412845686.2815,16277596.7258197,9054261.20699086,0,0,69976,426232,0,0,19047941.8999998,0
2018,21,cesarea,1,5,0,5,25843.720617,187113462.983585,21416.762796,4426.957821,18462.842112,108221207.935381,42,436,29,267,19432.83,13882.88
2018,21,cesarea_alto_risco,0,6164,7,0,9518481.54028197,14956451384.3587,6286131.25011297,3232350.29016902,0,0,24086,150498,0,0,7157291.17999998,0
2018,21,cesarea_alto_risco,1,7,0,7,23469.529941,84544997.7326917,18046.397226,5423.132715,10822.832592,21962569.7464608,103,2091,16,48,17647.59,8138.08
2018,21,cesarea_laqueadura,0,592,0,0,609507.280239,668380440.732929,397840.64892,211666.631319,0,0,1678,9250,0,0,458310.61,0
2018,21,normal,0,53150,10,0,36810722.5345853,25790023747.4684,20655345.2013487,16155377.3332384,0,0,96627,605441,0,0,27679316.1399995,0
2018,21,normal,1,1,0,1,4192.789029,17579479.8417028,3373.517433,819.271596,3382.135185,11438838.409615,12,144,5,25,3152.71,2543.15
2018,21,normal_alto_risco,0,4927,3,0,4770590.29632904,4657814570.71676,2725845.25441801,2044745.04191099,0,0,16228,93620,0,0,3587179.71000003,0
2018,21,normal_alto_risco,1,2,0,2,5874.913044,18170610.4337339,4481.071452,1393.841592,4058.562222,9151070.72769199,26,340,6,20,4417.56,3051.78
2018,21,normal_cpn,0,817,0,0,491411.083020001,295575651.137757,300399.40788,191011.67514,0,0,877,2861,0,0,369509.8,0
2018,22,cesarea,0,17243,6,0,15660287.121765,14368021331.9045,9927673.151682,5732613.97008295,0,0,45203,263327,0,0,11775537.35,0
2018,22,cesarea,1,31,0,31,72818.062746,292058061.583181,56727.443058,16090.619688,38014.819128,152033986.21152,218,2650,81,463,54754.54,28584.72
2018,22,cesarea_alto_risco,0,3265,4,0,5024223.83720402,7815759530.77088,3305400.30077401,1718823.53643,0,0,15703,127951,0,0,3777895.96000002,0
2018,22,cesarea_alto_risco,1,211,1,211,504574.326828,1346241068.54633,374569.885833,130004.440995,125146.196604,149887717.319082,2007,27821,633,3235,379407.72,94101.96
2018,22,cesarea_laqueadura,0,1,0,0,1243.975161,1547474.20118498,823.47408,420.501081,0,0,3,9,0,0,935.39,0
2018,22,normal,0,19630,2,0,13609726.733031,9572637207.59229,7687255.90647309,5922470.826558,0,0,34328,257668,0,0,10233646.69,0
2018,22,normal,1,9,0,9,14423.576739,25427268.9251184,10396.785828,4026.790911,6407.883768,6904704.2637342,54,472,20,50,10845.61,4818.32
2018,22,normal_alto_risco,0,1188,0,0,1212114.134946,1267687850.05593,685068.993180001,527045.141766,0,0,4650,40758,0,0,911432.54,0
2018,22,normal_alto_risco,1,14,1,14,24293.097114,48371669.1017224,17507.189271,6785.907843,8133.6684,7244416.87392852,107,1235,44,212,18266.86,6116
2018,22,normal_cpn,0,123,0,0,88204.101414,63447938.6291557,48194.591874,40009.50954,0,0,268,704,0,0,66323.86,0
2018,23,cesarea,0,41676,3,0,37976353.0871012,34915831954.0459,23986336.8077195,13990016.2793825,0,0,107097,590313,0,0,28555795.9900001,0
2018,23,cesarea,1,36,0,36,123878.735409,582451142.414988,100342.058817,23536.676592,77364.325896,261565931.901869,295,3161,157,953,93148.91,58173.04
2018,23,cesarea_alto_risco,0,8829,7,0,13400124.9443489,20595702871.177,8560280.50448995,4839844.43985905,0,0,43446,650452,0,0,10076039.51,0
2018,23,cesarea_alto_risco,1,150,4,150,642114.380193,4579067862.17895,510189.856176,131924.524017,356523.84768,1997431133.72867,1354,19460,560,4928,482829.07,268083.2
2018,23,cesarea_laqueadura,0,2571,1,0,2537969.85585,2585400023.68724,1634417.29694099,903552.558909003,0,0,6249,21053,0,0,1908391.5,0
2018,23,cesarea_laqueadura,1,3,0,3,12376.075998,62255631.8536479,9615.655764,2760.420234,5093.197824,9727749.02789938,93,6201,8,24,9306.02,3829.76
2018,23,normal,0,37905,1,0,25780206.2287767,17733016572.4849,14784096.4973123,10996109.731464,0,0,62151,439155,0,0,19385071.2299998,0
2018,23,normal,1,5,0,5,12404.123589,33739937.6689696,9726.822105,2677.301484,7639.796736,12970332.0371992,24,130,12,32,9327.11,5744.64
2018,23,normal_alto_risco,0,3669,1,0,3589164.42842102,3553409478.0396,2035387.34685001,1553777.081571,0,0,10921,73281,0,0,2698822.79000001,0
2018,23,normal_alto_risco,1,10,0,10,33239.015238,132749884.766654,26735.352072,6503.663166,17189.542656,42558901.9970598,85,1243,27,105,24993.62,12925.44
2018,23,normal_cpn,0,8368,3,0,5626455.63351303,3799905550.74382,3208674.55923304,2417781.07427999,0,0,16617,45165,0,0,4230735.87000002,0
2018,24,cesarea,0,15278,0,0,14616566.0153369,14111866884.8259,8976105.045336,5640460.97000093,0,0,38981,205203,0,0,10990725.63,0
2018,24,cesarea,1,12,0,12,29272.136322,82820078.6874775,22003.035912,7269.10041,16552.892928,33236475.8453229,59,363,26,82,22010.78,12446.72
2018,24,cesarea_alto_risco,0,6092,3,0,9185638.357467,13894352860.0637,5749031.16001498,3436607.197452,0,0,21444,189222,0,0,6907014.33,0
2018,24,cesarea_alto_risco,1,461,1,461,1599776.394216,7008207284.49864,1218752.516982,381023.877234,891309.6192,3072347401.31155,2846,24578,1400,7580,1202929.84,670208
2018,24,cesarea_laqueadura,0,490,0,0,514834.851102,548932889.343386,322533.359148,192301.491954,0,0,1237,3631,0,0,387122.98,0
2018,24,cesarea_laqueadura,1,1,0,1,3097.73607,9595968.75937905,2359.628271,738.107799,1909.949184,3647905.88546227,8,64,3,9,2329.3,1436.16
2018,24,normal,0,14316,0,0,10605601.4329981,7930442008.49254,5805290.73095401,4800310.70204403,0,0,36808,345410,0,0,7974736.02000005,0
2018,24,normal,1,1,0,1,2194.760568,4816973.95084768,1600.641042,594.119526,1273.299456,1621291.5046499,3,9,2,4,1650.32,957.44
2018,24,normal_alto_risco,0,2872,0,0,2871082.183827,2887916166.10841,1602549.03623101,1268533.147596,0,0,9763,47221,0,0,2158870.73,0
2018,24,normal_alto_risco,1,39,1,39,108757.386738,326390517.563948,82519.669947,26237.716791,70031.47008,149158818.42779,218,1370,110,368,81778.62,52659.2
2018,25,cesarea,0,15734,4,0,15308727.6311969,15046513468.7926,9655883.04466507,5652844.58653191,0,0,37866,170420,0,0,11511187.0299999,0
2018,25,cesarea,1,39,2,39,127147.48332,586164785.483418,100260.150276,26887.333044,81491.165184,317773134.91138,312,4582,128,784,95606.8,61276.16
2018,25,cesarea_alto_risco,0,4922,1,0,7329550.24315799,11018566993.6475,4769464.93494901,2560085.308209,0,0,21075,258529,0,0,5511354.41999999,0
2018,25,cesarea_alto_risco,1,145,2,145,702485.177394,5648577626.65869,560561.906619,141923.270775,464754.30144,3622775867.14019,1523,28953,730,8938,528224.06,349465.6
2018,25,cesarea_laqueadura,0,824,0,0,875626.972935001,963552492.420125,568345.079874,307281.893061,0,0,2174,11364,0,0,658415.65,0
2018,25,cesarea_laqueadura,1,3,0,3,18544.763952,133565678.661685,15604.900311,2939.863641,9549.74592,53097296.7772841,75,1901,15,131,13944.48,7180.8
2018,25,normal,0,18430,4,0,13906775.6041502,10600005617.3375,7843995.06118803,6062780.54296203,0,0,39280,198408,0,0,10457008.5000002,0
2018,25,normal,1,7,0,7,15604.993404,37300300.8894755,11792.994642,3811.998762,10186.395648,17023560.7988239,29,135,16,42,11733.96,7659.52
2018,25,normal_alto_risco,0,3461,1,0,3335064.62460601,3238854339.99622,1949123.29025701,1385941.334349,0,0,11638,60820,0,0,2507755.94000001,0
2018,25,normal_alto_risco,1,19,0,19,71224.084503,329820549.371364,56730.47523,14493.609273,50295.328512,190096428.9202,166,1896,79,469,53555.97,37818.88
2018,26,cesarea,0,25248,8,0,23014267.0560662,21124766365.5692,14346592.7512056,8667674.30486091,0,0,61399,233471,0,0,17305261.3400001,0
2018,26,cesarea,1,6,0,6,27103.242309,140365197.495968,21968.498409,5134.7439,19736.141568,75795377.8423826,69,1601,31,187,20379.91,14840.32
2018,26,cesarea_alto_risco,0,13784,9,0,21634374.7319698,34168735416.6641,13737345.7323961,7897028.99957413,0,0,51642,272038,0,0,16267670.2999998,0
2018,26,cesarea_alto_risco,1,1187,12,1187,3540376.169187,12405013556.6095,2635768.347927,904607.82126,1646602.731774,3967010303.32057,7497,61449,2527,9291,2662137.13,1238140.26
2018,26,cesarea_laqueadura,0,1382,0,0,1617283.782972,1949315066.26531,1013477.065887,603806.717085,0,0,4610,23906,0,0,1216094.28,0
2018,26,cesarea_laqueadura,1,35,0,35,98335.06683,320163306.654054,76181.818713,22153.248117,54512.148834,129619297.966279,260,3564,81,285,73941.7,40989.66
2018,26,normal,0,51908,7,0,37336063.9946576,27278641286.1569,20691213.9874443,16644850.0072139,0,0,102917,611561,0,0,28074339.4199997,0
2018,26,normal,1,87,0,87,151321.47459,281599622.088321,105959.596314,45361.878276,70031.47008,69715534.6999456,429,2973,110,172,113784.1,52659.2
2018,26,normal_alto_risco,0,10946,14,0,11596007.686263,12391932467.5108,6529283.317128,5066724.36913495,0,0,29779,116773,0,0,8719458.37000003,0
2018,26,normal_alto_risco,1,122,0,122,327630.1743,1172435107.89019,246538.670664,81091.503636,189838.291071,513578790.730118,621,3887,285,1163,246357,142746.29
2018,26,normal_cpn,0,485,0,0,358834.535631,265927479.392676,200309.418309,158525.117322,0,0,1020,2520,0,0,269820.69,0
2018,26,normal_cpn,1,1,0,1,1508.266188,2274866.89386405,1085.743659,422.522529,676.427037,457553.5363846,12,144,1,1,1134.12,508.63
2018,27,cesarea,0,18050,2,0,18107417.745846,18309569626.0733,11418061.4806832,6689356.26516287,0,0,41196,121108,0,0,13615623.54,0
2018,27,cesarea,1,37,0,37,102712.326288,330140785.443378,80216.083662,22496.242626,61317.260433,139090499.589565,246,2288,96,342,77233.12,46106.67
2018,27,cesarea_alto_risco,0,1868,1,0,2954205.402291,4716832790.43607,1843002.789342,1111202.612949,0,0,9881,83049,0,0,2221374.09,0
2018,27,cesarea_alto_risco,1,125,2,125,411683.57802,1500624653.25142,309557.125878,102126.452142,208184.461056,471390504.976958,905,8777,327,1163,309559.8,156541.44
2018,27,cesarea_laqueadura,0,9,0,0,13399.434048,20045414.2823181,8380.670727,5018.763321,0,0,43,277,0,0,10075.52,0
2018,27,cesarea_laqueadura,1,1,0,1,2268.875895,5147797.82691205,1617.637164,651.238731,636.649728,405322.876162474,7,49,1,1,1706.05,478.72
2018,27,normal,0,22323,6,0,16174848.332643,11862011994.8409,9143552.24897387,7031296.083669,0,0,35212,212396,0,0,12162454.57,0
2018,27,normal,1,6,1,6,12060.277944,26368183.1690791,9155.377374,2904.90057,6366.49728,8106457.52324948,30,182,10,20,9068.56,4787.2
2018,27,normal_alto_risco,0,940,0,0,983219.606654999,1038848326.46991,536769.889227,446449.717428,0,0,3559,21667,0,0,739318.449999999,0
2018,27,normal_alto_risco,1,11,0,11,22524.755682,48971818.5653889,15818.522148,6706.233534,10823.045376,13375654.9133616,62,410,17,33,16937.18,8138.24
2018,28,cesarea,0,6418,0,0,6142362.11803496,5898597716.12517,3724751.47043998,2417610.64759497,0,0,16175,151523,0,0,4618664.64999997,0
2018,28,cesarea,1,15,0,15,52850.944146,211502734.010943,41993.826732,10857.117414,36289.034496,109842499.44003,114,1076,57,271,39740.54,27287.04
2018,28,cesarea_alto_risco,0,2713,1,0,3965981.034015,5809083168.81406,2568902.518611,1397078.515404,0,0,11214,61246,0,0,2982164.85,0
2018,28,cesarea_laqueadura,0,49,0,0,45168.231537,41742912.0194125,27195.377781,17972.853756,0,0,110,270,0,0,33963.63,0
2018,28,normal,0,16259,1,0,12063681.4506782,9000949479.2867,6579639.16938905,5484042.28128905,0,0,26887,70265,0,0,9071119.22000015,0
2018,28,normal,1,10,0,10,27498.834363,81230941.1116669,21434.53026,6064.304103,18462.842112,39316318.98776,63,413,29,97,20677.37,13882.88
2018,28,normal_alto_risco,0,1831,1,0,1741797.120063,1661609732.32587,994942.449072003,746854.670991002,0,0,5582,28658,0,0,1309720.37,0
2018,29,cesarea,0,45028,24,0,40578383.6806923,37060940024.007,25691515.6499427,14886868.0307497,0,0,118394,845982,0,0,30512357.0800002,0
2018,29,cesarea,1,36,1,36,120320.521464,476153503.523043,96570.42252,23750.098944,79581.216,245220340.078297,274,2918,125,605,90473.36,59840
2018,29,cesarea_alto_risco,0,9613,15,0,14066091.5598059,20742174612.2824,9054311.55700498,5011780.00280105,0,0,39326,456252,0,0,10576803.9399999,0
2018,29,cesarea_alto_risco,1,111,1,111,397189.583076,1901114840.88704,310650.343575,86539.239501,190994.9184,647705956.107634,813,14887,300,1598,298661.24,143616
2018,29,cesarea_laqueadura,0,976,1,0,888077.204157001,826722277.637856,564465.01683,323612.187327,0,0,2388,8632,0,0,667777.43,0
2018,29,cesarea_laqueadura,1,1,0,1,3875.102517,15016419.5172597,3146.80938,728.293137,2546.598912,6485166.01859959,6,36,4,16,2913.83,1914.88
2018,29,normal,0,90903,24,0,61887869.5745288,42771781470.0738,34899000.434302,26988869.1402342,0,0,164965,863167,0,0,46535731.6899983,0
2018,29,normal,1,7,1,7,27347.106072,172327563.503751,22499.607273,4847.498799,21009.441024,116327665.45863,52,698,33,287,20563.28,15797.76
2018,29,normal_alto_risco,0,7733,29,0,7308321.30213906,6974015541.17854,4192501.331733,3115819.97040602,0,0,21292,131124,0,0,5495391.61000005,0
2018,29,normal_alto_risco,1,14,1,14,43420.862628,160035182.846371,34187.087649,9233.774979,22919.390208,51881328.1487967,84,922,36,128,32649.72,17233.92
2018,29,normal_cpn,0,1423,0,0,940380.66837,623767131.344266,539520.348509999,400860.31986,0,0,2340,4952,0,0,707106.3,0
2018,31,cesarea,0,60515,12,0,58711920.8088259,57686939004.3466,36396331.2136709,22315589.5951557,0,0,139486,453346,0,0,44147620.7299992,0
2018,31,cesarea,1,180,8,180,537702.082632,3031507108.00037,425586.724992,112115.35764,319287.658404,1512980915.32688,989,8391,493,3541,404317.68,240083.96
2018,31,cesarea_alto_risco,0,15964,10,0,25160134.7548978,40133514605.0897,16255520.1730351,8904614.58186311,0,0,53552,278758,0,0,18918817.0199998,0
2018,31,cesarea_alto_risco,1,273,9,273,1009109.926968,4971868931.44506,785057.670969,224052.255999,508370.526378,1824830484.48657,1900,17920,725,3479,758786.32,382262.22
2018,31,cesarea_laqueadura,0,4333,0,0,4875477.62087098,5735467220.70795,3080531.28668998,1794946.33418099,0,0,10698,36850,0,0,3666048.28999999,0
2018,31,cesarea_laqueadura,1,27,1,27,91423.217457,438464184.663641,72471.198228,18952.019229,52447.412589,197605017.868744,187,1675,76,402,68744.43,39437.11
2018,31,normal,0,80640,14,0,62319061.1763731,49145419150.8425,34513519.7961875,27805541.3801877,0,0,148778,504534,0,0,46859960.2800008,0
2018,31,normal,1,46,0,46,148548.859173,1031524873.73182,117878.000526,30670.858647,98871.641583,645002299.105645,286,3590,149,1407,111699.27,74345.17
2018,31,normal_alto_risco,0,13170,5,0,14044685.941572,15210816114.5201,8019050.11736391,6025635.82420798,0,0,34460,142434,0,0,10560708.28,0
2018,31,normal_alto_risco,1,33,0,33,145908.196434,1217530398.56598,118056.499704,27851.69673,93508.301172,599063271.662723,294,5512,133,1345,109713.66,70312.28
2018,31,normal_cpn,0,1419,0,0,1120096.585179,887338783.402327,623601.041778,496495.543401001,0,0,1980,3164,0,0,842241.210000001,0
2018,32,cesarea,0,14318,9,0,13586671.2674549,12962138973.8476,8315160.43815595,5271510.82929893,0,0,35990,125094,0,0,10216310.45,0
2018,32,cesarea,1,26,0,26,65453.28933,184492313.034423,49838.600955,15614.688375,36289.034496,69310211.8237831,129,821,57,171,49216.7,27287.04
2018,32,cesarea_alto_risco,0,4498,0,0,6900124.86820799,10670384266.306,4396566.70681801,2503558.16139,0,0,16852,99346,0,0,5188453.91999999,0
2018,32,cesarea_alto_risco,1,98,0,98,379903.702464,2266884936.84701,299440.749465,80462.952999,194214.952074,873045412.685454,667,7593,308,2172,285663.36,146037.26
2018,32,cesarea_laqueadura,0,191,0,0,202003.498125,221960748.964133,124627.495707,77376.002418,0,0,384,1032,0,0,151893.75,0
2018,32,cesarea_laqueadura,1,1,0,1,3349.632429,11220037.4094084,2528.352684,821.279745,1909.949184,3647905.88546227,5,25,3,9,2518.71,1436.16
2018,32,normal,0,16348,8,0,12033949.368441,8936753477.55895,6656441.13377095,5377508.23467,0,0,39909,128989,0,0,9048762.58999997,0
2018,32,normal,1,2,0,2,3456.104223,6265529.83138789,2631.300243,824.80398,1909.949184,2026614.38081237,3,5,3,5,2598.77,1436.16
2018,32,normal_alto_risco,0,2199,0,0,2181540.351276,2187744501.37404,1239564.81363,941975.537646003,0,0,6674,35506,0,0,1640379.24,0
2018,32,normal_alto_risco,1,4,0,4,12391.050672,61518183.1368817,9831.099564,2559.951108,6366.49728,21076789.5604487,23,201,10,52,9317.28,4787.2
2018,33,cesarea,0,39496,9,0,38665666.9348956,38717252731.2711,24094542.8445151,14571124.0903803,0,0,123802,652974,0,0,29074116.0500004,0
2018,33,cesarea,1,192,3,192,742124.642259,5098201523.1159,595034.670087,147089.972172,499334.826705,3031429719.56874,1537,22427,787,7171,558030.41,375467.95
2018,33,cesarea_alto_risco,0,9631,5,0,14921148.8896469,23288523660.426,9372913.040205,5548235.84944206,0,0,42866,347624,0,0,11219752.5299999,0
2018,33,cesarea_alto_risco,1,536,6,536,1608773.939058,6886430662.12273,1204878.415026,403895.524032,752079.249636,2798262735.02376,3764,46472,1683,10939,1209695.42,565515.64
2018,33,cesarea_laqueadura,0,3329,0,0,3824542.01972699,4584784049.10138,2339750.455185,1484791.564542,0,0,10276,47752,0,0,2875811.73,0
2018,33,cesarea_laqueadura,1,59,0,59,156975.078975,563316414.456624,116861.039295,40114.03968,78432.767556,217587033.193517,385,3441,175,763,118035.25,58976.44
2018,33,normal,0,74813,13,0,58863969.6323255,47297954027.3926,31238340.0366197,27625629.5957078,0,0,196077,1066281,0,0,44261951.7500003,0
2018,33,normal,1,118,1,118,410927.79585,8121817555.67035,325411.76811,85516.02774,288892.554522,6528886174.68134,805,23303,463,16223,308991.5,217228.78
2018,33,normal_alto_risco,0,6621,3,0,6954907.74478501,7402497071.43426,3751405.31294102,3203502.43184399,0,0,25304,187640,0,0,5229647.15000001,0
2018,33,normal_alto_risco,1,79,1,79,185696.011644,673029210.594655,137049.852225,48646.159419,92533.338183,261979184.110629,576,6634,218,1026,139631.56,69579.17
2018,33,normal_cpn,0,2,0,0,1191.32442,709670.268377413,723.73158,467.59284,0,0,5,17,0,0,895.8,0
2018,35,cesarea,0,111890,21,0,107213011.131807,103420599894.065,65595528.7978053,41617482.3340004,0,0,296797,1158543,0,0,80617348.0200065,0
2018,35,cesarea,1,562,17,562,1694347.870644,9036488310.31957,1340570.931414,353776.93923,1041421.124172,4942574611.12047,3922,48048,1700,12742,1274041.56,783082.28
2018,35,cesarea_alto_risco,0,38255,11,0,57183208.990909,85836177360.5537,36223247.8140397,20959961.1768682,0,0,127295,607175,0,0,42998126.9200007,0
2018,35,cesarea_alto_risco,1,804,2,804,2712586.457295,15490249272.8659,2076184.0242,636402.433095,1401839.836683,7345320948.39907,5710,64496,2317,17583,2039692.05,1054094.17
2018,35,cesarea_laqueadura,0,10324,2,0,11211522.5979899,12581329978.3356,6964864.10762999,4246658.49035996,0,0,27642,109292,0,0,8430350.09999995,0
2018,35,cesarea_laqueadura,1,106,1,106,322420.809711,1372713949.83207,247442.138229,74978.671482,179255.079861,619242585.436286,878,23828,274,1456,242439.89,134788.39
2018,35,normal,0,183873,21,0,137983687.936795,104552481634.011,74797854.1819065,63185833.7549006,0,0,472388,1598278,0,0,103754934.90999,0
2018,35,normal,1,110,3,110,272121.943665,949897278.523722,209729.339391,62392.604274,166637.640312,429408803.940814,677,7131,264,1054,204618.35,125300.88
2018,35,normal_alto_risco,0,23003,1,0,23271165.8738128,23700887436.4228,12830683.3087291,10440482.565084,0,0,71405,294571,0,0,17498432.8699998,0
2018,35,normal_alto_risco,1,126,2,126,356077.107672,1447920776.3288,269886.488157,86190.619515,213435.823887,713803136.549021,867,10045,342,1726,267747.28,160490.13
2018,35,normal_cpn,0,1238,0,0,895931.55366,650530163.056417,487445.028641999,408486.525018,0,0,3256,10756,0,0,673683.4,0
2018,41,cesarea,0,34887,8,0,34369041.5481275,34293821509.6861,21620247.1643735,12748794.3837545,0,0,93100,515534,0,0,25843327.7300004,0
2018,41,cesarea,1,116,3,116,365556.821058,1885792242.95199,292936.474545,72620.346513,209457.760512,835370447.770859,835,9711,329,2061,274875.42,157498.88
2018,41,cesarea_alto_risco,0,8698,0,0,13304968.285323,20437330826.4311,8537099.04418795,4767869.24113504,0,0,27607,117431,0,0,10004487.77,0
2018,41,cesarea_alto_risco,1,98,2,98,390977.048319,1942886309.59237,310500.969207,80476.079112,200264.946453,681762811.431193,659,5869,309,1627,293989.81,150586.47
2018,41,cesarea_laqueadura,0,2412,0,0,2779983.475269,3285478673.96719,1736705.305335,1043278.169934,0,0,6669,32449,0,0,2090370.31,0
2018,41,cesarea_laqueadura,1,9,1,9,27031.441008,137979831.827149,21296.08767,5735.353338,13409.421597,54770818.9421561,52,388,21,135,20325.92,10083.03
2018,41,normal,0,45443,2,0,34636769.7016779,26602868342.0032,19576448.6122919,15060321.0893842,0,0,109379,360615,0,0,26044642.2300007,0
2018,41,normal,1,17,2,17,45409.900965,145897184.315317,35816.707212,9593.193753,27375.938304,54718588.281934,106,1028,43,135,34145.35,20584.96
2018,41,normal_alto_risco,0,6828,1,0,7014445.14685203,7242634932.38834,4041314.13714601,2973131.00970602,0,0,18115,62803,0,0,5274415.48000003,0
2018,41,normal_alto_risco,1,8,0,8,36959.104611,365676244.765321,30512.893125,6446.211486,21924.319131,179480111.026586,54,708,33,395,27790.89,16485.69
2018,42,cesarea,0,19983,11,0,19784258.733096,19818641430.926,12341616.5468313,7442642.18626487,0,0,47439,152863,0,0,14876501.04,0
2018,42,cesarea,1,58,2,58,153641.724522,508842367.71457,121586.094201,32055.630321,78944.566272,166993024.978939,414,4622,124,412,115528.78,59361.28
2018,42,cesarea_alto_risco,0,8549,2,0,13355485.760331,21069565804.2307,8518835.46099301,4836650.29933802,0,0,29203,169607,0,0,10042473.69,0
2018,42,cesarea_alto_risco,1,77,1,77,259461.069582,977574807.811363,202412.335983,57048.733599,115870.250496,251300183.220734,578,6674,182,620,195098.18,87127.04
2018,42,cesarea_laqueadura,0,1066,0,0,1274154.275823,1596247319.48668,803304.68361,470849.592213,0,0,2743,11259,0,0,958082.77,0
2018,42,cesarea_laqueadura,1,2,0,2,4507.935432,10286561.4115212,3389.78211,1118.153322,1909.949184,2026614.38081237,6,20,3,5,3389.68,1436.16
2018,42,normal,0,30781,1,0,23993377.1387313,18965531326.588,13224522.7673126,10768854.3714179,0,0,63687,178807,0,0,18041489.6900002,0
2018,42,normal,1,7,0,7,40813.261203,381519634.46297,34631.620023,6181.64118,28012.588032,194554980.557988,71,951,44,480,30688.97,21063.68
2018,42,normal_alto_risco,0,6604,0,0,6966249.33147004,7430056456.72665,3867464.42253601,3098784.908934,0,0,18143,75751,0,0,5238175.30000003,0
2018,42,normal_alto_risco,1,8,0,8,23490.116793,83401633.7304955,18461.857986,5028.258807,12096.344832,30399215.7121856,71,817,19,75,17663.07,9095.68
2018,43,cesarea,0,39525,9,0,39524836.9405894,40247844238.9436,25119071.9645582,14405764.9760318,0,0,106968,420184,0,0,29720157.1100003,0
2018,43,cesarea,1,91,3,91,273237.756363,1029248488.83849,218097.48246,55140.273903,147334.008822,361697873.531376,666,8434,230,888,205457.37,110785.78
2018,43,cesarea_alto_risco,0,4108,1,0,6152178.17642998,9319823951.62389,4002753.22118101,2149424.95524899,0,0,18795,166049,0,0,4626045.69999999,0
2018,43,cesarea_alto_risco,1,49,1,49,199014.321792,1022619493.08008,158387.871642,40626.45015,108468.053694,400044466.979367,421,4907,165,921,149646.08,81561.06
2018,43,cesarea_laqueadura,0,612,0,0,699998.437281,824980589.344988,461067.778743,238930.658538,0,0,2123,15953,0,0,526354.19,0
2018,43,cesarea_laqueadura,1,3,0,3,8248.598358,23328307.3396882,6410.078103,1838.520255,3939.230295,5935673.56738526,29,347,6,14,6202.42,2962.05
2018,43,normal,0,44552,11,0,33975312.8569149,26430907617.8052,19010353.4971349,14964959.3597786,0,0,101644,351352,0,0,25547268.8600007,0
2018,43,normal,1,8,0,8,18590.552409,49879930.6540378,14358.863805,4231.688604,11220.818466,22551770.4522827,58,614,17,51,13978.91,8437.34
2018,43,normal_alto_risco,0,1547,0,0,1541179.949595,1560859544.89988,878405.493108003,662774.456487,0,0,5952,42762,0,0,1158869.05,0
2018,43,normal_alto_risco,1,8,0,8,31700.307639,161869620.927662,25618.462155,6081.845484,21645.877968,85017300.9282338,51,387,33,193,23836.61,16276.32
2018,50,cesarea,0,13463,1,0,12483663.5780999,11695557925.4407,7836040.39732794,4647623.18077194,0,0,35193,139095,0,0,9386918.99999994,0
2018,50,cesarea,1,39,2,39,104746.129059,345846868.897755,81792.17475,22953.954309,59434.747086,140571731.919048,261,2523,90,302,78762.41,44691.14
2018,50,cesarea_alto_risco,0,1570,0,0,2368053.107706,3818126296.01248,1546174.083168,821879.024537999,0,0,7085,71219,0,0,1780624.94,0
2018,50,cesarea_alto_risco,1,23,1,23,88255.236069,455013613.333989,69287.510721,18967.725348,51449.083257,215470796.062242,232,3778,80,524,66362.31,38686.43
2018,50,cesarea_laqueadura,0,920,0,0,925510.484613001,945396544.028127,588068.574093,337441.91052,0,0,2247,7861,0,0,695924.87,0
2018,50,cesarea_laqueadura,1,2,0,2,4011.789639,8108362.82049375,2992.767063,1019.022576,1909.949184,2026614.38081237,6,18,3,5,3016.61,1436.16
2018,50,normal,0,14313,3,0,10004716.2535319,7074488185.10003,5731822.33380897,4272893.919723,0,0,30656,141786,0,0,7522908.67999993,0
2018,50,normal,1,6,1,6,15187.777176,59729120.3998358,12325.672788,2862.104388,7003.147008,10943717.6563868,33,299,11,27,11420.24,5265.92
2018,50,normal_alto_risco,0,530,0,0,536326.168092,560662078.9696,316960.12062,219366.047472,0,0,2543,28883,0,0,403283.08,0
2018,50,normal_alto_risco,1,2,0,2,7226.955879,34637916.5807637,6001.851999,1225.10388,4018.784913,11844161.2857775,18,194,6,26,5434.21,3021.87
2018,50,normal_cpn,0,343,0,0,209233.140402,127899098.104053,128588.802342,80644.3380600001,0,0,392,506,0,0,157329.98,0
2018,51,cesarea,0,14821,3,0,13936743.8234309,13282240625.5069,8633451.19022097,5303292.63320994,0,0,36478,184756,0,0,10479542.69,0
2018,51,cesarea,1,33,3,33,98722.081029,367572940.057873,77284.704783,21437.376246,61118.373888,168614316.483589,177,1363,96,416,74232.71,45957.12
2018,51,cesarea_alto_risco,0,2032,0,0,3082422.125211,4703794190.8834,1958766.395157,1123655.730054,0,0,7775,46959,0,0,2317784.89,0
2018,51,cesarea_alto_risco,1,50,1,50,169518.084021,723314822.186933,128683.38483,40834.699191,82565.365311,238733033.021933,356,3838,129,585,127466.79,62083.89
2018,51,cesarea_laqueadura,0,1449,1,0,1499268.310683,1624198571.40432,936547.404507001,562720.906176001,0,0,3425,12577,0,0,1127354.17,0
2018,51,cesarea_laqueadura,1,6,0,6,13789.387326,32886264.3357116,10292.468472,3496.918854,5212.529751,5125027.81506032,48,950,8,12,10368.74,3919.49
2018,51,normal,0,18333,2,0,13470881.1567328,10035630268.9664,7300295.78120682,6170585.37552605,0,0,31928,183998,0,0,10129243.6699999,0
2018,51,normal,1,11,0,11,29070.629874,85693620.7881022,22311.33333,6759.296544,18502.619421,39368549.6479821,67,463,29,97,21859.26,13912.79
2018,51,normal_alto_risco,0,853,0,0,855269.940954,865076676.49309,480136.430202,375133.510752,0,0,2477,12923,0,0,643108.46,0
2018,51,normal_alto_risco,1,12,1,12,42465.223086,197139254.242024,33582.049644,8883.173442,26102.638848,87144418.3749319,91,1013,41,215,31931.14,19627.52
2018,52,cesarea,0,21597,6,0,20107040.4776672,19050361531.3544,12800824.8061984,7306215.67146883,0,0,51936,236124,0,0,15119212.3300001,0
2018,52,cesarea,1,20,2,20,69508.460307,304078303.760126,55820.504454,13687.955853,42018.882048,142673652.409191,170,1916,66,352,52265.93,31595.52
2018,52,cesarea_alto_risco,0,1356,0,0,2153329.754433,3453432291.0593,1418636.992344,734692.762089,0,0,7501,63159,0,0,1619166.67,0
2018,52,cesarea_alto_risco,1,137,3,137,538446.680343,2719431013.14131,421811.29848,116635.381863,312595.016448,1301491755.3577,1231,15609,491,3211,404877.57,235051.52
2018,52,cesarea_laqueadura,0,1818,0,0,1807896.687597,1882841473.8847,1155377.555475,652519.132122001,0,0,4844,44014,0,0,1359423.03,0
2018,52,cesarea_laqueadura,1,11,1,11,33245.026386,121962017.823718,25737.900474,7507.125912,19099.49184,55123911.1580965,67,485,30,136,24998.14,14361.6
2018,52,normal,0,20558,7,0,15338643.4524181,11662766692.7618,8721603.67821603,6617039.774202,0,0,45642,197748,0,0,11533681.8200001,0
2018,52,normal,1,2,0,2,12174.143982,105044898.102252,10288.465473,1885.678509,7639.796736,42153579.1208973,24,338,12,104,9154.18,5744.64
2018,52,normal_alto_risco,0,1157,0,0,1221818.508339,1318986499.71194,736204.898286001,485613.610053,0,0,5284,34576,0,0,918729.61,0
2018,52,normal_alto_risco,1,18,2,18,77093.957226,529593865.078612,62099.481015,14994.476211,54115.22688,329527498.320091,169,2049,85,813,57969.74,40691.2
2018,53,cesarea,0,13041,2,0,13207943.2231889,13607522614.4612,8142400.33721401,5065542.88597494,0,0,53951,475941,0,0,9931531.10999993,0
2018,53,cesarea,1,27,0,27,83725.024812,321975858.16131,65793.663936,17931.360876,52841.927424,161723827.588827,216,2126,83,399,62955.88,39733.76
2018,53,cesarea_alto_risco,0,1632,0,0,2590397.213547,4169515582.91437,1670135.059593,920262.153954001,0,0,9149,195993,0,0,1947813.53,0
2018,53,cesarea_alto_risco,1,136,1,136,501401.02584,2324496074.06648,390257.652213,111143.373627,268029.535488,879955964.148731,1614,36504,421,2171,377021.6,201541.12
2018,53,cesarea_laqueadura,0,449,0,0,509555.70666,592495153.522683,318438.849729,191116.856931,0,0,1498,7296,0,0,383153.4,0
2018,53,cesarea_laqueadura,1,1,0,1,3135.944097,9834145.37950915,2405.65611,730.287987,1273.299456,1621291.5046499,22,484,2,4,2358.03,957.44
2018,53,normal,0,23000,2,0,18326078.095182,14787290624.6928,9695185.64585998,8630892.44932197,0,0,71861,625979,0,0,13780042.18,0
2018,53,normal,1,4,0,4,15633.759141,95608598.0551986,12670.037094,2963.722047,10186.395648,52691973.9011216,61,1623,16,130,11755.59,7659.52
2018,53,normal_alto_risco,0,1119,0,0,1144467.228762,1184212565.77303,619083.983232001,525383.24553,0,0,3563,31653,0,0,860566.379999998,0
2018,53,normal_alto_risco,1,9,0,9,24446.939946,74999317.8806757,18648.895122,5798.044824,13369.644288,30399215.7121856,107,1981,21,75,18382.54,10053.12
2018,53,normal_cpn,0,406,0,0,288205.607976,205226067.028407,152321.213616,135884.39436,0,0,584,1094,0,0,216712.24,0
2019,11,cesarea,0,7554,2,0,6851338.66015399,6285951235.31441,4457017.64295196,2394321.01720198,0,0,17096,97248,0,0,5320188.42999999,0
2019,11,cesarea,1,13,1,13,27949.033254,66455569.6294293,21695.077236,6253.956018,15412.3904,24704344.8955693,67,469,25,65,21702.93,11968
2019,11,cesarea_alto_risco,0,1907,0,0,3073264.218706,5094279993.11703,2105604.331708,967659.886997999,0,0,8289,66333,0,0,2386445.27,0
2019,11,cesarea_alto_risco,1,8,1,8,33420.109896,168924880.879082,26941.16234,6478.947556,18494.86848,57010026.6820829,80,1194,30,150,25951.32,14361.6
2019,11,cesarea_laqueadura,0,1318,2,0,1257464.26125,1214418583.69587,815105.708174001,442358.553076,0,0,3225,107271,0,0,976443.75,0
2019,11,cesarea_laqueadura,1,3,0,3,6538.199234,15212264.5586261,4946.362532,1591.836702,3698.973696,5320935.82366107,16,118,6,14,5077.03,2872.32
2019,11,normal,0,7245,1,0,5017094.88260999,3515170598.0221,2865887.685592,2151207.19701801,0,0,12100,58182,0,0,3895864.94999999,0
2019,11,normal_alto_risco,0,1217,0,0,1387125.283864,1667398459.82185,837955.079184001,549170.204679999,0,0,3392,18076,0,0,1077127.88,0
2019,11,normal_alto_risco,1,1,0,1,6252.513682,39093927.3435972,5164.219658,1088.294024,4931.964928,24324278.0510221,17,289,8,64,4855.19,3829.76
2019,12,cesarea,0,4006,1,0,3557027.48635999,3201771520.81873,2270544.98302799,1286482.503332,0,0,12244,52724,0,0,2762096.19999999,0
2019,12,cesarea,1,4,0,4,15280.893142,78486228.6659328,12351.895066,2928.998076,9863.929856,38766818.1438164,45,709,16,102,11865.89,7659.52
2019,12,cesarea_alto_risco,0,1458,0,0,2058995.93928,2913453238.94092,1322712.077708,736283.861571999,0,0,5370,33902,0,0,1598847.6,0
2019,12,cesarea_alto_risco,1,1,0,1,6099.870748,37208423.1423061,4991.821872,1108.048876,4315.469312,18623275.3828138,14,196,7,49,4736.66,3351.04
2019,12,cesarea_laqueadura,0,82,0,0,75189.091582,69212178.0061004,46144.436722,29044.65486,0,0,246,954,0,0,58385.69,0
2019,12,cesarea_laqueadura,1,2,0,2,3477.871314,6072283.14896658,2582.142024,895.72929,1232.991232,760133.689094439,17,157,2,2,2700.63,957.44
2019,12,normal,0,4477,0,0,2950263.156816,1964269324.78356,1676080.431284,1274182.725532,0,0,8165,73405,0,0,2290932.72,0
2019,12,normal_alto_risco,0,13,0,0,12450.12845,12040500.0409644,7142.808456,5307.319994,0,0,49,291,0,0,9667.75,0
2019,12,normal_cpn,0,2733,0,0,1879163.58085601,1294819543.84511,1034760.590096,844402.99076,0,0,6136,94372,0,0,1459204.52,0
2019,12,normal_cpn,1,1,1,1,20459.136942,418576284.411509,17787.982182,2671.15476,17261.877248,297972406.12502,27,729,28,784,15886.89,13404.16
2019,13,cesarea,0,20272,7,0,21753893.5732099,24704376649.5018,14793319.8021442,6960573.77106584,0,0,82456,609710,0,0,16892291.9499999,0
2019,13,cesarea,1,24,2,24,138804.260956,1305198061.66477,114746.637352,24057.623604,105420.750336,936104638.119802,283,5257,171,2463,107784.02,81861.12
2019,13,cesarea_alto_risco,0,1040,0,0,1824247.976968,3294098600.01366,1296344.862072,527903.114896,0,0,6753,69417,0,0,1416561.56,0
2019,13,cesarea_alto_risco,1,42,1,42,200948.170342,1576998350.87011,162024.94334,38923.227002,125148.610048,988553862.667318,536,10750,203,2601,156039.89,97180.16
2019,13,cesarea_laqueadura,0,583,0,0,589332.43694,633683751.775452,396275.415634,193057.021306,0,0,1999,10007,0,0,457627.3,0
2019,13,cesarea_laqueadura,1,2,0,2,14521.078264,140388886.889924,12152.608016,2368.470248,10480.425472,77913703.13218,37,1105,17,205,11275.88,8138.24
2019,13,normal,0,37302,14,0,28731984.4248501,23030193149.7717,16394741.5351541,12337242.8896963,0,0,94796,517754,0,0,22310905.75,0
2019,13,normal,1,9,0,9,33392.216148,155450341.670225,26514.874784,6877.341364,24043.329024,89315708.4685966,71,777,39,235,25929.66,18670.08
2019,13,normal_alto_risco,0,56,0,0,66702.077486,82065286.6587264,40759.12756,25942.949926,0,0,353,3231,0,0,51795.37,0
2019,14,cesarea,0,764,0,0,710612.624568001,671332861.289438,433136.836202,277475.788366,0,0,2089,6475,0,0,551803.560000001,0
2019,14,cesarea_alto_risco,0,3236,0,0,4744087.78600001,6972582850.77615,2947588.460606,1796499.32539399,0,0,10286,36478,0,0,3683870,0
2019,14,cesarea_laqueadura,0,381,0,0,475980.5385,614648761.067928,296154.000932,179826.537568,0,0,1088,3434,0,0,369607.5,0
2019,14,normal,0,4639,0,0,3530587.47139,2727712635.7061,1853152.40328599,1677435.068104,0,0,9431,23865,0,0,2741565.05,0
2019,14,normal_alto_risco,0,652,0,0,636958.719366,626152161.599472,349552.524908,287406.194458,0,0,1635,4851,0,0,494609.97,0
2019,14,normal_cpn,0,2855,0,0,2147759.704906,1623125398.79226,1085256.966626,1062502.73828,0,0,6324,19612,0,0,1667774.27,0
2019,15,cesarea,0,43968,17,0,39040963.4731006,35278132863.0011,24663284.4434792,14377679.0296207,0,0,103461,457989,0,0,30316014.5000005,0
2019,15,cesarea,1,59,3,59,209240.675126,1563072799.0698,167033.995976,42206.67915,146843.378212,1133060388.53958,454,6470,217,1817,162479.17,114026.54
2019,15,cesarea_alto_risco,0,5193,13,0,7707775.81996398,11503164262.7185,5028044.46649998,2679731.35346402,0,0,16427,67563,0,0,5985227.37999999,0
2019,15,cesarea_alto_risco,1,135,5,135,414684.478,1462847947.21959,317243.374316,97441.103684,200977.570816,446958609.18753,737,5361,326,1176,322010,156062.72
2019,15,cesarea_laqueadura,0,907,0,0,761618.815362,648375177.491897,502872.352344,258746.463018,0,0,2310,21054,0,0,591410.79,0
2019,15,cesarea_laqueadura,1,3,0,3,14025.275264,109121555.575856,11466.609834,2558.66543,10048.870814,68202907.9224957,27,299,15,149,10890.88,7803.13
2019,15,normal,0,53744,13,0,36347779.7093233,25112894227.882,20528385.1288667,15819394.580459,0,0,91053,410399,0,0,28224708.5799995,0
2019,15,normal,1,10,0,10,26986.866362,90292764.8760069,20856.667924,6130.198438,17755.053136,46461200.9115199,51,451,28,118,20955.79,13787.12
2019,15,normal_alto_risco,0,3833,5,0,3727094.35435999,3644309231.15942,2135637.88818801,1591456.46617201,0,0,8829,30447,0,0,2894156.19999999,0
2019,15,normal_alto_risco,1,16,1,16,36907.330638,99664100.7746375,27717.048962,9190.281676,20960.850944,38766818.1438164,76,454,34,102,28659.21,16276.48
2019,15,normal_cpn,0,1441,0,0,967328.793618,649789599.515833,518921.830281999,448406.963336,0,0,2948,9726,0,0,751148.31,0
2019,16,cesarea,0,4372,2,0,4070111.07534198,3821420021.87472,2504663.17250599,1565447.90283599,0,0,14504,74478,0,0,3160514.88999999,0
2019,16,cesarea,1,4,0,4,15114.032896,59660210.2816389,12397.933916,2716.09898,8630.938624,22804010.6728332,43,485,14,60,11736.32,6702.08
2019,16,cesarea_laqueadura,0,435,0,0,450560.989128,474595914.00465,282547.865934,168013.123194,0,0,1530,8898,0,0,349868.76,0
2019,16,normal,0,9455,2,0,6596472.00370803,4626047048.73167,3622676.336616,2973795.66709201,0,0,21891,94843,0,0,5122279.86000003,0
2019,16,normal,1,1,0,1,1386.239432,1921659.76283168,978.59922,407.640212,616.495616,380066.84454722,7,49,1,1,1076.44,478.72
2019,17,cesarea,0,7600,2,0,7037433.08773597,6586066365.27444,4398708.41562599,2638724.67210998,0,0,20962,180806,0,0,5464694.11999998,0
2019,17,cesarea,1,4,0,4,10036.945786,25588323.4460737,7820.29428,2216.651506,6164.95616,9881737.95822771,23,149,10,26,7793.87,4787.2
2019,17,cesarea_alto_risco,0,1787,0,0,2605088.520886,3815115035.63744,1677916.743938,927171.776947999,0,0,6190,35058,0,0,2022898.37,0
2019,17,cesarea_alto_risco,1,17,0,17,65372.745936,316815410.939012,51844.625862,13528.120074,30824.7808,111739652.296883,251,4633,50,294,50763.12,23936
2019,17,cesarea_laqueadura,0,690,0,0,628624.708788,577855212.984483,396065.967842,232558.740946,0,0,2002,20482,0,0,488138.46,0
2019,17,normal,0,9433,6,0,6930670.83613996,5150617870.55203,3854879.683396,3075791.15274402,0,0,16743,86515,0,0,5381791.29999997,0
2019,17,normal,1,1,0,1,2160.194354,4666439.64705348,1630.689628,529.504726,1232.991232,1520267.37818888,2,4,2,4,1677.43,957.44
2019,17,normal_alto_risco,0,42,0,0,40563.420594,39338861.2522287,23398.16698,17165.253614,0,0,127,717,0,0,31498.23,0
2019,21,cesarea,0,31062,11,0,27346417.9456179,24377568265.4961,17536919.4807065,9809498.46491197,0,0,79118,485416,0,0,21234988.3099999,0
2019,21,cesarea,1,2,0,2,4680.032614,12008509.3018862,3544.296038,1135.736576,2620.054856,4290429.65528074,14,130,4,10,3634.13,2034.52
2019,21,cesarea_alto_risco,0,6018,4,0,8994465.71060797,13608029554.136,5936510.17576797,3057955.53484002,0,0,24968,171154,0,0,6984365.35999998,0
2019,21,cesarea_alto_risco,1,75,2,75,323732.289444,1638186614.68766,258008.128644,65724.1608,197432.257416,732024196.333414,725,10175,318,1908,251383.98,153309.72
2019,21,cesarea_laqueadura,0,907,0,0,819713.134624001,765523437.775267,533100.418136,286612.716488,0,0,2219,8721,0,0,636522.080000001,0
2019,21,normal,0,49294,18,0,32680686.3393939,21838386786.6335,18280297.7680881,14400388.5713064,0,0,87810,353852,0,0,25377144.2299999,0
2019,21,normal,1,2,0,2,5030.584652,13336536.5137456,3936.791722,1093.79293,3275.06857,5577558.55186496,21,333,5,13,3906.34,2543.15
2019,21,normal_alto_risco,0,3837,5,0,3576669.64298202,3347237627.49935,2037779.21535401,1538890.427628,0,0,12070,61846,0,0,2777348.69000001,0
2019,21,normal_alto_risco,1,6,1,6,31718.617024,204471964.788032,26563.888452,5154.728572,21191.959532,95259584.1139268,78,1634,34,246,24630.08,16455.94
2019,21,normal_cpn,0,832,0,0,484373.259880001,282055604.17854,295256.73916,189116.52072,0,0,835,843,0,0,376124.600000001,0
2019,22,cesarea,0,16539,1,0,14543488.0316021,12909092576.4757,9212483.54117002,5331004.49043195,0,0,42443,161881,0,0,11293281.5900001,0
2019,22,cesarea,1,18,1,18,47350.680348,137807301.954485,37334.532532,10016.147816,28975.293952,57390093.5266302,132,1364,47,151,36768.66,22499.84
2019,22,cesarea_alto_risco,0,4042,2,0,5992223.72629204,8958824528.7538,3941730.92436401,2050492.801928,0,0,18338,139694,0,0,4653070.14000003,0
2019,22,cesarea_alto_risco,1,218,5,218,843652.898772,4575364811.42968,668994.148068,174658.750704,449863.465136,1808846630.1961,2062,28234,751,4871,655111.74,349327.12
2019,22,cesarea_laqueadura,0,1,0,0,1156.856496,1338316.9523374,749.667014,407.189482,0,0,3,9,0,0,898.32,0
2019,22,normal,0,18176,0,0,12251534.3780581,8377113637.00894,6994864.33073809,5256670.04732,0,0,31218,233892,0,0,9513538.11000006,0
2019,22,normal,1,4,1,4,15668.945916,86082753.1458145,12983.754136,2685.19178,10480.425472,39146884.9883636,33,333,17,103,12167.22,8138.24
2019,22,normal_alto_risco,0,1324,0,0,1306090.49462,1307923805.50556,731781.648382001,574308.846238,0,0,4882,34962,0,0,1014202.9,0
2019,22,normal_alto_risco,1,9,2,9,27159.096734,129581729.963341,21118.606444,6040.49029,16645.381632,65751564.106669,51,555,27,173,21089.53,12925.44
2019,22,normal_cpn,0,189,0,0,130394.785298,90099610.371256,71807.869658,58586.91564,0,0,439,1409,0,0,101253.91,0
2019,23,cesarea,0,43031,8,0,38080521.2028603,34007446088.4597,23973062.1229444,14107459.0799165,0,0,113266,701876,0,0,29570213.7000003,0
2019,23,cesarea,1,51,4,51,138752.568664,489965881.470722,109423.554686,29329.013978,81478.281808,218223136.529938,392,3692,179,891,107743.88,63269.36
2019,23,cesarea_alto_risco,0,8779,1,0,12892332.1322479,19118875331.4934,8226966.96785995,4665365.16438804,0,0,41566,476856,0,0,10011129.16,0
2019,23,cesarea_alto_risco,1,102,3,102,408303.905486,2370210817.66524,323968.278794,84335.626692,218855.737632,969456279.810165,830,9528,354,2534,317055.37,169945.44
2019,23,cesarea_laqueadura,0,2669,0,0,2529234.551042,2470838936.60314,1619064.43847399,910170.112568003,0,0,6869,25567,0,0,1963996.39,0
2019,23,cesarea_laqueadura,1,8,1,8,24647.745076,90596755.0122339,19178.020624,5469.724452,14179.399168,38386751.2992692,54,468,23,101,19139.42,11010.56
2019,23,normal,0,36724,4,0,24337375.9652057,16318107359.6446,13836589.4608674,10500786.504338,0,0,62218,651100,0,0,18898412.7699998,0
2019,23,normal,1,2,0,2,4252.418624,9063536.45069806,3172.88164,1079.536984,2465.982464,3040534.75637776,10,52,4,8,3302.08,1914.88
2019,23,normal_alto_risco,0,3887,0,0,3688094.61916002,3534415070.99916,2082900.67526801,1605193.943892,0,0,11767,112555,0,0,2863872.20000001,0
2019,23,normal_alto_risco,1,9,0,9,24513.826754,74740300.2369123,19257.43925,5256.387504,10557.461668,14258377.7321705,69,865,17,37,19035.43,8198.06
2019,23,normal_cpn,0,8955,2,0,5829251.77346601,3812090907.33581,3319145.32792004,2510106.44554598,0,0,18672,52838,0,0,4526519.47000001,0
2019,24,cesarea,0,16281,3,0,15147078.7068259,14234465561.3802,9346811.15176607,5800267.55505991,0,0,43976,203260,0,0,11761980.67,0
2019,24,cesarea,1,13,1,13,35256.564208,103396117.896399,28035.315854,7221.248354,22424.950764,47053820.7284927,80,616,36,122,27377.36,17413.38
2019,24,cesarea_alto_risco,0,4693,1,0,6783339.75519,9824109360.37926,4260277.77120601,2523061.98398401,0,0,15092,69182,0,0,5267386.05,0
2019,24,cesarea_alto_risco,1,430,4,430,1274485.62897,4285720603.41645,953941.043744,320544.585226,636839.971328,1456036081.4604,2507,19649,1033,3831,989661.15,494517.76
2019,24,cesarea_laqueadura,0,462,1,0,465388.96301,476087194.700036,292024.61872,173364.34429,0,0,1137,3217,0,0,361382.95,0
2019,24,normal,0,14618,1,0,10472143.5142981,7562948700.49526,5774336.491528,4697807.02277002,0,0,39135,412657,0,0,8131808.91000006,0
2019,24,normal,1,2,0,2,8189.738344,33689029.208028,6654.0626,1535.675744,6781.451776,23184077.5173804,16,128,11,61,6359.48,5265.92
2019,24,normal_alto_risco,0,1556,1,0,1455392.862542,1366662537.65209,833282.786248002,622110.076294001,0,0,4837,19747,0,0,1130138.89,0
2019,24,normal_alto_risco,1,49,1,49,123372.283118,354164464.076479,93192.2909,30179.992218,76445.456384,161148342.088021,259,1757,124,424,95800.81,59361.28
2019,25,cesarea,0,16532,4,0,15292910.3378459,14278661898.8446,9631466.15469412,5661444.18315188,0,0,40440,222986,0,0,11875221.5699999,0
2019,25,cesarea,1,54,3,54,186095.329042,1795869230.29935,147737.858336,38357.470706,126381.60128,1222675038.90841,470,11614,205,3217,144506.39,98137.6
2019,25,cesarea_alto_risco,0,4458,2,0,6410552.34346399,9315682001.37524,4171533.38697001,2239018.956494,0,0,19690,290900,0,0,4977909.87999999,0
2019,25,cesarea_alto_risco,1,259,1,259,915574.236488,4042620398.62915,711605.788806,203968.447682,524021.2736,1752108153.36268,2074,29968,850,4610,710959.96,406912
2019,25,cesarea_laqueadura,0,1221,1,0,1186625.680018,1193062969.32864,771318.60223,415307.077788,0,0,3455,109043,0,0,921436.310000001,0
2019,25,cesarea_laqueadura,1,2,0,2,7691.694572,32057046.3701874,6226.25544,1465.439132,4315.469312,11021938.4918694,45,1157,7,29,5972.74,3351.04
2019,25,normal,0,18246,3,0,13124669.5132523,9527733444.30038,7407497.5107521,5717172.00250001,0,0,41085,169567,0,0,10191543.3400002,0
2019,25,normal,1,14,0,14,34930.519004,102725270.908486,27010.600516,7919.918488,24659.82464,57770160.3711774,78,840,40,152,27124.18,19148.8
2019,25,normal_alto_risco,0,2702,1,0,2526670.476852,2392095186.42698,1477501.465236,1049169.011616,0,0,9812,63630,0,0,1962005.34,0
2019,25,normal_alto_risco,1,42,0,42,130443.077798,599002270.817491,101960.766564,28482.311234,88158.873088,356882767.029839,315,4003,143,939,101291.41,68456.96
2019,26,cesarea,0,24965,7,0,21931244.2380101,19376592385.2009,13750774.0875866,8180470.15042389,0,0,61135,422171,0,0,17030007.9500001,0
2019,26,cesarea,1,11,0,11,25288.412698,60109973.1426493,19405.111276,5883.301422,14795.894784,21283743.2946443,75,709,24,56,19636.91,11489.28
2019,26,cesarea_alto_risco,0,14012,7,0,21137439.1281758,32103175173.6496,13531046.7025241,7606392.42565212,0,0,51249,255927,0,0,16413603.9199998,0
2019,26,cesarea_alto_risco,1,1095,4,1095,3068550.188172,10136883536.0635,2298713.66345,769836.524722,1418392.604256,3173958970.50338,6531,50905,2251,7933,2382784.74,1101407.52
2019,26,cesarea_laqueadura,0,1571,0,0,1592693.874558,1660512087.82575,989601.912761999,603091.961796001,0,0,4688,19694,0,0,1236755.61,0
2019,26,cesarea_laqueadura,1,9,0,9,20082.880416,46626867.1386848,15205.37655,4877.503866,11058.248454,15402711.6308646,47,305,17,37,15594.72,8586.93
2019,26,normal,0,49538,10,0,34337864.6998374,24137033596.4748,19263549.0496861,15074315.6501517,0,0,99937,594225,0,0,26663973.2099996,0
2019,26,normal,1,78,0,78,127887.194016,221128622.301395,91333.570526,36553.62349,61033.065984,58910360.904819,391,2467,99,155,99306.72,47393.28
2019,26,normal_alto_risco,0,10860,7,0,11070015.0954781,11412461972.5358,6262020.118576,4807994.97690194,0,0,29137,120149,0,0,8596067.01000006,0
2019,26,normal_alto_risco,1,97,1,97,223186.068156,608233773.963526,165224.456684,57961.611472,122141.622804,233176812.766949,395,2173,190,566,173308.02,94845.18
2019,26,normal_cpn,0,457,0,0,318362.678564,222295595.203387,173822.427628,144540.250936,0,0,1047,2727,0,0,247214.38,0
2019,27,cesarea,0,16925,3,0,16450543.390124,16099494314.8975,10363382.2493961,6087161.14072788,0,0,38527,116709,0,0,12774144.58,0
2019,27,cesarea,1,42,3,42,149728.655478,896806494.460872,120098.901566,29629.753912,100835.44829,530069804.027028,340,4020,163,1393,116267.01,78300.55
2019,27,cesarea_alto_risco,0,1967,2,0,3002201.933736,4624146671.12378,1881482.638218,1120719.295518,0,0,10448,88184,0,0,2331264.12,0
2019,27,cesarea_alto_risco,1,146,0,146,449235.842928,1547477724.57789,338363.088268,110872.75466,215156.969984,454940012.923022,1140,11526,349,1197,348839.76,167073.28
2019,27,cesarea_laqueadura,0,7,0,0,11137.177716,18394359.2303548,7264.235118,3872.942598,0,0,49,611,0,0,8648.22,0
2019,27,normal,0,21494,4,0,15073908.434914,10695262147.207,8533175.10670788,6540733.328206,0,0,34473,274341,0,0,11705162.63,0
2019,27,normal,1,7,0,7,14507.105634,36131394.5693944,11008.281814,3498.82382,8746.492918,15447554.3867931,33,257,14,40,11265.03,6791.81
2019,27,normal_alto_risco,0,1000,0,0,1022119.300614,1054598998.14049,557277.74275,464841.557864,0,0,3851,23617,0,0,793694.129999999,0
2019,27,normal_alto_risco,1,6,0,6,18904.169954,67275072.4858369,14714.583092,4189.586862,12946.407936,34586082.853797,42,406,21,91,14679.43,10053.12
2019,28,cesarea,0,6238,0,0,5849621.17650396,5503811170.2008,3543180.86758998,2306440.30891398,0,0,15363,48823,0,0,4542336.67999997,0
2019,28,cesarea,1,17,0,17,61025.81567,236416332.600349,48535.816932,12489.998738,42538.197504,122761590.788752,120,964,69,323,47387.65,33031.68
2019,28,cesarea_alto_risco,0,2156,0,0,3065337.384732,4366316895.64722,1991345.216802,1073992.16793,0,0,8594,39354,0,0,2380289.94,0
2019,28,cesarea_laqueadura,0,38,0,0,33869.230146,30208179.8461487,20423.825466,13445.40468,0,0,97,265,0,0,26300.07,0
2019,28,normal,0,15136,2,0,11458727.158688,8730689112.84057,6262088.42348811,5196638.7352001,0,0,24307,50759,0,0,8897908.95999999,0
2019,28,normal,1,9,0,9,26008.486068,80788472.5553438,20158.744714,5849.741354,18494.86848,43327620.278383,49,305,30,114,20196.06,14361.6
2019,28,normal_alto_risco,0,1414,3,0,1306902.632812,1211587875.24179,754196.914890002,552705.717922001,0,0,4268,25396,0,0,1014833.54,0
2019,29,cesarea,0,44785,26,0,39112111.190722,34565779263.2132,24745611.7589499,14366499.4317727,0,0,122693,938259,0,0,30371261.99,0
2019,29,cesarea,1,81,4,81,257829.008542,1358042134.1188,206584.922454,51244.086088,167301.420524,749699464.05434,464,4602,271,1971,200208.89,129912.58
2019,29,cesarea_alto_risco,0,7242,6,0,10429757.702168,15136769935.3228,6792744.249518,3637013.45265004,0,0,27159,210241,0,0,8098895.55999997,0
2019,29,cesarea_alto_risco,1,291,3,291,866458.536094,3616496888.87391,663745.101024,202713.43507,390202.794734,1258371815.1659,1432,22636,631,3301,672820.73,302999.53
2019,29,cesarea_laqueadura,0,1395,3,0,1246830.587578,1131930647.67467,781223.123542,465607.464036,0,0,3355,11729,0,0,968186.510000001,0
2019,29,cesarea_laqueadura,1,1,0,1,2948.946098,8696283.08890943,2331.021024,617.925074,1849.486848,3420601.60092498,5,25,3,9,2289.91,1436.16
2019,29,normal,0,88287,22,0,58022082.0913321,38621840992.3399,32740382.9651757,25281699.126163,0,0,161190,1029758,0,0,45055196.5299985,0
2019,29,normal,1,16,0,16,51546.83499,452025758.219853,41171.326584,10375.508406,37606.232576,352321964.895273,117,2973,61,927,40027.05,29201.92
2019,29,normal_alto_risco,0,5131,5,0,4832405.98570402,4582933289.87102,2788415.15719601,2043990.828508,0,0,13003,166761,0,0,3752450.68000001,0
2019,29,normal_alto_risco,1,20,0,20,37446.120402,74604581.5960049,26995.95823,10450.162172,17338.913444,18439113.02219,51,181,28,48,29077.59,13463.98
2019,29,normal_cpn,0,1233,0,0,786420.710098001,503184365.049127,451098.452457999,335322.25764,0,0,1984,4264,0,0,610669.910000001,0
2019,31,cesarea,0,61327,20,0,57197971.9310228,54027652928.1285,35496364.7377102,21701607.1933138,0,0,144271,496345,0,0,44415260.0799991,0
2019,31,cesarea,1,220,6,220,574624.60192,2022466897.35618,450709.833052,123914.768868,319284.743364,790210267.770683,1191,8967,514,2052,446206.4,247930.38
2019,31,cesarea_alto_risco,0,15868,8,0,24158116.8580737,37216422021.7724,15633800.1283481,8524316.72972608,0,0,52952,257130,0,0,18759214.8299998,0
2019,31,cesarea_alto_risco,1,275,4,275,1035200.940428,4957049507.61358,814446.084136,220754.856292,521798.479288,1580734683.92158,2057,22475,777,3535,803852.26,405185.96
2019,31,cesarea_laqueadura,0,4965,1,0,5086869.35470197,5363166590.62295,3201579.51607598,1885289.83862599,0,0,12116,49502,0,0,3950046.08999998,0
2019,31,cesarea_laqueadura,1,37,0,37,92334.03659,266857395.295891,71208.785098,21125.251492,44257.474894,74859233.4412391,233,1991,65,159,71699.05,34366.73
2019,31,normal,0,78243,17,0,57733487.3347455,43449104779.41,31906323.7771853,25827163.5575619,0,0,145352,571096,0,0,44831097.4800011,0
2019,31,normal,1,52,1,52,114764.396114,330776109.314418,88576.081654,26188.31446,66766.44173,144033821.881852,228,1546,106,366,89116.63,51845.35
2019,31,normal_alto_risco,0,14221,10,0,14631174.707064,15269947689.0058,8335295.27440192,6295879.43266193,0,0,36414,135610,0,0,11361371.88,0
2019,31,normal_alto_risco,1,46,2,46,145514.845098,623665949.067691,112960.111046,32554.734052,81300.668432,245198272.224705,388,6014,120,562,112994.91,63131.44
2019,31,normal_cpn,0,1678,0,0,1274735.9129,972457113.669729,715999.878308,558736.034592001,0,0,2464,4178,0,0,989855.500000001,0
2019,32,cesarea,0,14057,4,0,12734269.9040439,11590113265.5683,7771926.45657794,4962343.44746591,0,0,35272,142366,0,0,9888390.9799999,0
2019,32,cesarea,1,46,1,46,101159.832232,251236479.293831,77611.057042,23548.77519,49319.64928,63091096.1948384,162,670,80,166,78552.44,38297.6
2019,32,cesarea_alto_risco,0,3758,0,0,5550784.67529399,8238439196.4658,3597788.23654801,1952996.438746,0,0,13565,66373,0,0,4310284.72999999,0
2019,32,cesarea_alto_risco,1,72,1,72,244586.89597,1067465242.34126,191596.037962,52990.858008,115936.796356,314439234.708345,485,5833,191,841,189926.15,90027.02
2019,32,cesarea_laqueadura,0,150,0,0,138654.373914,128940762.426131,84599.303742,54055.070172,0,0,307,693,0,0,107667.63,0
2019,32,normal,0,15822,4,0,11015784.9617739,7711385395.65332,6038973.59642798,4976811.36534598,0,0,37418,123594,0,0,8553956.32999994,0
2019,32,normal,1,2,0,2,3435.451182,6250482.17295991,2419.505762,1015.94542,1849.486848,1900334.2227361,5,13,3,5,2667.69,1436.16
2019,32,normal_alto_risco,0,2389,1,0,2311557.124654,2250355710.02672,1329111.683906,982445.440748003,0,0,6839,28143,0,0,1794965.93,0
2019,32,normal_alto_risco,1,12,1,12,31457.979182,94830962.6742421,24601.899396,6856.079786,16254.173748,27702917.1547271,87,1015,28,80,24427.69,12621.66
2019,33,cesarea,0,42255,16,0,39707998.1819567,38098256564.8683,24919476.3749059,14788521.8070504,0,0,136009,850493,0,0,30833979.0200005,0
2019,33,cesarea,1,389,6,389,1107862.479828,4339398062.73194,869760.571196,238101.908632,675173.334418,2042259250.39432,2577,33009,1085,5207,860275.26,524284.31
2019,33,cesarea_alto_risco,0,6588,0,0,9839339.98465598,14805499266.1415,6233559.99613598,3605779.98852003,0,0,26090,165960,0,0,7640425.51999999,0
2019,33,cesarea_alto_risco,1,514,3,514,1523139.97685,5588629259.29096,1146512.190988,376627.785862,691501.054424,1677241387.11924,3573,34127,1507,6857,1182745.75,536963.08
2019,33,cesarea_laqueadura,0,4010,1,0,4152685.40372999,4465153392.33128,2549432.470632,1603252.93309799,0,0,12813,165099,0,0,3224635.34999999,0
2019,33,cesarea_laqueadura,1,86,2,86,222148.307404,1168959807.98568,167793.205588,54355.101816,109036.686688,439563776.925299,528,5272,227,1473,172502.18,84668.96
2019,33,normal,0,72544,11,0,54795345.2348447,42235830489.0954,29278042.9312697,25517302.3035766,0,0,192187,796751,0,0,42549576.9800005,0
2019,33,normal,1,129,1,129,341502.139402,3108982075.60711,262747.090986,78755.048416,229727.383866,2263436150.23854,772,11898,375,5921,265182.59,178387.47
2019,33,normal_alto_risco,0,3974,2,0,4061597.05608,4202783718.62579,2221418.79994201,1840178.256138,0,0,14373,82925,0,0,3153903.6,0
2019,33,normal_alto_risco,1,74,0,74,114190.217606,215277289.173302,77620.844322,36569.373284,40889.761992,52802374.8399091,409,3027,138,464,88670.77,31751.64
2019,35,cesarea,0,115993,23,0,106797240.606889,99002968422.9527,65287402.2194749,41509838.3874143,0,0,311017,1181173,0,0,82929989.600007,0
2019,35,cesarea,1,848,16,848,2192049.027094,7920989822.42449,1710111.164428,481937.862666,1266843.17987,3633650548.71001,5574,56834,2272,10590,1702165.73,983726.650000001
2019,35,cesarea_alto_risco,0,32897,9,0,47046973.2841666,67541325711.1615,30028281.6640787,17018691.6200874,0,0,110797,530081,0,0,36532825.9700005,0
2019,35,cesarea_alto_risco,1,727,9,727,2347628.904896,9412598751.67045,1804322.73615,543306.168746,1211564.04292,3418040367.72012,4838,49996,1946,8776,1822976.32,940801.400000001
2019,35,cesarea_laqueadura,0,10773,5,0,10961986.1122899,11445460799.5271,6792013.34574999,4169972.76653996,0,0,28957,122979,0,0,8512180.54999995,0
2019,35,cesarea_laqueadura,1,135,1,135,377212.112234,1292999725.12013,291029.831854,86182.28038,214318.650818,532230575.945911,956,11146,340,1324,292912.03,166422.31
2019,35,normal,0,178821,24,0,128695430.032327,93445431401.5587,70030928.6920819,58664501.3402589,0,0,465592,1856264,0,0,99934329.8899887,0
2019,35,normal,1,222,1,222,497222.09121,1850673572.27615,379852.488574,117369.602636,300640.670376,896563328.118137,1216,9878,507,2411,386101.95,233452.92
2019,35,normal_alto_risco,0,18938,9,0,18167331.1407738,17543533707.7308,10162360.661576,8004970.47919797,0,0,60024,260068,0,0,14107261.3299999,0
2019,35,normal_alto_risco,1,141,1,141,358979.517102,1151313440.20775,271152.381294,87827.135808,201554.312046,463443789.323649,871,7035,321,1161,278754.09,156510.57
2019,35,normal_cpn,0,1455,0,0,995885.707106,682953500.596954,542691.488927999,453194.218178,0,0,3861,11905,0,0,773323.27,0
2019,41,cesarea,0,33437,4,0,31834485.7086144,30720013851.7675,19910017.4895185,11924468.2190963,0,0,88454,351738,0,0,24720054.1300003,0
2019,41,cesarea,1,133,4,133,398069.063474,1579619112.88363,319338.586282,78730.477192,221938.42176,577701603.711774,860,8158,360,1520,309107.83,172339.2
2019,41,cesarea_alto_risco,0,9732,2,0,14318259.538402,21166361310.4883,9175765.24669399,5142494.29170805,0,0,30501,128653,0,0,11118387.59,0
2019,41,cesarea_alto_risco,1,103,2,103,351267.011682,1458188785.84821,275548.50552,75718.506162,163640.140734,408745678.466578,578,4140,261,1031,272765.19,127069.53
2019,41,cesarea_laqueadura,0,2425,0,0,2643535.545204,2955343366.03023,1650972.310586,992563.234618002,0,0,6447,22483,0,0,2052753.18,0
2019,41,cesarea_laqueadura,1,7,0,7,20824.30551,75955230.1747672,16442.166792,4382.138718,12137.115782,32523062.8892539,44,306,19,79,16170.45,9424.69
2019,41,normal,0,43963,4,0,32448908.6233925,24148236880.0421,18148187.8006038,14300720.8227873,0,0,105506,344178,0,0,25197164.6400004,0
2019,41,normal,1,32,1,32,78950.484944,265264598.09877,61896.999492,17053.485452,48086.658048,128462593.45696,191,2247,78,338,61306.48,37340.16
2019,41,normal_alto_risco,0,6972,1,0,6852585.55962603,6778370588.21441,3902470.04908001,2950115.51054602,0,0,18526,71292,0,0,5321156.67000002,0
2019,41,normal_alto_risco,1,8,1,8,26429.467888,118342577.726092,21375.406642,5054.061246,13716.975944,39060674.8697015,52,408,22,102,20522.96,10651.48
2019,42,cesarea,0,19294,4,0,18294691.225372,17534873419.5387,11323299.7797702,6971391.44560188,0,0,47224,165910,0,0,14206158.74,0
2019,42,cesarea,1,48,0,48,135387.560142,501797693.102352,107996.569262,27390.99088,74595.969536,201815494.454574,375,4123,121,531,105130.89,57925.12
2019,42,cesarea_alto_risco,0,8746,1,0,13189149.3888139,20104286297.4098,8414064.90071399,4775084.48810003,0,0,30283,194567,0,0,10241613.13,0
2019,42,cesarea_alto_risco,1,49,0,49,173178.373092,895054411.91452,136934.22082,36244.152272,80144.43008,301012940.881398,383,4653,130,792,134476.14,62233.6
2019,42,cesarea_laqueadura,0,1062,0,0,1205186.831564,1426695754.61104,756694.255284,448492.57628,0,0,2648,9546,0,0,935849.38,0
2019,42,cesarea_laqueadura,1,1,0,1,4983.412538,24834400.5238956,4559.996776,423.415762,616.495616,380066.84454722,4,16,1,1,3869.71,478.72
2019,42,normal,0,29953,2,0,22526763.6267343,17182906916.4676,12369414.8638317,10157348.7629019,0,0,60988,262412,0,0,17492439.5300002,0
2019,42,normal,1,3,0,3,7610.266978,19721850.6489652,6063.554788,1546.71219,3698.973696,5320935.82366107,25,293,6,14,5909.51,2872.32
2019,42,normal_alto_risco,0,7003,0,0,7100140.28084205,7263400840.34412,3925594.14646401,3174546.13437801,0,0,19156,79190,0,0,5513387.39000004,0
2019,42,normal_alto_risco,1,9,0,9,33789.515326,174543037.822351,27785.856116,6003.65921,16028.886016,41047219.2110997,56,542,26,108,26238.17,12446.72
2019,43,cesarea,0,39972,4,0,38725522.3233724,38282526720.579,24557284.2732901,14168238.0500828,0,0,107958,437864,0,0,30071068.7400003,0
2019,43,cesarea,1,96,1,96,288834.467682,1135527748.73044,232744.660632,56089.80705,155163.892646,405466589.632038,647,6059,250,1060,224285.19,120487.57
2019,43,cesarea_alto_risco,0,3988,0,0,5854764.89438599,8710041034.56282,3820093.513894,2034671.380492,0,0,18332,169716,0,0,4546330.86999999,0
2019,43,cesarea_alto_risco,1,56,0,56,196222.098878,950723977.017988,154596.822794,41625.276084,95016.33082,303104557.045703,467,5143,149,739,152370.01,73781.9
2019,43,cesarea_laqueadura,0,800,0,0,885922.589976,1016133673.28072,584180.14231,301742.447666,0,0,2501,12645,0,0,687934.92,0
2019,43,cesarea_laqueadura,1,3,0,3,5618.555498,10893795.7464467,4260.390106,1358.165392,2465.982464,2280401.06728332,18,146,4,6,4362.91,1914.88
2019,43,normal,0,41799,8,0,31085297.6531906,23592229784.3415,17414160.3964358,13671137.2567537,0,0,93945,350541,0,0,24138296.0500005,0
2019,43,normal,1,14,1,14,34095.496606,93575799.0155734,26633.983406,7461.5132,19920.450202,34646801.0980775,57,277,32,90,26475.77,15468.59
2019,43,normal_alto_risco,0,2399,1,0,2379487.235342,2397862060.75286,1351340.258048,1028146.977294,0,0,9071,54929,0,0,1847714.89,0
2019,43,normal_alto_risco,1,11,0,11,28508.376306,95616108.7237495,21887.564702,6620.811604,15181.075764,41928789.3887551,84,1032,24,108,22137.27,11788.38
2019,50,cesarea,0,13365,4,0,11851145.0466899,10612794704.7225,7421412.70487194,4429732.34181795,0,0,34422,126746,0,0,9202628.54999993,0
2019,50,cesarea,1,38,1,38,99880.892296,403255437.774617,78372.198354,21508.693942,58786.241324,192623276.467262,259,2673,92,462,77559.32,45648.58
2019,50,cesarea_alto_risco,0,1718,1,0,2479590.13148,3601554480.65536,1618671.36328,860918.768199999,0,0,7375,54847,0,0,1925446.6,0
2019,50,cesarea_alto_risco,1,18,0,18,63212.9508,247838705.255086,49709.736778,13503.214022,32211.638376,77196522.6807192,168,1912,51,191,49086,25012.92
2019,50,cesarea_laqueadura,0,1026,0,0,973466.409784,937066656.577598,614750.543976,358715.865808,0,0,2490,8236,0,0,755914.28,0
2019,50,cesarea_laqueadura,1,4,0,4,10646.100942,32995001.3736192,8419.57201,2226.528932,4931.964928,8361470.58003883,16,86,8,22,8266.89,3829.76
2019,50,normal,0,13702,2,0,9192698.23269993,6235066961.29466,5219279.98485199,3973418.247848,0,0,29575,104223,0,0,7138296.49999994,0
2019,50,normal,1,5,0,5,18790.09663,123734960.196735,15247.371708,3542.724922,13639.939748,81530209.2170284,56,1370,22,214,14590.85,10591.66
2019,50,normal_alto_risco,0,986,1,0,939656.160878,909183636.111445,551087.622978,388568.5379,0,0,3608,25688,0,0,729660.01,0
2019,50,normal_alto_risco,1,2,0,2,5249.047044,14373270.3663431,4133.078198,1115.968846,3198.032374,5381654.06794154,20,232,5,13,4075.98,2483.33
2019,50,normal_cpn,0,271,0,0,159402.5962,93939023.0609742,98049.48616,61353.11004,0,0,303,387,0,0,123779,0
2019,51,cesarea,0,14917,4,0,13532363.168952,12470710275.0555,8427182.26409997,5105180.90485194,0,0,36821,140403,0,0,10508124.84,0
2019,51,cesarea,1,32,0,32,110989.480852,544509783.120772,89162.803334,21826.677518,72129.987072,291511269.767718,257,2559,117,767,86185.34,56010.24
2019,51,cesarea_alto_risco,0,1628,0,0,2403028.245098,3588591323.50072,1537559.615108,865468.629989999,0,0,6919,58615,0,0,1865994.91,0
2019,51,cesarea_alto_risco,1,57,0,57,182607.065182,894378504.35555,138683.69712,43923.368062,88351.25753,361425804.157759,401,5027,142,940,141797.69,68606.35
2019,51,cesarea_laqueadura,0,1719,0,0,1674388.249206,1704370494.90169,1043929.404146,630458.845060001,0,0,4051,15543,0,0,1300192.77,0
2019,51,cesarea_laqueadura,1,6,0,6,19241.47053,88382893.0966758,15305.000758,3936.469772,10673.015962,42530252.5916073,97,2323,17,111,14941.35,8287.79
2019,51,normal,0,19186,4,0,13521288.2177318,9649603921.05193,7323088.53097184,6198199.68676005,0,0,32778,174790,0,0,10499524.9399998,0
2019,51,normal,1,5,0,5,19811.103104,176268961.480711,16307.398522,3503.704582,14179.399168,114400120.208713,42,620,23,301,15383.68,11010.56
2019,51,normal_alto_risco,0,853,0,0,826316.882878,817425389.371866,463012.186452,363304.696426,0,0,2378,18288,0,0,641650.01,0
2019,51,normal_alto_risco,1,9,0,9,17953.335702,39348045.9571917,12579.03723,5374.298472,8014.443008,8741537.42458605,45,331,13,23,13941.09,6223.36
2019,52,cesarea,0,21168,15,0,19133830.5525582,17568706654.966,12141519.1179063,6992311.43465184,0,0,52096,211806,0,0,14857765.6100002,0
2019,52,cesarea,1,31,2,31,93374.553234,310815219.356386,74270.503842,19032.190152,49936.144896,97677179.0486354,321,5957,81,257,72507.03,38776.32
2019,52,cesarea_alto_risco,0,1490,0,0,2304506.857506,3595013075.81631,1517824.891422,786681.966084,0,0,7129,50733,0,0,1789491.27,0
2019,52,cesarea_alto_risco,1,144,4,144,546865.287362,2267460713.98196,427692.391264,119172.896098,312563.277312,859331135.521263,1106,11726,507,2261,424650.79,242711.04
2019,52,cesarea_laqueadura,0,1896,0,0,1844992.36161,1859966298.65705,1169599.72773,675392.633880001,0,0,4872,20178,0,0,1432669.95,0
2019,52,cesarea_laqueadura,1,20,0,20,82195.728066,440560133.569985,66087.307522,16108.420544,51785.631744,212077299.257349,172,1746,84,558,63826.47,40212.48
2019,52,normal,0,19963,3,0,14751331.4694841,11098835992.356,8344333.84036002,6406997.62912402,0,0,44762,304252,0,0,11454675.7800001,0
2019,52,normal,1,5,2,5,19428.678016,110167285.708702,15767.385348,3661.292668,11096.921088,40287085.5220053,30,246,18,106,15086.72,8616.96
2019,52,normal_alto_risco,0,1240,1,0,1302028.593128,1384997481.91347,779790.484676,522238.108452,0,0,5397,33403,0,0,1011048.76,0
2019,52,normal_alto_risco,1,15,0,15,55554.700394,280817277.219316,43736.84311,11817.857284,38839.223808,179011483.78174,120,1146,63,471,43139.23,30159.36
2019,53,cesarea,0,13004,2,0,12707553.1794879,12614066524.2479,7938032.56689801,4769520.61258993,0,0,52126,354840,0,0,9867644.95999995,0
2019,53,cesarea,1,38,0,38,110170.45293,399693657.186178,86459.54372,23710.90921,67814.51776,190793555.962704,294,3040,110,502,85549.35,52659.2
2019,53,cesarea_alto_risco,0,1532,0,0,2283416.672808,3448274942.60541,1504123.639516,779293.033291999,0,0,9198,117150,0,0,1773114.36,0
2019,53,cesarea_alto_risco,1,113,2,113,376845.784646,1450695709.1461,291816.690532,85029.094114,194812.614656,500928101.113235,1150,17260,316,1318,292627.57,151275.52
2019,53,cesarea_laqueadura,0,553,0,0,585877.668758,634264988.314153,369894.111466,215983.557292,0,0,1889,10169,0,0,454944.61,0
2019,53,cesarea_laqueadura,1,5,0,5,25136.606834,191193405.458425,20300.647396,4835.959438,17878.372864,128842660.301507,83,1617,29,339,19519.03,13882.88
2019,53,normal,0,22714,1,0,17337396.7117941,13398201396.0839,9259500.526782,8077896.18501189,0,0,62850,330720,0,0,13462802.2300001,0
2019,53,normal,1,6,0,6,15488.95011,44426054.5933407,12184.996186,3303.953924,10480.425472,22423943.828286,31,191,17,59,12027.45,8138.24
2019,53,normal_alto_risco,0,455,0,0,443861.724748,443202497.435596,261726.664022,182135.060726,0,0,2214,25854,0,0,344666.66,0
2019,53,normal_alto_risco,1,3,0,3,8581.924956,29942297.5196621,6665.317972,1916.606984,5548.460544,15582740.626436,23,229,9,41,6664.02,4308.48
2019,53,normal_cpn,0,398,0,0,291022.414126,213009883.325545,143714.35904,147308.055086,0,0,550,956,0,0,225984.17,0
2020,11,cesarea,0,7262,0,0,6254845.66826998,5432837322.47391,4040937.13129496,2213908.53697498,0,0,15492,133490,0,0,5066703.65999999,0
2020,11,cesarea,1,8,0,8,15266.41956,32525244.7003379,11448.30858,3818.11098,7682.73792,10128457.9673063,38,294,13,29,12366.48,6223.36
2020,11,cesarea_alto_risco,0,1751,2,0,2965134.90861,5257115640.6651,2113663.902585,851471.006024998,0,0,7240,55352,0,0,2401891.38,0
2020,11,cesarea_alto_risco,1,13,2,13,52706.940465,253563092.159919,43365.404895,9341.53557,23639.1936,53785604.3781095,126,1932,40,154,42694.97,19148.8
2020,11,cesarea_laqueadura,0,1338,1,0,1183798.96155,1059329629.06648,760262.479560001,423536.48199,0,0,2854,17964,0,0,958929.9,0
2020,11,cesarea_laqueadura,1,2,0,2,8981.863995,58736913.7798263,7294.969125,1686.89487,7091.75808,42609374.8969439,14,148,12,122,7275.71,5744.64
2020,11,normal,0,6430,1,0,4218819.66820499,2794111287.79316,2387062.716675,1831756.95153001,0,0,10302,26206,0,0,3417431.89,0
2020,11,normal_alto_risco,0,1278,0,0,1585194.51321,2115516475.46763,1028333.58669,556860.926519999,0,0,3675,24111,0,0,1284078.18,0
2020,11,normal_alto_risco,1,2,0,2,5693.378205,17330284.5586636,4311.528285,1381.84992,3545.87904,6985143.42572851,14,116,6,20,4611.89,2872.32
2020,12,cesarea,0,4001,0,0,3385818.81910499,2898489581.83768,2142718.40326499,1243100.41584,0,0,11224,49558,0,0,2742664.08999999,0
2020,12,cesarea,1,2,0,2,6920.718105,26888098.7493047,5520.38772,1400.330385,4727.83872,13970286.851457,13,85,8,40,5606.09,3829.76
2020,12,cesarea_alto_risco,0,1968,1,0,2658432.111525,3600711559.50487,1706428.523985,952003.587539997,0,0,6806,38884,0,0,2153448.45,0
2020,12,cesarea_laqueadura,0,90,0,0,78063.21246,67891020.5369559,47605.50501,30457.70745,0,0,231,699,0,0,63234.68,0
2020,12,normal,0,4245,0,0,2675283.54267,1704375661.77615,1522217.06358,1153066.47909001,0,0,7234,41450,0,0,2167098.86,0
2020,12,normal_alto_risco,0,12,0,0,10910.56038,9948395.6645303,6319.47957,4591.08081,0,0,53,325,0,0,8838.04,0
2020,12,normal_cpn,0,2817,0,0,1843281.57690001,1208086216.46314,1008187.0158,835094.5611,0,0,5847,21001,0,0,1493140.20000001,0
2020,13,cesarea,0,19343,8,0,19749473.0649149,21190972548.3554,13365935.0306702,6383538.03424485,0,0,72977,466745,0,0,15997953.0699999,0
2020,13,cesarea,1,38,4,38,230258.56965,3975160031.14118,190968.891195,39289.678455,179395.5648,3324100586.38237,445,7451,245,3161,186519.7,145318.4
2020,13,cesarea_alto_risco,0,1161,2,0,1969023.315045,3451888507.29434,1404306.2157,564717.099345,0,0,7244,72944,0,0,1594996.61,0
2020,13,cesarea_alto_risco,1,25,2,25,91474.116795,384543094.239395,72870.522765,18603.59403,46687.40736,135162525.287847,311,5863,79,387,74098.11,37818.88
2020,13,cesarea_laqueadura,0,616,1,0,612425.62338,641183517.565308,410267.224185,202158.399195,0,0,1811,8789,0,0,496092.04,0
2020,13,normal,0,34380,44,0,25354551.5958001,19357737679.0298,14401103.37723,10953448.2185702,0,0,84457,496731,0,0,20538316.4000001,0
2020,13,normal,1,9,1,9,38495.21598,322318778.899781,30970.703925,7524.512055,28958.01216,235748590.618337,88,1228,49,675,31182.84,23457.28
2020,13,normal_alto_risco,0,170,0,0,192183.441675,221213009.644198,117590.655615,74592.78606,0,0,736,4704,0,0,155677.15,0
2020,13,normal_alto_risco,1,1,0,1,1783.741395,3181733.36423655,1319.840985,463.90041,590.97984,349257.171286426,9,81,1,1,1444.91,478.72
2020,13,normal_cpn,0,598,0,0,425519.45934,305705771.302608,247605.78834,177913.671,0,0,1888,7652,0,0,344689.72,0
2020,14,cesarea,0,738,0,0,641629.017105001,568634595.175693,394098.286365,247530.73074,0,0,1951,5919,0,0,519748.09,0
2020,14,cesarea_alto_risco,0,3035,3,0,4277216.17227001,6044369245.06409,2668365.30591,1608850.86636,0,0,9547,33199,0,0,3464735.66,0
2020,14,cesarea_laqueadura,0,327,0,0,385493.41398,473983268.388024,240438.664035,145054.749945,0,0,956,3122,0,0,312266.84,0
2020,14,normal,0,4526,0,0,3298726.97979,2443592564.74643,1739828.23011,1558898.74968,0,0,9397,25979,0,0,2672115.82,0
2020,14,normal_alto_risco,0,661,0,0,619025.82825,583750319.164683,342099.28227,276926.54598,0,0,1663,5113,0,0,501438.5,0
2020,14,normal_cpn,0,2293,0,0,1661455.01001,1208514589.20962,843064.715309999,818390.294699998,0,0,5167,15127,0,0,1345852.58,0
2020,15,cesarea,0,42929,9,0,36651292.2902706,31884445886.9307,23266658.5349994,13384633.7552706,0,0,101275,355483,0,0,29689179.6600005,0
2020,15,cesarea,1,137,4,137,409221.88662,1612250200.10394,324946.47264,84275.41398,265356.379905,837089414.200734,948,9144,442,2344,331487.96,214950.49
2020,15,cesarea_alto_risco,0,5941,5,0,8391816.30125998,11941027073.8742,5453835.07195497,2937981.22930503,0,0,18579,84679,0,0,6797745.07999999,0
2020,15,cesarea_alto_risco,1,271,3,271,801588.9966,2902481058.52366,610448.583975,191140.412625,407870.8992,1070136956.73086,1389,9655,648,2108,649322.8,330393.6
2020,15,cesarea_laqueadura,0,1058,3,0,844635.456075001,682267623.765939,558150.11487,286485.341205,0,0,2561,7283,0,0,684192.350000001,0
2020,15,cesarea_laqueadura,1,2,0,2,7210.56636,26066962.4454145,5861.25786,1349.3085,4727.83872,11176229.4811656,28,424,8,32,5840.88,3829.76
2020,15,normal,0,49020,14,0,31810655.1202044,21117399902.0706,18087263.3556751,13723391.7645307,0,0,81748,316364,0,0,25768047.8899996,0
2020,15,normal,1,14,1,14,41574.392295,153894636.914932,32933.608305,8640.78399,30317.258385,97893272.4039438,79,547,51,279,33677.11,24558.33
2020,15,normal_alto_risco,0,3458,3,0,3249371.50930499,3069968899.73353,1873199.326395,1376172.18291001,0,0,8492,30486,0,0,2632135.68999999,0
2020,15,normal_alto_risco,1,22,2,22,42536.240625,87984446.7183182,30813.3669,11722.873725,21866.25408,26892802.1890548,94,606,37,77,34456.25,17712.64
2020,15,normal_cpn,0,2111,0,0,1365682.698135,884365532.357369,731816.673794998,633866.02434,0,0,5449,24391,0,0,1106263.83,0
2020,16,cesarea,0,4092,2,0,3719610.31141499,3413653400.12134,2320023.61390499,1399586.69750999,0,0,12501,60859,0,0,3013050.07,0
2020,16,cesarea,1,2,0,2,3588.555705,6675469.52818062,2654.952735,933.60297,1772.93952,1746285.85643213,9,41,3,5,2906.89,1436.16
2020,16,cesarea_laqueadura,0,376,0,0,379424.451495,388506863.867469,240559.48455,138864.966945,0,0,1113,4281,0,0,307350.71,0
2020,16,normal,0,8258,2,0,5532297.00322501,3724306219.50859,3031916.902065,2500380.10116001,0,0,17661,146685,0,0,4481407.05000001,0
2020,16,normal,1,1,0,1,2042.221005,4170666.63326321,1577.308305,464.9127,1181.95968,1397028.6851457,6,36,2,4,1654.29,957.44
2020,17,cesarea,0,7557,6,0,6866232.20065497,6416065469.3976,4339250.47624499,2526981.72440998,0,0,19439,74431,0,0,5561953.98999998,0
2020,17,cesarea,1,10,0,10,40989.42447,245605161.730233,33275.84874,7713.57573,29782.85568,167275897.709396,89,1123,34,184,33203.26,24125.44
2020,17,cesarea_alto_risco,0,1277,0,0,1744540.36599,2390282995.63493,1111275.83943,633264.526559999,0,0,4166,20016,0,0,1413155.42,0
2020,17,cesarea_alto_risco,1,17,1,17,67735.5336,412066523.066141,53635.852335,14099.681265,39004.66944,185106300.781806,159,2607,66,530,54868.8,31595.52
2020,17,cesarea_laqueadura,0,867,0,0,817825.399845,820099131.045263,536262.1089,281563.290945,0,0,2313,19217,0,0,662475.01,0
2020,17,normal,0,9671,9,0,6875683.52030996,4998851193.12676,3887763.11188499,2987920.40842502,0,0,15608,62062,0,0,5569609.97999997,0
2020,17,normal_alto_risco,0,28,0,0,25128.14874,22598468.9107402,14076.46032,11051.68842,0,0,59,179,0,0,20354.92,0
2020,21,cesarea,0,29261,20,0,24538825.3150648,20820781569.4627,15735199.7756706,8803625.53939488,0,0,73886,439456,0,0,19877541.7699998,0
2020,21,cesarea,1,13,0,13,59712.802035,451872538.093367,48685.34685,11027.455185,45594.70203,334887931.403746,137,2623,68,632,48370.03,36933.74
2020,21,cesarea_alto_risco,0,5947,6,0,8556319.85800499,12393369286.5317,5677720.80694498,2878599.05106002,0,0,21737,117097,0,0,6931000.28999999,0
2020,21,cesarea_alto_risco,1,167,5,167,838589.82564,5384903186.63813,682110.346065,156479.479575,539638.04667,2589666114.22708,1560,20896,911,7397,679295.12,437130.86
2020,21,cesarea_laqueadura,0,1161,0,0,998535.42321,880606713.993648,654474.977205001,344060.446005,0,0,2927,39415,0,0,808858.18,0
2020,21,cesarea_laqueadura,1,1,0,1,2348.5128,5515512.37176384,1747.052055,601.460745,1181.95968,1397028.6851457,3,9,2,4,1902.4,957.44
2020,21,normal,0,42709,18,0,26823165.0892198,16962464270.3747,15018896.4461245,11804268.6430953,0,0,74024,600104,0,0,21727958.7599999,0
2020,21,normal,1,1,0,1,4321.132695,18672187.767798,3601.912995,719.2197,3545.87904,12573258.1663113,8,64,6,36,3500.31,2872.32
2020,21,normal_alto_risco,0,3892,3,0,3467054.09166001,3099371068.66706,1988581.39978501,1478472.691875,0,0,11962,75440,0,0,2808468.28000001,0
2020,21,normal_alto_risco,1,18,4,18,65076.482325,280522134.942414,52298.38269,12778.099635,47278.3872,164150870.50462,187,4291,80,470,52714.85,38297.6
2020,21,normal_cpn,0,1066,0,0,643172.512455,389610066.04858,363802.693455,279369.819,0,0,1388,61386,0,0,520998.39,0
2020,22,cesarea,0,15184,3,0,13038589.9615651,11302839632.4516,8183044.191765,4855545.76979994,0,0,37642,142636,0,0,10561838.7700001,0
2020,22,cesarea,1,28,2,28,82198.454145,325939638.914491,65274.199845,16924.2543,52597.20576,177073385.842218,205,2229,89,507,66584.41,42606.08
2020,22,cesarea_alto_risco,0,4156,0,0,5987261.68249503,8685663135.93559,3973215.09078001,2014046.591715,0,0,17824,121580,0,0,4849948.71000003,0
2020,22,cesarea_alto_risco,1,190,2,190,767648.81403,5200128003.60777,613582.189395,154066.624635,440235.73632,2811110226.96438,1675,20831,677,3767,621829.74,356610.56
2020,22,cesarea_laqueadura,0,2,0,0,2040.788985,2195538.52951586,1367.788965,673.00002,0,0,8,40,0,0,1653.13,0
2020,22,normal,0,16317,2,0,10908043.06167,7398441581.43198,6177659.72854512,4730383.33312501,0,0,26395,98743,0,0,8836000.86000004,0
2020,22,normal,1,6,0,6,11663.556,26366953.5159192,8847.58743,2815.96857,7091.75808,12573258.1663113,35,415,12,36,9448,5744.64
2020,22,normal_alto_risco,0,1235,1,0,1208207.384445,1193984795.14253,676449.743835001,531757.640609999,0,0,4057,24317,0,0,978701.81,0
2020,22,normal_alto_risco,1,13,2,13,46075.88544,210866528.901888,36433.37877,9642.50667,30139.97184,105126408.557214,102,1214,51,301,37323.52,24414.72
2020,22,normal_cpn,0,184,0,0,117374.840325,74931856.6643616,62008.66341,55366.176915,0,0,275,725,0,0,95078.85,0
2020,23,cesarea,0,39830,12,0,33732124.53234,28837045408.897,21196808.4817805,12535316.0505603,0,0,96913,902559,0,0,27324523.72,0
2020,23,cesarea,1,61,1,61,176698.55265,833191539.455464,141153.828705,35544.723945,118352.70012,523773452.132532,384,4174,197,1483,143133.7,95870.96
2020,23,cesarea_alto_risco,0,9883,5,0,13805807.6635049,19403634774.6029,8784752.13304496,5021055.53046005,0,0,39153,269913,0,0,11183319.2899999,0
2020,23,cesarea_alto_risco,1,125,5,125,472813.141995,2798160769.22459,375170.12994,97643.012055,245771.333685,1147667573.94572,1063,14499,408,3138,382999.71,199085.73
2020,23,cesarea_laqueadura,0,2670,1,0,2395036.278105,2204670639.96027,1525853.80181999,869182.476285004,0,0,6407,39161,0,0,1940086.09,0
2020,23,cesarea_laqueadura,1,4,1,4,10068.940005,29418589.9781564,7812.85422,2256.085785,5909.7984,11874743.8237385,22,156,10,34,8156.29,4787.2
2020,23,normal,0,30822,9,0,19621231.6247547,12640367802.7215,11143826.4138596,8477405.21089499,0,0,50826,645774,0,0,15894071.7899998,0
2020,23,normal,1,6,0,6,11680.5921,26184452.8324008,9052.0947,2628.4974,7091.75808,11176229.4811656,14,46,12,32,9461.8,5744.64
2020,23,normal_alto_risco,0,3697,0,0,3368416.36888501,3087562128.5906,1892989.64527501,1475426.72361,0,0,10034,48236,0,0,2728567.33000001,0
2020,23,normal_alto_risco,1,5,0,5,11658.580965,30333374.4857622,8779.529445,2879.05152,5909.7984,9080686.45344707,56,978,10,26,9443.97,4787.2
2020,23,normal_cpn,0,8919,1,0,5599814.89447501,3531896775.57457,3151464.14142004,2448350.75305498,0,0,16794,41904,0,0,4536099.55,0
2020,24,cesarea,0,15637,1,0,13939988.307855,12546475469.772,8568015.57273003,5371972.73512491,0,0,38929,224969,0,0,11292011.59,0
2020,24,cesarea,1,15,2,15,61731.036705,340781640.750047,51031.106715,10699.92999,39078.51723,157345750.795454,103,1055,66,450,50004.89,31655.34
2020,24,cesarea_alto_risco,0,4835,0,0,6672052.2762,9221120419.3849,4201093.704915,2470958.57128501,0,0,14761,90847,0,0,5404659.6,0
2020,24,cesarea_alto_risco,1,431,2,431,1176572.482485,4242183441.74555,877679.18178,298893.300705,568522.60608,1686213622.97086,2369,19311,962,4828,953076.13,460528.64
2020,24,cesarea_laqueadura,0,363,0,0,351275.678775,345113248.50884,220382.91531,130892.763465,0,0,843,2307,0,0,284548.95,0
2020,24,cesarea_laqueadura,1,1,0,1,2293.701,5261064.277401,1735.966245,557.734755,1181.95968,1397028.6851457,2,4,2,4,1858,957.44
2020,24,normal,0,12996,4,0,8889907.94175008,6127797755.26805,4887752.726715,4002155.21503502,0,0,30602,125188,0,0,7201221.50000007,0
2020,24,normal,1,4,0,4,5954.14164,9083184.00676852,4135.52562,1818.61602,2954.8992,2444800.19900498,11,33,5,7,4823.12,2393.6
2020,24,normal_alto_risco,0,1857,0,0,1662119.26977,1492853952.95762,950991.643200002,711127.626570002,0,0,5170,20790,0,0,1346390.66,0
2020,24,normal_alto_risco,1,64,0,64,118669.978965,233242311.388497,85729.074765,32940.9042,60279.94368,69851434.2572851,258,1446,102,200,96127.97,48829.44
2020,25,cesarea,0,16086,2,0,14251983.38175,12780706370.9157,8986883.7929701,5265099.58877989,0,0,37219,128589,0,0,11544741.5,0
2020,25,cesarea,1,49,1,49,167168.224995,778892153.500292,133189.48899,33978.736005,120846.09384,507436277.944875,303,2909,213,1517,135413.71,97890.72
2020,25,cesarea_alto_risco,0,4890,4,0,6702833.95348499,9286811536.75255,4348669.958145,2354163.99534,0,0,19638,186658,0,0,5429594.12999999,0
2020,25,cesarea_alto_risco,1,200,3,200,695549.79204,2891311911.97951,541331.50908,154218.28296,405966.028665,1257097097.22185,1746,33846,686,3592,563426.32,328850.57
2020,25,cesarea_laqueadura,0,1042,0,0,953782.292175001,905329345.634618,619386.191145,334396.10103,0,0,2551,10879,0,0,772606.150000001,0
2020,25,cesarea_laqueadura,1,6,0,6,15396.572895,40262845.0052831,11628.533235,3768.03966,8458.337235,12459820.9025653,58,982,14,34,12471.91,6851.63
2020,25,normal,0,16287,4,0,11191136.0462553,7774317501.12332,6310048.59490509,4881087.45135001,0,0,33125,156719,0,0,9065318.79000021,0
2020,25,normal,1,11,0,11,28736.78976,103194836.502632,22470.91218,6265.87758,21446.86974,69880879.2729054,46,272,37,201,23278.08,17372.92
2020,25,normal_alto_risco,0,3213,1,0,2834258.76151501,2519604541.71684,1641314.01906001,1192944.742455,0,0,10295,75663,0,0,2295875.87000001,0
2020,25,normal_alto_risco,1,37,1,37,97832.79174,365323208.060994,75219.035565,22613.756175,61535.75115,202749183.062689,364,8766,104,580,79248.92,49846.7
2020,26,cesarea,0,22383,6,0,18851318.45379,15985019223.4627,11841639.9208954,7009678.53289486,0,0,51638,229186,0,0,15270407.82,0
2020,26,cesarea,1,8,2,8,24004.92657,105666148.642574,19037.952855,4966.973715,16104.20064,66206062.5319831,61,723,27,189,19445.06,13045.12
2020,26,cesarea_alto_risco,0,12338,4,0,17995221.1466698,26466777609.0415,11547870.0791251,6447351.0675451,0,0,41793,218025,0,0,14576930.8599998,0
2020,26,cesarea_alto_risco,1,951,8,951,2751975.15156,12150826305.3002,2084579.551695,667395.599865,1364205.322605,5810041533.04751,5117,35817,1865,6249,2229222.48,1105067.09
2020,26,cesarea_laqueadura,0,1656,0,0,1662603.24315,1712194971.15988,1028433.000975,634170.242175002,0,0,4772,22262,0,0,1346782.7,0
2020,26,cesarea_laqueadura,1,7,0,7,15443.706105,36662521.245497,11544.414405,3899.2917,7978.22784,11918400.9701493,33,195,13,33,12510.09,6462.72
2020,26,normal,0,44189,12,0,29562209.1742492,20067077529.8901,16560955.3072347,13001253.8670146,0,0,85961,577839,0,0,23946706.4999993,0
2020,26,normal,1,60,0,60,110507.79828,296383983.908041,81859.657965,28648.140315,58507.00416,112111551.982943,280,1780,99,321,89516.24,47393.28
2020,26,normal_alto_risco,0,8887,9,0,8819591.43900001,8869682881.09657,5012544.71463002,3807046.72436997,0,0,22252,79172,0,0,7144262.00000001,0
2020,26,normal_alto_risco,1,49,0,49,114268.517355,300573224.427287,85676.880105,28591.63725,61716.395535,104032822.651103,186,1020,91,237,92562.59,49993.03
2020,26,normal_cpn,0,553,0,0,363133.866045,239051392.864172,198208.28313,164925.582915,0,0,1195,2991,0,0,294154.61,0
2020,27,cesarea,0,16878,6,0,15678691.785015,14662892004.4844,9847142.42676005,5831549.35825488,0,0,37008,122944,0,0,12700438.87,0
2020,27,cesarea,1,53,1,53,136359.36402,421770135.070466,106078.424625,30280.939395,82810.82787,196764960.33989,342,3144,139,559,110457.16,67080.46
2020,27,cesarea_alto_risco,0,1477,1,0,2139814.513605,3130467857.01095,1335912.705945,803901.807660001,0,0,7178,72286,0,0,1733345.09,0
2020,27,cesarea_alto_risco,1,74,2,74,222861.260475,743547020.559359,169006.197975,53855.0625,101648.53248,190694415.522388,659,9591,172,546,180527.55,82339.84
2020,27,cesarea_laqueadura,0,20,0,0,26507.862975,35779865.6725526,16441.93515,10065.927825,0,0,75,465,0,0,21472.55,0
2020,27,cesarea_laqueadura,1,1,0,1,1888.994865,3568301.59999637,1294.02759,594.967275,590.97984,349257.171286426,4,16,1,1,1530.17,478.72
2020,27,normal,0,21798,2,0,14576164.353285,9858777088.07744,8202357.9319199,6373806.42136499,0,0,33275,81441,0,0,11807342.53,0
2020,27,normal,1,10,0,10,26069.89941,83517422.5410602,20401.12479,5668.77462,16547.43552,39815317.5266525,84,940,28,114,21117.78,13404.16
2020,27,normal_alto_risco,0,696,0,0,674561.008215,665632149.110396,367009.41831,307551.589905,0,0,2481,27557,0,0,546424.47,0
2020,27,normal_alto_risco,1,7,0,7,18790.386225,56817911.9857481,14107.162335,4683.22389,10637.63712,22352458.9623312,49,427,18,64,15221.05,8616.96
2020,28,cesarea,0,6768,0,0,6051067.82728497,5430812823.85057,3665876.56322998,2385191.26405498,0,0,16322,48602,0,0,4901634.52999997,0
2020,28,cesarea,1,18,0,18,54777.542625,180451293.998256,43302.75402,11474.788605,36640.75008,88012807.1641793,105,689,62,252,44372.25,29680.64
2020,28,cesarea_alto_risco,0,2792,1,0,3811307.23077,5211773551.3097,2472110.76717,1339196.46359999,0,0,10699,46495,0,0,3087328.66,0
2020,28,cesarea_laqueadura,0,39,0,0,33061.354365,28072793.0562287,19977.74067,13083.613695,0,0,99,279,0,0,26781.17,0
2020,28,normal,0,15484,1,0,11048594.66424,7945922836.07848,6024963.68284514,5023630.98139509,0,0,24059,49115,0,0,8949853.92000001,0
2020,28,normal,1,19,0,19,43221.610335,108885641.717249,32865.834255,10355.77608,28367.03232,53087090.0355367,91,497,48,152,35011.43,22978.56
2020,28,normal_alto_risco,0,1825,1,0,1620924.486225,1444901801.54953,939357.813960003,681566.672265002,0,0,5392,22850,0,0,1313021.05,0
2020,29,cesarea,0,43632,20,0,36526729.9070103,30933397587.5956,23056419.3580498,13470310.5489605,0,0,112781,735655,0,0,29588278.5800002,0
2020,29,cesarea,1,47,4,47,203218.30386,2042609208.95347,167747.5635,35470.74036,143910.491895,1360550603.54128,380,5164,213,1933,164615.88,116573.91
2020,29,cesarea_alto_risco,0,7606,2,0,10544780.79528,14746529025.9881,6897608.21562,3647172.57966004,0,0,28576,208362,0,0,8541742.23999998,0
2020,29,cesarea_alto_risco,1,247,2,247,732234.675495,2539519327.39741,563413.92411,168820.751385,341511.90717,704953682.323907,1342,26512,575,1995,593142.71,276639.86
2020,29,cesarea_laqueadura,0,1622,0,0,1402045.562265,1234055311.31351,875201.478555,526844.08371,0,0,3663,19531,0,0,1135719.37,0
2020,29,cesarea_laqueadura,1,3,0,3,5736.511635,11172467.7555291,4294.25763,1442.254005,2954.8992,3143314.54157783,6,14,5,9,4646.83,2393.6
2020,29,normal,0,81706,18,0,51466745.6300838,32826848290.9438,29013208.198128,22453537.4319608,0,0,146013,660899,0,0,41690356.9299991,0
2020,29,normal,1,13,1,13,25647.391785,64907860.7324895,19828.057545,5819.33424,14774.496,22003201.7910448,51,343,25,63,20775.53,11968
2020,29,normal_alto_risco,0,4788,3,0,4365564.36223502,4013443394.31437,2539128.500745,1826435.86148999,0,0,12567,67013,0,0,3536301.63000002,0
2020,29,normal_alto_risco,1,22,0,22,48072.04725,116681756.975051,35979.070425,12092.976825,24895.00107,38598312.5580689,72,362,42,110,38940.5,20166.06
2020,29,normal_cpn,0,719,0,0,448269.96108,280409088.665072,252222.71958,196047.2415,0,0,1118,2282,0,0,363118.64,0
2020,31,cesarea,0,58180,17,0,52134043.8896241,47355581123.5383,32315231.1694645,19818812.72016,0,0,128999,492751,0,0,42230898.2499992,0
2020,31,cesarea,1,203,5,203,536446.111125,2924635767.21944,422642.50647,113803.604655,309369.243015,1735018909.58685,1115,9981,477,2847,434545.25,250602.87
2020,31,cesarea_alto_risco,0,16379,5,0,23855161.2643347,35136351110.5301,15420169.3131751,8434991.95116004,0,0,52935,259677,0,0,19323743.4299998,0
2020,31,cesarea_alto_risco,1,232,8,232,891586.68843,6298948279.42533,703363.893105,188222.795325,482639.169435,3367187926.45937,1604,16116,653,3461,722224.94,390959.23
2020,31,cesarea_laqueadura,0,5097,2,0,5038340.99945998,5108359657.53482,3156524.76430498,1881816.23515499,0,0,11796,37342,0,0,4081280.67999998,0
2020,31,cesarea_laqueadura,1,34,1,34,86344.695225,261578603.078122,67115.975085,19228.72014,43243.32519,82412006.2938086,194,1506,67,209,69943.05,35029.02
2020,31,normal,0,70365,8,0,49726182.5021262,35804840853.1455,27344888.4545875,22381294.04754,0,0,125034,356462,0,0,40280423.2500009,0
2020,31,normal,1,44,1,44,95478.22989,241113672.033308,73469.76141,22008.46848,57482.91234,103172592.3446,186,1076,93,279,77341.62,46563.72
2020,31,normal_alto_risco,0,14610,3,0,14439631.38153,14492677200.2105,8172926.88404993,6266704.49747993,0,0,37003,145271,0,0,11696744.74,0
2020,31,normal_alto_risco,1,42,1,42,138812.75994,728155701.231902,109009.695495,29803.064445,87773.233935,390696086.244845,234,1730,119,611,112444.52,71100.23
2020,31,normal_cpn,0,2161,0,0,1532743.089555,1092891250.59257,841006.174215,691736.915340002,0,0,3081,5121,0,0,1241590.19,0
2020,32,cesarea,0,14112,13,0,12278690.7830099,10727205683.9296,7484342.27680495,4794348.50620491,0,0,34304,107056,0,0,9946286.57999989,0
2020,32,cesarea,1,30,0,30,64858.18569,160008123.361307,49804.76676,15053.41893,33685.85088,52737832.8642503,134,754,57,151,52538.02,27287.04
2020,32,cesarea_alto_risco,0,3673,2,0,5168528.19679499,7346340784.9465,3337173.32191501,1831354.87488,0,0,11279,50097,0,0,4186738.10999999,0
2020,32,cesarea_alto_risco,1,99,5,99,396898.58913,2587042534.17346,316694.35863,80204.2305,226726.22073,1276451271.76677,553,5007,324,2286,321505.54,183658.34
2020,32,cesarea_laqueadura,0,366,1,0,331599.082035,302670054.61961,202111.537575,129487.54446,0,0,726,1640,0,0,268610.03,0
2020,32,normal,0,15680,4,0,10443760.1171549,6990651285.91929,5726529.87538501,4717230.24176999,0,0,35610,113434,0,0,8459910.98999994,0
2020,32,normal,1,4,0,4,5856.51738,8850767.71733087,4243.186365,1613.331015,2954.8992,2444800.19900498,14,70,5,7,4744.04,2393.6
2020,32,normal_alto_risco,0,2157,0,0,1993115.594835,1855063724.52031,1148582.194875,844533.399960002,0,0,4352,16124,0,0,1614512.43,0
2020,32,normal_alto_risco,1,2,0,2,4326.55215,10238109.7906036,3339.236085,987.316065,2170.72011,3301543.93935858,8,32,4,10,3504.7,1758.38
2020,33,cesarea,0,41897,17,0,37802955.6860401,34824609245.4191,23578473.8903848,14224481.7956555,0,0,127553,776215,0,0,30622078.3200001,0
2020,33,cesarea,1,352,3,352,1135129.008915,18353072734.036,907030.592055,228098.41686,749953.09599,14395822080.8563,2389,63181,1246,40446,919505.07,607495.42
2020,33,cesarea_alto_risco,0,8587,2,0,12244146.8682149,17549212840.6508,7778751.12046498,4465395.74775007,0,0,31427,203427,0,0,9918304.46999994,0
2020,33,cesarea_alto_risco,1,511,6,511,1392730.63017,4931091042.45447,1039958.515185,352772.114985,614665.15452,1588964028.75343,3180,29004,1314,5696,1128173.86,497906.16
2020,33,cesarea_laqueadura,0,4327,2,0,4267279.12624499,4362577511.59298,2606501.89376999,1660777.23247499,0,0,12758,62928,0,0,3456686.20999999,0
2020,33,cesarea_laqueadura,1,85,0,85,218658.96075,786906830.051359,165189.173355,53469.787395,112792.0677,312829086.226282,597,11279,208,914,177123.5,91366.6
2020,33,normal,0,68840,6,0,49389069.7480506,36056834432.3139,26415524.7575863,22973544.9904654,0,0,176257,766817,0,0,40007346.9000005,0
2020,33,normal,1,110,1,110,248661.1377,793930782.718769,190732.89183,57928.24587,163038.995325,440474342.675036,551,4651,286,1302,201426.6,132068.85
2020,33,normal_alto_risco,0,5036,1,0,4891070.11215,4790566491.39996,2683157.93671501,2207912.175435,0,0,16033,74697,0,0,3961984.7,0
2020,33,normal_alto_risco,1,69,0,69,116483.531325,341794359.408562,82776.249525,33707.2818,46346.14218,126542201.344438,429,3891,143,583,94356.85,37542.44
2020,35,cesarea,0,115392,26,0,101499063.293857,89813844241.8996,61890033.8115354,39609029.4823222,0,0,294498,1019132,0,0,82218763.300006,0
2020,35,cesarea,1,742,11,742,1828403.70387,7904385771.05945,1424062.227825,404341.476045,1051482.770205,4339209013.39976,4320,40030,1834,11230,1481088.46,851747.89
2020,35,cesarea_alto_risco,0,33034,16,0,45135596.5537956,61906554177.221,28751970.0361506,16383626.5176444,0,0,107298,490200,0,0,36561844.1100005,0
2020,35,cesarea_alto_risco,1,835,8,835,2772046.183395,12544656657.5851,2149059.49893,622986.684465,1523173.689975,5701634839.15575,5227,50147,2366,12728,2245480.91,1233838.55
2020,35,cesarea_laqueadura,0,11021,2,0,10641635.1840449,10568654932.1565,6582198.20609998,4059436.97794496,0,0,28269,113837,0,0,8620198.60999994,0
2020,35,cesarea_laqueadura,1,96,2,96,267053.891475,1465317564.51921,206675.47173,60378.419745,158809.524255,904483715.945813,677,9249,267,2525,216325.55,128642.79
2020,35,normal,0,163589,15,0,112631595.057333,78209277039.5575,61129949.4085992,51501645.6487492,0,0,413261,1936797,0,0,91236610.0099904,0
2020,35,normal,1,153,1,153,331980.23391,1085981699.40382,253567.80609,78412.42782,199800.59061,516380999.587967,874,10386,341,1459,268918.78,161847.38
2020,35,normal_alto_risco,0,20077,4,0,18376939.8299998,16917417845.5573,10246673.48838,8130266.34161996,0,0,61356,255662,0,0,14886139.9999998,0
2020,35,normal_alto_risco,1,134,1,134,327395.05401,1114894776.58282,245958.632025,81436.421985,191434.43349,537660279.018566,766,5970,306,1130,265204.58,155070.42
2020,35,normal_cpn,0,1843,0,0,1197643.570425,780032733.136378,648629.718464998,549013.85196,0,0,4781,14487,0,0,970144.650000001,0
2020,35,normal_cpn,1,1,0,1,3100.96524,9615985.41968826,2480.99934,619.9659,2363.91936,5588114.74058281,9,81,4,16,2511.92,1914.88
2020,41,cesarea,0,36366,9,0,32815562.5879953,29996940836.3351,20400077.3044056,12415485.2835903,0,0,89831,338889,0,0,26582067.7100003,0
2020,41,cesarea,1,131,2,131,405588.765465,2488720046.90108,326311.87902,79276.886445,240437.1456,1516073474.88023,895,9491,360,2144,328544.97,194764.8
2020,41,cesarea_alto_risco,0,10846,0,0,15140369.4067199,21222077219.3693,9659172.24717003,5481197.15955006,0,0,31789,125585,0,0,12264373.7599999,0
2020,41,cesarea_alto_risco,1,79,3,79,341930.686605,2884341555.41772,273832.210005,68098.4766,202545.47667,1788611350.77281,498,4462,241,1353,276979.09,164070.86
2020,41,cesarea_laqueadura,0,2296,0,0,2361577.63695,2490974378.0051,1480159.586745,881418.050205002,0,0,5602,17044,0,0,1912983.1,0
2020,41,cesarea_laqueadura,1,4,0,4,7648.27068,15646184.4966511,5725.80852,1922.46216,3545.87904,4191086.05543711,11,35,6,12,6195.44,2872.32
2020,41,normal,0,37659,2,0,26559972.861885,18894118886.1391,14743491.5571895,11816481.3046945,0,0,86949,290465,0,0,21514761.33,0
2020,41,normal,1,10,0,10,25313.52126,79193238.8221328,20261.70036,5051.8209,13592.53632,24797259.1613362,51,335,23,71,20505.08,11010.56
2020,41,normal_alto_risco,0,6658,0,0,6231938.98993502,5875737434.48557,3502440.50332501,2729498.48661001,0,0,16796,63456,0,0,5048148.23000002,0
2020,41,normal_alto_risco,1,9,1,9,26749.800285,92371837.4531123,21157.046175,5592.75411,14848.34379,31872414.4453458,52,330,25,91,21668.53,12027.82
2020,42,cesarea,0,19684,8,0,17904489.7668001,16467161801.6598,11048039.8429052,6856449.92389488,0,0,45501,140449,0,0,14503434.4000001,0
2020,42,cesarea,1,43,1,43,101924.98641,300030932.939173,80179.849125,21745.137285,50824.26624,82424692.4235964,225,1621,86,236,82563.78,41169.92
2020,42,cesarea_alto_risco,0,8978,3,0,12912936.7000349,18709270727.9762,8203981.96604998,4708954.73398503,0,0,28314,148696,0,0,10460054.0299999,0
2020,42,cesarea_alto_risco,1,46,0,46,176002.973625,905836804.573437,141601.483095,34401.49053,85319.15904,270011708.894926,339,3973,135,673,142570.25,69112.32
2020,42,cesarea_laqueadura,0,932,1,0,957509.000775,1017835327.7432,599308.900395,358200.10038,0,0,2243,8101,0,0,775624.95,0
2020,42,cesarea_laqueadura,1,2,0,2,5290.437405,14105749.5419242,4121.316525,1169.12088,2954.8992,4540343.22672353,11,61,5,13,4285.49,2393.6
2020,42,normal,0,27940,4,0,20228417.7708902,14872555013.1001,11084258.7890247,9144158.98186495,0,0,53869,150057,0,0,16385919.6200002,0
2020,42,normal,1,5,0,5,8250.92889,13847833.0300028,6143.66208,2107.26681,3545.87904,2794057.3702914,24,148,6,8,6683.62,2872.32
2020,42,normal_alto_risco,0,7051,1,0,6859058.92854005,6739923253.99004,3802717.25880001,3056341.66974001,0,0,18563,69093,0,0,5556143.32000004,0
2020,42,normal_alto_risco,1,4,0,4,8228.646165,18168514.8255316,6336.898365,1891.7478,2954.8992,2444800.19900498,19,147,5,7,6665.57,2393.6
2020,43,cesarea,0,39072,5,0,36020544.0697502,33784445239.2589,22743032.3977502,13277511.6720005,0,0,99337,365779,0,0,29178245.5000002,0
2020,43,cesarea,1,95,3,95,312845.18763,2151679317.02567,254033.45949,58811.72814,185713.36545,1195493877.57833,639,6749,260,1334,253418.54,150436.1
2020,43,cesarea_alto_risco,0,5980,1,0,8379668.95705498,11870769691.6958,5447575.94708997,2932093.00996502,0,0,23921,189639,0,0,6787905.18999999,0
2020,43,cesarea_alto_risco,1,58,0,58,243928.90416,2418997714.57661,195667.90434,48260.99982,139127.33523,1586657780.17455,498,10648,155,851,197593.28,112699.34
2020,43,cesarea_laqueadura,0,737,0,0,769463.911725001,828254712.618132,505404.781455,264059.13027,0,0,2330,14966,0,0,623300.050000001,0
2020,43,cesarea_laqueadura,1,2,0,2,8584.750035,41439472.7126378,7090.190265,1494.55977,5723.33952,22021159.5363041,6,18,5,13,6954.03,4636.16
2020,43,normal,0,38068,5,0,27139221.9520499,19698145920.0624,15096344.7294446,12042877.2226047,0,0,81188,254974,0,0,21983978.8999999,0
2020,43,normal,1,11,1,11,35664.40872,188361151.544775,29075.16621,6589.24251,22381.546725,110771468.065363,96,1440,33,191,28889.76,18130.05
2020,43,normal_alto_risco,0,3377,0,0,3235160.74773,3144290776.1981,1820598.23196001,1414562.51577001,0,0,11477,66675,0,0,2620624.34,0
2020,43,normal_alto_risco,1,13,0,13,47139.740505,275532442.759188,37297.220145,9842.52036,33348.01761,178462512.563546,87,675,42,220,38185.29,27013.38
2020,50,cesarea,0,12902,3,0,10847411.6434949,9190119711.48396,6771175.13278494,4076236.51070995,0,0,31019,129519,0,0,8786886.70999993,0
2020,50,cesarea,1,33,0,33,103807.25325,485748892.590245,83914.902945,19892.350305,65840.50203,257857968.405937,228,2598,92,384,84088.5,53333.74
2020,50,cesarea_alto_risco,0,1837,2,0,2521050.458055,3488053335.33008,1642986.34683,878064.111224999,0,0,7513,61345,0,0,2042163.19,0
2020,50,cesarea_alto_risco,1,19,1,19,56126.86347,195614668.115213,44186.06346,11940.80001,23786.88918,42180896.1292142,147,2211,40,120,45465.26,19268.44
2020,50,cesarea_laqueadura,0,998,0,0,887909.865975001,798452103.368281,558342.20307,329567.662905,0,0,2264,6232,0,0,719246.55,0
2020,50,cesarea_laqueadura,1,5,0,5,9226.72707,17952692.3867363,6978.99885,2247.72822,4173.782775,4585349.15586406,30,232,7,13,7474.06,3380.95
2020,50,normal,0,12708,6,0,8057951.87468994,5160029283.32234,4560362.215665,3497589.65902499,0,0,25380,118488,0,0,6527300.01999995,0
2020,50,normal,1,10,1,10,17953.06191,35463690.8169485,13485.171855,4467.890055,10674.561015,14713807.1231704,54,394,18,42,14542.78,8646.87
2020,50,normal_alto_risco,0,1073,0,0,971918.553885,889665929.733776,569327.092695,402591.46119,0,0,3761,23981,0,0,787297.33,0
2020,50,normal_alto_risco,1,10,0,10,47276.78235,293676425.354057,39550.68879,7726.09356,27369.692115,105542252.181317,168,5318,46,300,38296.3,22170.67
2020,50,normal_cpn,0,225,0,0,126724.745805,71478842.2773206,77894.098305,48830.6475,0,0,248,306,0,0,102652.69,0
2020,51,cesarea,0,15072,5,0,12953440.842555,11276271362.2228,8058850.57834498,4894590.26420995,0,0,33077,131465,0,0,10492864.19,0
2020,51,cesarea,1,40,0,40,96867.202875,320444562.635069,75461.861715,21405.34116,54055.236675,137497531.886284,224,1544,90,386,78466.75,43787.15
2020,51,cesarea_alto_risco,0,1731,1,0,2441295.99294,3476536335.02663,1550990.46861,890305.524329999,0,0,6794,53280,0,0,1977558.52,0
2020,51,cesarea_alto_risco,1,101,3,101,335813.541585,1475380688.72244,257247.48024,78566.061345,173958.567555,559884915.683571,664,6920,271,1303,272023.93,140914.19
2020,51,cesarea_laqueadura,0,1736,2,0,1593327.683145,1522984025.97544,994473.2022,598854.480945001,0,0,3547,11863,0,0,1290666.41,0
2020,51,cesarea_laqueadura,1,4,0,4,10751.92713,32462351.0528329,8544.29547,2207.63166,7091.75808,16065829.8791756,23,189,12,46,8709.54,5744.64
2020,51,normal,0,17905,1,0,12123326.8223248,8311958145.17162,6531780.54712485,5591546.27520005,0,0,30241,258433,0,0,9820434.84999986,0
2020,51,normal,1,6,1,6,12090.655965,25221393.9772799,9087.833475,3002.82249,7202.529765,9485739.81571178,24,100,12,26,9793.97,5834.37
2020,51,normal_alto_risco,0,659,0,0,619147.96968,589271210.159199,344406.26649,274741.70319,0,0,1954,12178,0,0,501537.44,0
2020,51,normal_alto_risco,1,9,2,9,29869.999035,244287663.036655,23307.322965,6562.67607,20992.00587,199033018.444863,41,229,19,71,24196.03,17004.46
2020,52,cesarea,0,20243,11,0,17493992.8392002,15343911010.4556,11004918.6344553,6489074.20474486,0,0,47862,283974,0,0,14170913.6000002,0
2020,52,cesarea,1,18,0,18,66596.843145,346223438.854887,53458.306545,13138.5366,43732.50816,192091444.207534,123,1217,74,550,53946.41,35425.28
2020,52,cesarea_alto_risco,0,1810,2,0,2655858.895035,3926528819.03127,1738227.318165,917631.576869999,0,0,8087,52915,0,0,2151364.03,0
2020,52,cesarea_alto_risco,1,129,4,129,599396.53755,3893820046.29922,480223.68501,119172.85254,384652.02816,2021018514.73149,1038,12230,597,4617,485537.9,311585.28
2020,52,cesarea_laqueadura,0,1986,0,0,1822599.887295,1726214348.23739,1145450.144925,677149.742370001,0,0,4641,19469,0,0,1476387.11,0
2020,52,cesarea_laqueadura,1,12,0,12,44934.09639,185274496.062368,35801.33946,9132.75693,30730.95168,97093493.6176263,93,851,52,278,36398.62,24893.44
2020,52,normal,0,15552,5,0,10994789.981685,7925667177.32131,6194124.65008496,4800665.33160002,0,0,32724,135516,0,0,8906269.73000001,0
2020,52,normal,1,1,0,1,2735.80014,7484602.40602402,2144.511675,591.288465,1772.93952,3143314.54157783,7,49,3,9,2216.12,1436.16
2020,52,normal_alto_risco,0,1301,2,0,1295478.189225,1303294073.31262,771506.885775,523971.30345,0,0,5102,27692,0,0,1049395.05,0
2020,52,normal_alto_risco,1,13,1,13,64434.20901,663430894.197083,53244.03438,11190.17463,41959.56864,264387678.663824,119,1451,71,757,52194.58,33989.12
2020,52,normal_cpn,0,1979,0,0,1287704.80197,840302559.289704,697425.145679998,590279.656290001,0,0,5536,18832,0,0,1043098.26,0
2020,53,cesarea,0,12742,2,0,11846152.981305,11146824570.3975,7411497.43164,4434655.54966493,0,0,46497,268107,0,0,9595911.68999997,0
2020,53,cesarea,1,34,1,34,91704.795465,299923802.866657,71873.022075,19831.77339,54961.12512,128177381.862118,243,2151,93,367,74284.97,44520.96
2020,53,cesarea_alto_risco,0,2302,0,0,3206592.701775,4523452115.63994,2130164.83449,1076427.867285,0,0,11728,133660,0,0,2597482.95,0
2020,53,cesarea_alto_risco,1,99,1,99,293073.11466,956753129.524859,225296.287035,67776.827625,137698.30272,258799563.923241,986,14982,233,741,237402.28,111541.76
2020,53,cesarea_laqueadura,0,660,0,0,668791.523085,688333074.096784,422459.294325,246332.22876,0,0,2156,10268,0,0,541750.93,0
2020,53,cesarea_laqueadura,1,3,0,3,6589.61286,14975340.3016975,4903.82904,1685.78382,2954.8992,3143314.54157783,27,321,5,9,5337.88,2393.6
2020,53,normal,0,21185,0,0,15370330.9556701,11254146169.3262,8147802.58695003,7222528.36871991,0,0,50234,230258,0,0,12450652.8600001,0
2020,53,normal,1,13,0,13,40376.10018,161728372.036341,32735.85375,7640.24643,26003.11296,87314292.8216064,121,3345,44,250,32706.44,21063.68
2020,53,normal_alto_risco,0,492,0,0,445929.336735,409814963.452082,258835.17069,187094.166045,0,0,1814,16222,0,0,361222.63,0
2020,53,normal_alto_risco,1,2,0,2,10374.09606,69896217.4730813,8629.25376,1744.8423,7682.73792,43657146.4108032,37,685,13,125,8403.48,6223.36
2020,53,normal_cpn,0,403,0,0,284683.47735,201227370.318,138814.3401,145869.13725,0,0,533,877,0,0,230606.3,0
2021,11,cesarea,0,7151,1,0,5588987.57186398,4400160916.9948,3599319.74413197,1989667.82773199,0,0,16267,355637,0,0,5013444.17999998,0
2021,11,cesarea,1,4,0,4,10441.685016,37209780.625241,8250.255768,2191.429248,6404.124672,17088672.0060496,41,719,12,60,9366.42,5744.64
2021,11,cesarea_alto_risco,0,1724,1,0,2895845.081016,5113788097.93513,2142244.985472,753600.095543998,0,0,7287,55209,0,0,2597636.42,0
2021,11,cesarea_alto_risco,1,4,0,4,14233.365072,55256716.028404,11446.810992,2786.55408,8005.15584,19651972.8069571,19,103,15,69,12767.64,7180.8
2021,11,cesarea_laqueadura,0,1139,1,0,923667.484260001,756507276.640703,590885.871888,332781.612372,0,0,2359,9947,0,0,828549.950000001,0
2021,11,cesarea_laqueadura,1,1,0,1,1282.945284,1645948.60173784,899.19768,383.747604,533.677056,284811.200100827,4,16,1,1,1150.83,478.72
2021,11,normal,0,6190,1,0,3757851.550332,2306213384.13883,2109799.567572,1648051.98276001,0,0,10732,175504,0,0,3370875.09,0
2021,11,normal_alto_risco,0,1137,0,0,1477218.369708,2078250021.03159,1030390.342812,446828.026896,0,0,3304,23206,0,0,1325097.21,0
2021,12,cesarea,0,4176,2,0,3131984.50301999,2390816591.93677,2026601.67568799,1105382.827332,0,0,12503,79937,0,0,2809458.64999999,0
2021,12,cesarea,1,1,0,1,1834.45914,3365240.33632954,1375.128096,459.331044,1067.354112,1139244.80040331,4,16,2,4,1645.55,957.44
2021,12,cesarea_alto_risco,0,2114,1,0,2579679.283944,3154209349.15731,1655787.992436,923891.291507997,0,0,7516,57754,0,0,2314028.78,0
2021,12,cesarea_laqueadura,0,64,0,0,51315.715536,41506599.4524984,31481.00442,19834.711116,0,0,225,1391,0,0,46031.32,0
2021,12,cesarea_laqueadura,1,2,0,2,13209.699972,114442359.811559,11456.030388,1753.669584,8005.15584,39019134.4138133,30,522,15,137,11849.39,7180.8
2021,12,normal,0,4118,0,0,2284622.48127599,1282419237.52424,1320551.378652,964071.102624005,0,0,6833,24215,0,0,2049356.36999999,0
2021,12,normal_alto_risco,0,7,0,0,5635.882548,4561658.97444994,3364.956912,2270.925636,0,0,28,152,0,0,5055.51,0
2021,12,normal_cpn,0,2789,0,0,1647338.52190801,974310590.824675,901739.100707999,745599.4212,0,0,6068,47932,0,0,1477698.71000001,0
2021,13,cesarea,0,20978,18,0,19891086.05034,20137120122.4825,13514580.6709681,6376505.37937187,0,0,79151,601713,0,0,17842739.55,0
2021,13,cesarea,1,55,5,55,451683.092376,9505192121.427,378617.417028,73065.675348,387429.56544,8503198193.85673,821,17869,473,7765,405169.62,347532.8
2021,13,cesarea_alto_risco,0,922,0,0,1697666.123316,3259351642.54421,1286227.511604,411438.611712,0,0,6179,69333,0,0,1522843.67,0
2021,13,cesarea_alto_risco,1,11,3,11,50212.197312,282756021.562895,40751.157264,9461.040048,31486.946304,139272676.849305,194,4952,59,489,45041.44,28244.48
2021,13,cesarea_laqueadura,0,934,1,0,862560.458028,828242417.038107,572991.748872,289568.709156,0,0,2938,13396,0,0,773735.61,0
2021,13,normal,0,36466,10,0,24969708.8736243,18051550359.5154,14369401.8529562,10600307.0206683,0,0,88622,647866,0,0,22398375.3800003,0
2021,13,normal,1,8,3,8,135234.983352,7652978384.72433,114377.30946,20857.673892,127454.63808,7429984853.16761,148,4804,110,3112,121308.74,114329.6
2021,13,normal_alto_risco,0,42,1,0,44763.054912,50529715.4038658,27981.011784,16782.043128,0,0,198,1340,0,0,40153.44,0
2021,13,normal_alto_risco,1,2,0,2,4167.356508,9047834.275549,3081.80886,1085.547648,2134.708224,2848112.00100827,14,98,4,10,3738.21,1914.88
2021,13,normal_cpn,0,934,0,0,598428.474912,388847807.773486,346208.363904,252220.111008,0,0,2937,13469,0,0,536803.44,0
2021,14,cesarea,0,576,1,0,452974.822284,364741744.001132,279651.59328,173323.229004,0,0,1679,5803,0,0,406328.33,0
2021,14,cesarea_alto_risco,0,2833,0,0,3614922.89740801,4625491344.32975,2263467.022008,1351455.8754,0,0,9717,37061,0,0,3242664.96,0
2021,14,cesarea_laqueadura,0,284,0,0,320682.75486,371809226.162936,201262.937448,119419.817412,0,0,939,3497,0,0,287659.45,0
2021,14,normal,0,4198,0,0,2779319.016852,1869409535.55942,1465954.965612,1313364.05124,0,0,9135,23863,0,0,2493109.99,0
2021,14,normal_alto_risco,0,821,1,0,705420.446184,609544743.608499,388693.737492,316726.708692,0,0,2259,7461,0,0,632777.58,0
2021,14,normal_cpn,0,2457,0,0,1621826.20128,1073842197.73605,821655.982319999,800170.218959998,0,0,5870,19706,0,0,1454813.6,0
2021,15,cesarea,0,43936,19,0,34039736.7791645,26910467954.8331,21738696.8426752,12301039.9364885,0,0,104629,662433,0,0,30534388.9300005,0
2021,15,cesarea,1,160,7,160,444403.53756,3198595873.68203,354387.84102,90015.69654,288615.387936,2354041838.69099,1026,10082,450,2374,398639.7,258894.32
2021,15,cesarea_alto_risco,0,7848,11,0,9987919.18737595,12810583291.0315,6488392.73843996,3499526.44893605,0,0,22481,81705,0,0,8959382.11999996,0
2021,15,cesarea_alto_risco,1,406,9,406,1162732.05228,3971349927.62594,897170.929008,265561.123272,603283.38432,1437625162.22873,1966,12120,1018,3472,1042996.1,541158.4
2021,15,cesarea_laqueadura,0,1679,0,0,1239322.10094,924006622.777756,812339.297724,426982.803216,0,0,3936,11852,0,0,1111699.05,0
2021,15,normal,0,49102,15,0,28565912.1720594,16945965233.3383,16316148.0635641,12249764.1084966,0,0,83848,636970,0,0,25624248.4499995,0
2021,15,normal,1,21,1,21,36638.303328,73799120.9275808,27931.8714,8706.431928,20973.501612,29133321.2379265,99,649,39,101,32865.36,18813.69
2021,15,normal_alto_risco,0,3208,8,0,2736090.25003199,2349559986.04408,1581010.575132,1155079.67490001,0,0,7188,24566,0,0,2454332.83999999,0
2021,15,normal_alto_risco,1,23,1,23,43731.307512,92170592.331775,32902.976412,10828.3311,21880.759296,25917819.2091753,96,542,41,91,39227.94,19627.52
2021,15,normal_cpn,0,2113,1,0,1232480.060532,719846807.236129,660616.890587998,571863.169944,0,0,4923,15911,0,0,1105561.59,0
2021,15,normal_cpn,1,4,0,4,4402.657344,4845847.92216929,3025.656384,1377.00096,2134.708224,1139244.80040331,4,4,4,4,3949.28,1914.88
2021,16,cesarea,0,4636,2,0,3835012.933992,3199261198.32261,2400355.721976,1434657.21201599,0,0,14386,111404,0,0,3440090.54,0
2021,16,cesarea,1,5,0,5,12328.07154,31711415.3495235,9872.869464,2455.202076,6937.801728,10538014.4037306,37,323,13,37,11058.55,6223.36
2021,16,cesarea_laqueadura,0,395,1,0,362538.233004,337077106.769264,229746.657144,132791.57586,0,0,1082,3870,0,0,325204.73,0
2021,16,normal,0,8808,6,0,5353017.45453602,3270763349.79026,2946295.288128,2406722.16640801,0,0,17844,114188,0,0,4801773.82000001,0
2021,16,normal,1,1,0,1,1258.129836,1582890.68423339,913.879596,344.25024,533.677056,284811.200100827,5,25,1,1,1128.57,478.72
2021,17,cesarea,0,6830,4,0,5691740.01447597,5022047620.79948,3629191.04423999,2062548.97023598,0,0,17406,64428,0,0,5105615.36999997,0
2021,17,cesarea,1,2,0,2,3763.107732,7080617.85940252,2816.70942,946.398312,2134.708224,2278489.60080662,4,8,4,8,3375.59,1914.88
2021,17,cesarea_alto_risco,0,1562,1,0,1912652.928792,2346869168.17007,1210664.88492,701988.043871999,0,0,4921,22325,0,0,1715691.54,0
2021,17,cesarea_alto_risco,1,32,0,32,92269.967064,381379705.502899,70950.910896,21319.056168,51232.997376,193101993.668361,220,2008,96,678,82768.18,45957.12
2021,17,cesarea_laqueadura,0,889,1,0,778470.737292,752799418.528351,510460.075128,268010.662164,0,0,2314,19132,0,0,698305.29,0
2021,17,normal,0,8903,10,0,5905543.15875597,4212898148.95205,3416019.05512799,2489524.10362802,0,0,16034,91886,0,0,5297401.46999998,0
2021,17,normal,1,4,0,4,11980.320828,44558292.0535641,9714.211128,2266.1097,8904.13056,28105862.1750447,26,210,12,58,10746.61,7987.2
2021,17,normal_alto_risco,0,51,0,0,41583.087912,33951667.3310044,22977.08706,18606.000852,0,0,145,621,0,0,37300.94,0
2021,17,normal_alto_risco,1,1,0,1,1435.104336,2059524.455206,941.816484,493.287852,533.677056,284811.200100827,1,1,1,1,1287.32,478.72
2021,21,cesarea,0,31835,13,0,24380830.4443919,18915414274.281,15679527.4213443,8701303.02304798,0,0,80953,419097,0,0,21870138.5399999,0
2021,21,cesarea,1,13,0,13,54646.225128,339328137.519012,45046.916436,9599.308692,39492.102144,204494441.672394,95,983,74,718,49018.86,35425.28
2021,21,cesarea_alto_risco,0,7957,2,0,10356953.649828,13568613824.6638,6868277.95061999,3488675.69920804,0,0,28910,219582,0,0,9290414.10999999,0
2021,21,cesarea_alto_risco,1,129,7,129,580597.795164,3731255476.24842,471410.760396,109187.034768,374567.426664,1960341416.81857,1149,15277,679,6441,520808.93,335995.18
2021,21,cesarea_laqueadura,0,1388,1,0,1091525.506596,879935542.342349,706189.647036001,385335.85956,0,0,3161,10153,0,0,979122.270000001,0
2021,21,cesarea_laqueadura,1,3,0,3,10831.184988,48045215.1685609,8748.259224,2082.925764,6404.124672,18797539.2066546,24,306,12,66,9715.81,5744.64
2021,21,normal,0,42504,11,0,24162824.1696719,13833901334.5356,13533728.2528075,10629095.9168642,0,0,72519,456109,0,0,21674582.1399999,0
2021,21,normal,1,2,0,2,4950.971724,12258397.7811391,3879.760404,1071.21132,3384.711168,5744815.14330745,7,25,4,10,4441.13,3036.16
2021,21,normal_alto_risco,0,4865,3,0,3904217.88972003,3142520018.67755,2240672.97396,1663544.91576,0,0,13068,87182,0,0,3502168.90000002,0
2021,21,normal_alto_risco,1,12,1,12,45590.492916,215377945.710942,36637.500672,8952.992244,34155.331584,135570131.247994,110,1930,64,476,40895.67,30638.08
2021,21,normal_cpn,0,1192,1,0,660581.194691999,367085936.480589,367610.416931999,292970.77776,0,0,1496,27650,0,0,592555.789999999,0
2021,22,cesarea,0,15753,9,0,12134917.7803801,9453663742.02802,7718595.55242,4416322.22795995,0,0,40592,212388,0,0,10885286.85,0
2021,22,cesarea,1,12,0,12,30777.73284,94404554.2932415,24394.767072,6382.965768,19212.374016,47278659.2167373,79,767,36,166,27608.3,17233.92
2021,22,cesarea_alto_risco,0,4381,0,0,5778600.21387603,7840308816.95242,3885787.46986801,1892812.744008,0,0,18784,210642,0,0,5183530.87000003,0
2021,22,cesarea_alto_risco,1,169,8,169,915944.4843,14298278300.1668,754011.4233,161933.061,617772.573696,10782818569,1791,37523,743,9701,821622.25,554155.52
2021,22,cesarea_laqueadura,0,1,0,0,795.053064,632109.374575788,478.594788,316.458276,0,0,1,1,0,0,713.18,0
2021,22,normal,0,16610,11,0,10050817.5188401,6169719188.9007,5742828.38884812,4307989.12999201,0,0,29788,434010,0,0,9015803.30000007,0
2021,22,normal,1,4,0,4,9236.89836,21849929.819415,7197.48324,2039.41512,5870.447616,9398769.6033273,22,130,11,33,8285.7,5265.92
2021,22,normal_alto_risco,0,1454,0,0,1336089.617124,1236356224.11462,761623.679028001,574465.938095999,0,0,5011,28535,0,0,1198501.63,0
2021,22,normal_alto_risco,1,13,0,13,38427.9921,195768946.596772,30105.207444,8322.784656,24591.952896,122745449.988033,62,404,25,75,34470.75,22059.52
2021,22,normal_cpn,0,85,0,0,49083.005244,28381935.2760356,25894.12848,23188.876764,0,0,109,175,0,0,44028.53,0
2021,23,cesarea,0,41039,9,0,31507705.7194197,24405889798.6585,19859975.6388844,11647730.0805363,0,0,98022,632718,0,0,28263101.6499997,0
2021,23,cesarea,1,61,5,61,412315.491096,7736569042.33325,345358.830564,66956.660532,349106.933088,6768921578.70225,676,13682,375,6187,369856.02,313156.56
2021,23,cesarea_alto_risco,0,10271,8,0,12959505.0512639,16439890939.8919,8224628.65641599,4734876.39484805,0,0,39727,235439,0,0,11624959.6799999,0
2021,23,cesarea_alto_risco,1,145,8,145,502201.2354,2335126153.1889,399266.801688,102934.433712,261196.502904,780815013.064059,1076,13072,474,2466,450485.5,234298.98
2021,23,cesarea_laqueadura,0,3127,2,0,2519162.432832,2086763408.84229,1607019.95163599,912142.481196002,0,0,6767,22889,0,0,2259743.84,0
2021,23,cesarea_laqueadura,1,8,1,8,43021.592388,508392119.901664,35421.0978,7600.494588,32130.119016,377470170.982126,72,914,39,501,38591.31,28821.42
2021,23,normal,0,29865,7,0,17416133.2411078,10288935826.5541,9860693.38429169,7555439.85681599,0,0,48301,347827,0,0,15622652.7099998,0
2021,23,normal,1,3,1,3,17194.329612,165766260.680453,14315.59272,2878.736892,13341.9264,108513067.238415,68,3416,25,381,15423.69,11968
2021,23,normal_alto_risco,0,3715,1,0,3080504.93418001,2568813310.64016,1727371.106412,1353133.827768,0,0,10132,46082,0,0,2763280.35000001,0
2021,23,normal_alto_risco,1,7,2,7,16958.326452,52819215.5371876,13146.992472,3811.33398,9606.187008,23924140.8084695,26,146,18,84,15211.99,8616.96
2021,23,normal_cpn,0,8780,3,0,4989590.469528,2849851881.50381,2809995.78225603,2179594.68727199,0,0,15487,37519,0,0,4475771.86,0
2021,23,normal_cpn,1,1,1,1,10844.27274,117598251.259507,9303.964728,1540.308012,8918.4,79537858.56,6,36,5,25,9727.55,8000
2021,24,cesarea,0,15400,8,0,12452572.704996,10153714500.1768,7631784.82784401,4820787.87715193,0,0,38623,262241,0,0,11170230.27,0
2021,24,cesarea,1,11,0,11,47768.912448,416865299.361564,38935.404468,8833.50798,37794.038784,343172964.355226,47,223,31,137,42849.76,33902.08
2021,24,cesarea_alto_risco,0,5209,1,0,6505115.217804,8135055478.55543,4098801.079344,2406314.13846001,0,0,15949,68681,0,0,5835230.73,0
2021,24,cesarea_alto_risco,1,447,6,447,1136690.067876,3404397124.26369,851343.44076,285346.627116,567298.710528,1218707125.23144,2497,17919,1063,4279,1019635.87,508879.36
2021,24,cesarea_laqueadura,0,541,0,0,471784.998756,417242611.834596,297119.929584,174665.069172,0,0,1196,3004,0,0,423201.47,0
2021,24,normal,0,12179,4,0,7582270.76288408,4756078145.13616,4175623.66413601,3406647.09874801,0,0,29550,160704,0,0,6801462.83000007,0
2021,24,normal,1,1,0,1,2451.846528,6011551.39686566,1913.242056,538.604472,1783.68,3181514.3424,2,4,1,1,2199.36,1600
2021,24,normal_alto_risco,0,2104,0,0,1705910.403756,1387298110.08223,976823.188344003,729087.215412003,0,0,5808,22770,0,0,1530238.97,0
2021,24,normal_alto_risco,1,42,0,42,77526.625584,163080696.031833,57028.842576,20497.783008,43227.841536,64082520.0226861,208,1216,81,225,69543.08,38776.32
2021,25,cesarea,0,15402,3,0,12502645.451976,10359290020.1523,8004765.23637608,4497880.2155999,0,0,34980,140388,0,0,11215146.62,0
2021,25,cesarea,1,56,0,56,215283.587532,1465705198.87531,173952.143424,41331.444108,168728.10144,1151114153.4781,377,5021,319,4049,193114.09,151352.8
2021,25,cesarea_alto_risco,0,5307,4,0,6605186.71134,8295236411.68843,4296731.266452,2308455.44488801,0,0,21381,249263,0,0,5924997.05,0
2021,25,cesarea_alto_risco,1,207,7,207,717505.747728,3508840243.33292,565975.130784,151530.616944,441074.209656,1882931538.87171,1689,25019,797,6133,643618.36,395653.22
2021,25,cesarea_laqueadura,0,1078,0,0,900164.590632001,779031247.186206,580920.306804,319244.283828,0,0,2636,9994,0,0,807467.340000001,0
2021,25,cesarea_laqueadura,1,7,0,7,14938.76592,33096224.9694408,11213.951568,3724.814352,7471.478784,9113958.40322647,42,304,14,32,13400.4,6702.08
2021,25,normal,0,15679,4,0,9801553.3780682,6206630896.88188,5548000.32225608,4253553.05581201,0,0,31680,296502,0,0,8792207.91000017,0
2021,25,normal,1,21,1,21,83457.361584,762541461.594194,68623.041276,14834.320308,60805.662348,434050536.953284,221,9259,113,1495,74863.08,54544.01
2021,25,normal_alto_risco,0,3105,1,0,2518698.38618401,2061399526.15424,1474674.474144,1044023.91204,0,0,10114,61880,0,0,2259327.58000001,0
2021,25,normal_alto_risco,1,18,2,18,51720.878448,168705085.415648,40780.532244,10940.346204,36135.929856,91576904.3038828,99,815,56,230,46394.76,32414.72
2021,25,normal_cpn,0,167,0,0,98937.49668,58756872.7676378,54058.99308,44878.5036,0,0,245,431,0,0,88749.1,0
2021,26,cesarea,0,20182,2,0,15543164.9069761,12046741526.9526,9735102.92592026,5808061.9810559,0,0,46344,297752,0,0,13942559.1200001,0
2021,26,cesarea,1,12,1,12,28248.574932,85835270.3805034,22632.023016,5616.551916,18145.019904,46709036.8165357,78,604,34,164,25339.59,16276.48
2021,26,cesarea_alto_risco,0,13572,3,0,17833259.9191558,23644899886.798,11417522.1971881,6415737.7219681,0,0,42926,177772,0,0,15996824.4699998,0
2021,26,cesarea_alto_risco,1,910,5,910,2310348.53136,7935661246.45124,1743847.616304,566500.915056,1103565.970884,3135088990.56415,4370,31678,1539,4867,2072433.2,989922.830000001
2021,26,cesarea_laqueadura,0,1883,0,0,1759295.266128,1683985009.64237,1086222.915804,673072.350324002,0,0,5314,20582,0,0,1578126.36,0
2021,26,cesarea_laqueadura,1,6,0,6,9436.55904,15308867.5959998,6787.281432,2649.277608,4269.416448,3417734.40120993,17,49,8,12,8464.8,3829.76
2021,26,normal,0,42034,4,0,25687027.0339553,15930200335.2978,14295044.3027755,11391982.7311797,0,0,80636,660630,0,0,23041825.4699993,0
2021,26,normal,1,64,0,64,89291.232612,133674502.256699,63773.549796,25517.682816,42160.487424,35601400.0126034,279,1625,79,125,80096.19,37818.88
2021,26,normal_alto_risco,0,10378,0,0,9356479.36634407,8562440856.05255,5321677.38313204,4034801.98321196,0,0,23796,86468,0,0,8392966.78000006,0
2021,26,normal_alto_risco,1,41,1,41,93812.248272,295018621.143306,70984.733928,22827.514344,56475.701112,155058143.352224,154,736,74,176,84151.64,50659.94
2021,26,normal_cpn,0,329,0,0,193167.19296,113619576.054008,104870.79672,88296.39624,0,0,721,1919,0,0,173275.2,0
2021,27,cesarea,0,16538,6,0,13961864.383512,11880199710.9213,8788730.61105603,5173133.7724559,0,0,35102,111096,0,0,12524097.94,0
2021,27,cesarea,1,50,2,50,142389.546792,633768678.985212,113977.4307,28412.116092,89875.7334,324770257.539921,327,3665,147,855,127726.54,80620.5
2021,27,cesarea_alto_risco,0,2065,1,0,2687188.433232,3537057119.39631,1675223.750076,1011964.683156,0,0,10133,93207,0,0,2410466.84,0
2021,27,cesarea_alto_risco,1,93,3,93,262785.104052,856912082.913934,198800.790168,63984.313884,131818.232832,285096011.300928,811,11941,247,1001,235723.99,118243.84
2021,27,cesarea_laqueadura,0,18,0,0,20392.724256,23851622.4286509,12478.5138,7914.210456,0,0,74,466,0,0,18292.72,0
2021,27,cesarea_laqueadura,1,1,0,1,3511.497372,12330613.7935629,2738.84064,772.656732,2134.708224,4556979.20161324,10,100,4,16,3149.89,1914.88
2021,27,normal,0,21004,3,0,12786688.309344,7880339011.40171,7242473.56918791,5544214.74015599,0,0,32089,88885,0,0,11469939.28,0
2021,27,normal,1,9,2,9,30612.374556,139402656.91522,25026.970152,5585.404404,23710.391352,98490166.2407904,49,369,30,118,27459.97,21268.74
2021,27,normal_alto_risco,0,791,1,0,682692.728735999,594693610.344878,370661.702568,312031.026168,0,0,2778,20884,0,0,612390.319999999,0
2021,27,normal_alto_risco,1,4,0,4,12177.941424,69894339.1035576,9349.114128,2828.827296,8538.832896,48987526.4173423,22,214,16,172,10923.88,7659.52
2021,28,cesarea,0,6353,2,0,5154668.71576797,4197890498.26437,3119428.84505999,2035239.87070798,0,0,15613,83959,0,0,4623850.65999997,0
2021,28,cesarea,1,25,2,25,86387.178612,637866745.911313,69526.999152,16860.17946,61372.86144,442881416.156786,186,2586,115,1555,77491.19,55052.8
2021,28,cesarea_alto_risco,0,2198,1,0,2700254.691888,3322517681.02144,1746925.65714,953329.034747997,0,0,8144,37254,0,0,2422187.56,0
2021,28,cesarea_laqueadura,0,13,0,0,9995.419428,7703140.73771339,6301.607664,3693.811764,0,0,27,59,0,0,8966.11,0
2021,28,normal,0,14583,1,0,9462804.58688399,6188574654.41986,5164520.0807401,4298284.50614408,0,0,23470,80006,0,0,8488342.82999999,0
2021,28,normal,1,17,1,17,41315.402136,135040832.292652,32171.645316,9143.75682,28818.561024,83164870.4294415,99,773,54,292,37060.82,25850.88
2021,28,normal_alto_risco,0,1688,0,0,1351059.363336,1084722942.09638,778018.518672002,573040.844664001,0,0,4873,18969,0,0,1211929.82,0
2021,28,normal_cpn,0,14,0,0,8026.626888,4601909.94279747,4192.09392,3834.532968,0,0,18,26,0,0,7200.06,0
2021,29,cesarea,0,43095,24,0,32661141.8892721,25045593362.2524,20511247.272552,12149894.6167205,0,0,112812,665026,0,0,29297759.1400001,0
2021,29,cesarea,1,47,4,47,198671.79666,1577794845.77882,164920.858776,33750.937884,141994.294452,1042646791.14708,337,7751,177,1301,178212.95,127371.99
2021,29,cesarea_alto_risco,0,8261,4,0,10433005.539936,13303978204.5312,6832347.53414401,3600658.00579204,0,0,30816,209246,0,0,9358634.32,0
2021,29,cesarea_alto_risco,1,308,9,308,863912.0304,3179291739.88611,667504.905348,196407.125052,431610.115056,1211492271.64319,1715,26799,802,4174,774948,387163.72
2021,29,cesarea_laqueadura,0,2108,0,0,1702852.2621,1421533917.5835,1068117.203748,634735.058352,0,0,5026,21142,0,0,1527495.75,0
2021,29,cesarea_laqueadura,1,7,0,7,20160.556008,70008908.434599,15961.940508,4198.6155,13273.578012,37403327.0849944,64,950,20,90,18084.46,11906.69
2021,29,normal,0,81192,15,0,46126679.5651665,26504949136.6682,25934746.0730788,20191933.4920926,0,0,148214,872544,0,0,41376641.1599986,0
2021,29,normal,1,6,0,6,43140.775656,779827549.61149,37893.813384,5246.962272,27217.529856,335792404.918875,75,1783,51,1179,38698.22,24414.72
2021,29,normal_alto_risco,0,5543,1,0,4510440.76753204,3696827266.96308,2587439.19493199,1923001.5726,0,0,15171,169773,0,0,4045964.09000004,0
2021,29,normal_alto_risco,1,22,0,22,45469.280712,103317098.839785,34072.278984,11397.001728,24048.811188,35638101.3139481,140,3356,45,125,40786.94,21572.31
2021,29,normal_cpn,0,539,1,0,311661.2916,180739302.207848,173535.56496,138125.72664,0,0,802,1482,0,0,279567,0
2021,31,cesarea,0,55107,26,0,44862390.124727,37172213975.508,27912467.6259712,16949922.4987562,0,0,121237,427173,0,0,40242545.8599991,0
2021,31,cesarea,1,232,15,232,719649.864864,4793768274.85262,583467.022812,135958.365924,450933.857592,2788799800.12215,1313,13013,680,4892,645541.68,404497.54
2021,31,cesarea_alto_risco,0,17509,7,0,22960637.7846718,30450076353.1436,14873210.5519201,8087427.232752,0,0,54397,240305,0,0,20596194.6399998,0
2021,31,cesarea_alto_risco,1,287,13,287,1369173.046212,19064549203.3464,1112131.89342,257041.152792,877310.989968,13234186242.4337,1960,26466,963,12741,1228178.19,786967.16
2021,31,cesarea_laqueadura,0,5222,1,0,4769303.15793599,4489875745.38421,3027019.13781598,1742284.02011999,0,0,12267,39827,0,0,4278169.31999999,0
2021,31,cesarea_laqueadura,1,22,0,22,49415.90682,123101589.60988,38564.142624,10851.764196,23235.66492,31700168.7205573,149,1673,40,98,44327.15,20842.9
2021,31,normal,0,66829,13,0,42730317.956809,27840163243.0183,23504484.3026779,19225833.6541321,0,0,119099,430615,0,0,38330030.4600009,0
2021,31,normal,1,54,3,54,141259.886508,756037604.187034,112361.773356,28898.113152,100489.877976,536250857.058469,257,1923,132,578,126713.21,90141.62
2021,31,normal_alto_risco,0,16208,1,0,14438184.533592,13045792869.9592,8183033.43947996,6255151.09411192,0,0,38709,133021,0,0,12951367.54,0
2021,31,normal_alto_risco,1,60,4,60,254606.541072,2320399217.36952,205933.503528,48673.037544,181796.210664,1576143554.78715,408,4780,210,1554,228387.64,163075.18
2021,31,normal_cpn,0,2296,0,0,1458544.745088,931809926.080864,787859.215007999,670685.530080002,0,0,3272,5400,0,0,1308346.56,0
2021,32,cesarea,0,14187,2,0,11166054.0968159,8827413857.23862,6817209.69838796,4348844.39842792,0,0,34050,109928,0,0,10016194.9199999,0
2021,32,cesarea,1,51,0,51,107241.340884,263600058.999652,82532.60154,24708.739344,63177.845268,114065888.940663,225,1189,109,315,96197.83,56671.91
2021,32,cesarea_alto_risco,0,3836,4,0,4911990.59043599,6338069573.87413,3177463.33756801,1734527.25286799,0,0,11413,48819,0,0,4406163.06999999,0
2021,32,cesarea_alto_risco,1,99,7,99,441678.955212,4193770803.12465,356318.496252,85360.45896,294407.665776,2954469744.65536,561,4197,303,1515,396195.69,264090.12
2021,32,cesarea_laqueadura,0,332,0,0,269007.951096,219710954.318651,165007.28922,104000.661876,0,0,668,1516,0,0,241306.02,0
2021,32,cesarea_laqueadura,1,4,0,4,9948.274536,31846629.8488881,7795.673772,2152.600764,6404.124672,17088672.0060496,23,225,12,60,8923.82,5744.64
2021,32,normal,0,15535,9,0,9349223.79087594,5654501531.85714,5128584.079116,4220639.71175999,0,0,34559,155807,0,0,8386458.36999995,0
2021,32,normal,1,9,0,9,17621.498676,41098474.3120727,13909.883556,3711.61512,10673.54112,15949427.2056463,40,218,20,56,15806.87,9574.4
2021,32,normal_alto_risco,0,2149,0,0,1802871.17052,1521705182.84961,1047888.734124,754982.436396003,0,0,3902,13028,0,0,1617214.9,0
2021,32,normal_alto_risco,1,5,1,5,29211.360804,340152352.436548,24375.035112,4836.325692,23524.598784,274791333.74045,31,219,23,141,26203.23,21102.08
2021,33,cesarea,0,40625,23,0,33326622.7860362,27988549780.7801,20786491.7827319,12540131.0033044,0,0,123357,713739,0,0,29894710.0700002,0
2021,33,cesarea,1,546,7,546,1467331.687872,11408014638.5077,1160490.289812,306841.39806,963894.562896001,8354061334.9427,3480,54648,1785,28815,1316228.64,864634.520000001
2021,33,cesarea_alto_risco,0,8399,6,0,10821444.7128479,14013124970.621,6876495.06338398,3944949.64946406,0,0,30283,167745,0,0,9707072.75999992,0
2021,33,cesarea_alto_risco,1,500,3,500,1189051.47696,4919758503.15134,888106.389876,300945.087084,513245.090784,2296576103.46436,3368,61610,1397,34639,1066605.2,460392.08
2021,33,cesarea_laqueadura,0,4821,2,0,4306329.78363599,3985178471.373,2626480.18210799,1679849.60152799,0,0,14278,72012,0,0,3862872.06999999,0
2021,33,cesarea_laqueadura,1,93,1,93,208935.92748,673892605.112335,158526.421716,50409.505764,108025.73646,258626067.20107,585,6093,247,1101,187420.1,96901.45
2021,33,normal,0,63508,10,0,41144725.2638287,27087716156.7615,22184921.8965491,18959803.3672804,0,0,164426,861966,0,0,36907719.1100006,0
2021,33,normal,1,126,2,126,356988.736308,7239843778.37637,284182.675584,72806.060724,257241.872532,5969355324.88249,819,26987,449,19709,320226.71,230751.59
2021,33,normal_alto_risco,0,5678,2,0,5037147.65916,4512035164.57832,2747790.87868801,2289356.780472,0,0,17828,82796,0,0,4518431.7,0
2021,33,normal_alto_risco,1,88,1,88,113474.644752,176154054.657006,75697.339116,37777.305636,37135.370352,38427420.9003349,434,2756,137,297,101789.24,33311.24
2021,35,cesarea,0,106135,28,0,84279531.2550168,67376627726.2942,51435333.9327412,32844197.3222767,0,0,269571,969779,0,0,75600584.1900043,0
2021,35,cesarea,1,721,21,721,1941774.548196,14309414897.3135,1541624.42358,400150.124616,1253504.553096,10697566572.2772,4198,41480,2078,14764,1741814.27,1124421.02
2021,35,cesarea_alto_risco,0,32448,25,0,40175410.6213685,49961410642.7019,25645645.0336685,14529765.5876995,0,0,105406,508506,0,0,36038222.6600004,0
2021,35,cesarea_alto_risco,1,933,22,933,3297171.38652,26478410736.8245,2604155.85504,693015.53148,1999671.073056,17690872675.7137,5717,54829,2788,18210,2957634.9,1793748.72
2021,35,cesarea_laqueadura,0,11230,0,0,9917298.13465196,9009271272.33643,6179698.09685999,3737600.03779196,0,0,28719,123849,0,0,8896033.48999997,0
2021,35,cesarea_laqueadura,1,92,4,92,246624.952104,1097165290.5987,194451.030084,52173.92202,145644.27228,573760443.064877,728,13482,261,1877,221227.98,130646.1
2021,35,normal,0,155528,17,0,97055759.507427,61174633834.359,52805752.9797639,44250006.5276752,0,0,390075,1299399,0,0,87061140.5699919,0
2021,35,normal,1,183,8,183,463851.914736,4891558094.69268,366818.619084,97033.295652,303574.92258,3518838438.40855,1051,9579,467,2851,416085.32,272313.35
2021,35,normal_alto_risco,0,21315,10,0,17677216.3465557,14768046514.7327,9858721.64868001,7818494.69787595,0,0,65209,397545,0,0,15856849.9699998,0
2021,35,normal_alto_risco,1,164,2,164,389127.885204,1489172046.88072,295693.06362,93434.821584,232713.842268,791987159.58369,897,6889,377,1381,349056.23,208749.41
2021,35,normal_cpn,0,1639,0,0,971235.019236001,576726330.26315,530377.939175999,440857.08006,0,0,4135,11727,0,0,871219.07,0
2021,35,normal_cpn,1,4,0,4,8130.303288,20251784.399649,6305.721276,1824.582012,5336.77056,10253203.2036298,16,70,10,36,7293.06,4787.2
2021,41,cesarea,0,36928,6,0,30117456.9778803,24874080092.6966,18761068.4172005,11356388.5606803,0,0,89823,309787,0,0,27016018.1000003,0
2021,41,cesarea,1,166,14,166,741837.450564,10379087490.6614,612113.447568,129724.002996,554322.92904,8533433165.85283,1062,12412,585,4661,665444.43,497239.8
2021,41,cesarea_alto_risco,0,11245,2,0,14264642.8706759,18205384545.4068,9086830.39410004,5177812.47657606,0,0,31971,124641,0,0,12795696.8699999,0
2021,41,cesarea_alto_risco,1,126,8,126,702820.353552,13261727295.9799,576537.905376,126282.448176,489341.303928,10332729992.8715,775,9251,504,5264,630445.24,438949.86
2021,41,cesarea_laqueadura,0,2366,0,0,2238186.323376,2182778707.96677,1403759.627028,834426.696348001,0,0,5662,17558,0,0,2007702.12,0
2021,41,cesarea_laqueadura,1,4,0,4,11162.091072,32157338.595372,8935.099704,2226.991368,5937.134952,9545574.80870592,12,44,11,33,10012.64,5325.74
2021,41,normal,0,36007,2,0,22900832.7891,14710394030.1283,12757411.3537076,10143421.4353917,0,0,80688,264908,0,0,20542548.25,0
2021,41,normal,1,27,0,27,55014.789156,132568698.413699,42877.794336,12136.99482,31885.587636,53393578.0027812,177,2535,55,167,49349.47,28602.07
2021,41,normal_alto_risco,0,6731,1,0,5726313.34032002,4911282907.8261,3227896.020024,2498417.32029601,0,0,16350,56558,0,0,5136628.40000002,0
2021,41,normal_alto_risco,1,3,1,3,14784.689412,110802877.276835,12191.50854,2593.180872,10139.864064,60664785.6214762,24,290,19,213,13262.19,9095.68
2021,42,cesarea,0,19204,10,0,15919437.3087601,13365532012.9803,9876980.32244414,6042456.98631589,0,0,44901,140465,0,0,14280083.7000001,0
2021,42,cesarea,1,41,4,41,187517.252784,2233520017.9815,155349.598452,32167.654332,141007.752192,1800911275.42063,215,2003,119,709,168207.08,126487.04
2021,42,cesarea_alto_risco,0,9756,2,0,12782281.8616799,16898119557.1926,8162102.44519198,4620179.41648804,0,0,31382,165026,0,0,11465986.5999999,0
2021,42,cesarea_alto_risco,1,71,3,71,401356.327068,4848414400.25871,330045.915468,71310.4116,284135.943168,3559769117.1167,402,3290,249,1667,360025.41,254876.16
2021,42,cesarea_laqueadura,0,1185,1,0,1158556.390512,1178127444.3216,735103.947084,423452.443428,0,0,2811,8111,0,0,1039250.44,0
2021,42,cesarea_laqueadura,1,5,0,5,20466.758124,113386045.333621,16787.55024,3679.207884,13005.167616,61442243.8821306,47,695,15,53,18359.13,11665.92
2021,42,normal,0,27874,4,0,18332411.6526002,12259430822.3515,10076694.5239918,8255717.12860797,0,0,53700,153720,0,0,16444574.5000002,0
2021,42,normal,1,6,1,6,15127.378932,59199834.1379693,11989.740888,3137.638044,10336.782336,34663255.4250083,15,55,10,20,13569.59,9272.32
2021,42,normal_alto_risco,0,7866,0,0,6962145.45952804,6228820019.20378,3885470.01942,3076675.44010801,0,0,20943,78753,0,0,6245196.86000004,0
2021,42,normal_alto_risco,1,1,0,1,2612.03214,6822711.90039298,2053.093716,558.938424,1601.031168,2563300.80090744,4,16,3,9,2343.05,1436.16
2021,43,cesarea,0,36826,9,0,30572262.0676562,25917396097.3874,19224643.0477323,11347619.0199243,0,0,92830,349634,0,0,27423988.2200001,0
2021,43,cesarea,1,93,3,93,282757.660188,1232212216.37183,229958.669808,52798.99038,169916.846124,644653263.889818,547,4501,242,954,253639.81,152419.13
2021,43,cesarea_alto_risco,0,6097,2,0,7739769.72917998,9936583887.97155,5037111.19405198,2702658.53512802,0,0,23648,155990,0,0,6942742.84999998,0
2021,43,cesarea_alto_risco,1,58,5,58,359471.473944,5527917233.00224,296897.928312,62573.545632,259700.396712,4189614946.48105,472,5578,241,1995,322453.78,232956.94
2021,43,cesarea_laqueadura,0,869,0,0,809140.880784,788754673.910815,530079.975432,279060.905352,0,0,2403,12061,0,0,725817.08,0
2021,43,cesarea_laqueadura,1,2,0,2,7411.647468,28690366.9970456,6053.9214,1357.726068,4903.124508,13146815.7166391,15,117,9,45,6648.41,4398.21
2021,43,normal,0,34882,5,0,22509647.4736076,14790540108.3363,12445336.3821236,10064311.0914837,0,0,75333,239167,0,0,20191646.4599997,0
2021,43,normal,1,14,1,14,37883.880516,168859284.630495,30346.91838,7536.962136,25546.489248,100531771.981195,84,658,38,182,33982.67,22915.76
2021,43,normal_alto_risco,0,3908,1,0,3376364.348256,2956587815.14512,1896549.24146401,1479815.10679201,0,0,13014,69562,0,0,3028672.72,0
2021,43,normal_alto_risco,1,9,0,9,39062.614296,372973253.487747,31790.818488,7271.795808,29795.170416,292161808.029162,73,701,34,194,35040.02,26726.92
2021,50,cesarea,0,13088,5,0,9963837.19973992,7655803366.5798,6232181.82179994,3731655.37793995,0,0,31391,333395,0,0,8937780.04999993,0
2021,50,cesarea,1,59,3,59,306480.069084,5101036107.90778,254066.398176,52413.670908,244228.254732,4221767672.81284,370,5198,216,2272,274919.33,219078.09
2021,50,cesarea_alto_risco,0,1760,1,0,2220186.01566,2827039742.88376,1456258.5021,763927.513559999,0,0,7425,64001,0,0,1991555.45,0
2021,50,cesarea_alto_risco,1,34,2,34,113596.492392,557928576.674254,90182.782764,23413.709628,63331.06338,288263716.803162,245,2287,90,522,101898.54,56809.35
2021,50,cesarea_laqueadura,0,1115,0,0,909570.069048,752253071.147412,576140.523768,333429.54528,0,0,2844,37372,0,0,815904.26,0
2021,50,cesarea_laqueadura,1,3,0,3,16248.466404,123240044.838653,13427.297784,2821.16862,13019.437056,92548727.1297008,15,83,8,30,14575.23,11678.72
2021,50,normal,0,12480,2,0,7207155.99171593,4214501904.11236,4085709.96064801,3121446.03106799,0,0,24725,95063,0,0,6464976.66999994,0
2021,50,normal,1,8,0,8,38728.965804,427357158.97462,32123.842692,6605.123112,32808.296448,367249614.235213,39,241,24,130,34740.73,29429.76
2021,50,normal_alto_risco,0,972,0,0,810660.029892,691408075.520692,480504.864024,330155.165868,0,0,3309,19475,0,0,727179.79,0
2021,50,normal_alto_risco,1,2,0,2,4223.118804,8944319.85231266,3284.03358,939.085224,1634.374836,1460757.30184879,6,20,3,5,3788.23,1466.07
2021,50,normal_cpn,0,230,0,0,116342.412012,58902025.0663296,71143.514892,45198.89712,0,0,320,2208,0,0,104361.69,0
2021,51,cesarea,0,16103,9,0,12388306.993296,9646393125.734,7714458.34010401,4673848.65319194,0,0,34478,108444,0,0,11112582.52,0
2021,51,cesarea,1,35,1,35,111087.81336,702222220.020254,89771.655672,21316.157688,75815.48562,468835936.667306,260,3440,142,1646,99648.2,68008.15
2021,51,cesarea_alto_risco,0,1567,2,0,2004080.664456,2589386846.38002,1278766.1775,725314.486955999,0,0,6070,41800,0,0,1797704.22,0
2021,51,cesarea_alto_risco,1,139,4,139,720549.497316,12125941762.8804,581518.943256,139030.55406,512446.548396,9714243617.17981,953,14133,546,6156,646348.67,459675.77
2021,51,cesarea_laqueadura,0,1873,0,0,1525721.143848,1287232029.20157,947586.722243999,578134.421604001,0,0,3802,11102,0,0,1368605.26,0
2021,51,cesarea_laqueadura,1,7,0,7,13291.804992,26779082.9893586,9886.637244,3405.167748,6070.509624,6421450.81825326,30,160,11,21,11923.04,5445.38
2021,51,normal,0,17230,1,0,10489373.8635119,6463605952.25239,5658980.20067985,4830393.66283204,0,0,28348,71366,0,0,9409197.93999987,0
2021,51,normal,1,3,0,3,3971.80944,5423396.97388649,2930.653128,1041.156312,2134.708224,1708867.20060496,8,24,4,6,3562.8,1914.88
2021,51,normal_alto_risco,0,692,0,0,589919.763912,508021413.381596,327842.524416,262077.239496,0,0,2130,21780,0,0,529170.94,0
2021,51,normal_alto_risco,1,14,2,14,64264.440828,458215972.868595,52512.419892,11752.020936,48986.98752,326286834.169764,96,852,59,393,57646.61,43942.4
2021,51,normal_cpn,0,27,0,0,15851.67564,9317818.60010826,8670.357,7181.31864,0,0,41,75,0,0,14219.3,0
2021,52,cesarea,0,18734,8,0,14688449.4080281,11681339536.1873,9234785.51300418,5453623.62844789,0,0,43220,266174,0,0,13175860.6100001,0
2021,52,cesarea,1,66,2,66,356322.308868,3873066973.91673,294525.745392,61796.563476,286889.945088,3171088423.18192,308,2038,212,1238,319628.91,257346.56
2021,52,cesarea_alto_risco,0,2578,0,0,3297011.513052,4244790843.43084,2126481.702324,1170529.810728,0,0,10710,68166,0,0,2957491.49,0
2021,52,cesarea_alto_risco,1,172,3,172,603345.712788,2626005182.98755,474649.2321,128696.480688,359053.357056,1188577758.84955,1294,13130,640,3624,541214.31,322078.72
2021,52,cesarea_laqueadura,0,1905,1,0,1551272.359848,1292961706.22415,971769.498947999,579502.860900001,0,0,4287,14155,0,0,1391525.26,0
2021,52,cesarea_laqueadura,1,19,0,19,53107.51128,187738632.978923,41288.546604,11818.964676,30953.269248,88291472.0312564,152,1752,58,310,47638.6,27765.76
2021,52,normal,0,14316,7,0,9203930.40189598,6024993739.17676,5187029.29738796,4016901.10450802,0,0,30590,195930,0,0,8256127.01999998,0
2021,52,normal,1,4,1,4,21756.782388,185955010.113247,18085.768284,3671.014104,18187.828224,146016257.409008,22,166,13,55,19516.31,16314.88
2021,52,normal_alto_risco,0,1277,2,0,1120988.767608,993839987.316461,654670.7592,466318.008408,0,0,5459,34393,0,0,1005551.46,0
2021,52,normal_alto_risco,1,21,0,21,63065.395392,220975469.194209,49807.3131,13258.082292,41093.133312,106804200.03781,137,1053,77,375,56571.04,36861.44
2021,52,normal_cpn,0,3072,0,0,1835665.331304,1100134617.25322,1005754.61172,829910.719584003,0,0,7726,21828,0,0,1646631.98,0
2021,53,cesarea,0,12537,4,0,10457516.112432,8813142162.9295,6536008.91213999,3921507.20029194,0,0,44395,241415,0,0,9380620.83999996,0
2021,53,cesarea,1,35,1,35,203394.234384,3349697661.61151,168551.51712,34842.717264,166609.98144,2808328431.67187,349,7387,174,1734,182449.08,149452.8
2021,53,cesarea_alto_risco,0,2035,0,0,2571006.842268,3282896400.58587,1693744.602504,877262.239763998,0,0,9853,87719,0,0,2306249.41,0
2021,53,cesarea_alto_risco,1,74,0,74,195059.632848,578976318.885755,149422.151112,45637.481736,94994.515968,173734832.061505,596,6902,178,610,174972.76,85212.16
2021,53,cesarea_laqueadura,0,782,0,0,716444.904048,667053654.06293,451029.429396,265415.474652,0,0,2426,11460,0,0,642666.76,0
2021,53,cesarea_laqueadura,1,2,0,2,4079.699784,8586195.16162652,3025.857048,1053.842736,1601.031168,1424056.00050414,21,281,3,5,3659.58,1436.16
2021,53,normal,0,19699,1,0,12882943.1847481,8505044235.22119,6832099.25703605,6050843.92771193,0,0,43168,189670,0,0,11556282.0100001,0
2021,53,normal,1,6,0,6,13795.672296,40903630.2798971,10851.35172,2944.320576,9606.187008,23924140.8084695,30,184,18,84,12375.02,8616.96
2021,53,normal_alto_risco,0,635,0,0,527158.742364,446865052.951301,307081.905012,220076.837352,0,0,1832,14746,0,0,472872.93,0
2021,53,normal_alto_risco,1,1,0,1,2629.735164,6915507.03277811,2132.3337,497.401464,1601.031168,2563300.80090744,19,361,3,9,2358.93,1436.16
2021,53,normal_cpn,0,431,0,0,275037.647892,175583990.496702,133752.14328,141285.504612,0,0,530,790,0,0,246714.79,0
2022,11,cesarea,0,7043,4,0,5575833.97407299,4512006955.54698,3733725.39216598,1842108.58190699,0,0,16317,165933,0,0,5296697.98999999,0
2022,11,cesarea,1,3,0,3,5562.919461,10566088.8139757,4216.210878,1346.708583,3158.1,3590494.4196,15,81,5,9,5284.43,3000
2022,11,cesarea_alto_risco,0,1318,1,0,2073788.903307,3447243579.8179,1527495.922887,546292.98042,0,0,5751,46355,0,0,1969971.41,0
2022,11,cesarea_alto_risco,1,6,0,6,24164.275839,126052892.878381,19470.370755,4693.905084,14769.128352,56205175.3809593,60,764,25,153,22954.57,14029.76
2022,11,cesarea_laqueadura,0,1161,0,0,968788.914555,830130756.272888,649328.477292,319460.437263,0,0,2685,9351,0,0,920289.65,0
2022,11,cesarea_laqueadura,1,1,0,1,1534.741857,2355432.56762781,1149.000996,385.740861,631.62,398943.8244,4,16,1,1,1457.91,600
2022,11,normal,0,5538,2,0,3372821.892858,2120619702.05217,1976380.487961,1396441.40489701,0,0,9735,39551,0,0,3203972.54,0
2022,11,normal,1,3,0,3,5679.705999,11481666.8921203,4488.891759,1190.81424,3406.705632,4280396.33699748,16,104,6,14,5395.37,3236.16
2022,11,normal_alto_risco,0,1397,0,0,1662283.472982,2142359669.5139,1147914.388533,514369.084448999,0,0,3574,16556,0,0,1579066.66,0
2022,12,cesarea,0,4097,1,0,2924187.24929099,2115643270.30897,1881608.46502199,1042578.784269,0,0,11967,52065,0,0,2777797.32999999,0
2022,12,cesarea,1,3,0,3,8462.876367,23879393.1215078,6815.095584,1647.780783,5805.514176,11244414.9991955,16,94,10,34,8039.21,5514.88
2022,12,cesarea_alto_risco,0,1938,2,0,2237439.00303,2587165235.49557,1437858.938967,799580.064062998,0,0,6818,33664,0,0,2125428.9,0
2022,12,cesarea_laqueadura,0,65,0,0,48941.612577,37086549.9392447,29945.63055,18995.982027,0,0,211,1035,0,0,46491.51,0
2022,12,normal,0,3818,0,0,2012248.419225,1073039440.47005,1163212.067028,849036.352197003,0,0,6827,52523,0,0,1911511.75,0
2022,12,normal_alto_risco,0,3,0,0,3016.922403,3273786.65913969,1954.663887,1062.258516,0,0,41,873,0,0,2865.89,0
2022,12,normal_cpn,0,2523,1,0,1411092.630849,790420105.605772,773566.773308999,637525.85754,0,0,5410,20610,0,0,1340450.87,0
2022,12,normal_cpn,1,1,0,1,1902.33417,3618875.29434959,1469.67447,432.6597,1263.24,1595775.2976,7,49,2,4,1807.1,1200
2022,13,cesarea,0,17977,8,0,15484159.331256,14082930693.5616,10337742.2358871,5146417.09536892,0,0,66321,423359,0,0,14708995.28,0
2022,13,cesarea,1,33,0,33,209791.046058,1901596738.47635,172653.11646,37137.929598,180098.947776,1562385984.08056,349,5025,291,3969,199288.54,171082.88
2022,13,cesarea_alto_risco,0,1209,0,0,2176056.571326,4067567506.57936,1661564.342031,514492.229295,0,0,7382,75208,0,0,2067119.38,0
2022,13,cesarea_alto_risco,1,18,0,18,69771.019032,289991129.842807,56056.843458,13714.175574,40793.219808,108877666.245793,240,4346,66,282,66278.16,38751.04
2022,13,cesarea_laqueadura,0,1047,1,0,849776.800323,711983018.711766,555554.234994,294222.565329,0,0,3043,22009,0,0,807235.49,0
2022,13,normal,0,31361,17,0,20601742.089357,14411607918.2651,11834917.7459699,8766824.34338714,0,0,74173,435881,0,0,19570382.91,0
2022,13,normal,1,9,0,9,74860.149804,1017580594.95448,61602.414423,13257.735381,68322.419616,912322523.057168,124,2864,111,2329,71112.52,64902.08
2022,13,normal_alto_risco,0,24,0,0,24397.817334,26571673.6127142,15098.297115,9299.520219,0,0,92,504,0,0,23176.42,0
2022,13,normal_alto_risco,1,1,0,1,3121.160757,9741644.47103681,2442.906147,678.25461,2015.794176,4063426.15999552,11,121,4,16,2964.91,1914.88
2022,13,normal_cpn,0,354,0,0,226658.479212,146292979.250818,135100.67571,91557.803502,0,0,842,2696,0,0,215311.56,0
2022,14,cesarea,0,561,0,0,415375.376592,312712368.118475,252669.906687,162705.469905,0,0,1725,6521,0,0,394580.96,0
2022,14,cesarea_alto_risco,0,2756,1,0,3237931.146582,3816143409.87387,1994647.264698,1243283.881884,0,0,9609,38403,0,0,3075834.66,0
2022,14,cesarea_laqueadura,0,371,0,0,380201.048304,401596953.610679,236190.40401,144010.644294,0,0,1250,4790,0,0,361167.52,0
2022,14,normal,0,5283,0,0,3296749.53795,2080139143.69462,1688374.81091399,1608374.727036,0,0,12296,44894,0,0,3131708.5,0
2022,14,normal_alto_risco,0,434,0,0,341108.296914,269992020.95029,185428.409958,155679.886956,0,0,1223,4177,0,0,324031.82,0
2022,14,normal_cpn,0,1141,0,0,694905.576453001,424346913.103065,343070.287593,351835.28886,0,0,2741,8479,0,0,660117.390000001,0
2022,15,cesarea,0,42526,16,0,31357136.3129643,23678204229.2818,20095685.6609844,11261450.6519795,0,0,103124,509492,0,0,29787343.3200003,0
2022,15,cesarea,1,182,3,182,581015.521449,2665145920.30309,469223.181735,111792.339714,399816.681132,1607448035.25255,1464,18474,668,4770,551928.87,379801.16
2022,15,cesarea_alto_risco,0,8067,8,0,9593560.23562197,11475849022.4115,6204526.32062995,3389033.91499205,0,0,22481,85749,0,0,9113289.85999997,0
2022,15,cesarea_alto_risco,1,421,2,421,1264370.641908,4629310834.46348,980457.851934,283912.789974,719293.235232,1937754047.10334,2353,16867,1195,5193,1201074.04,683284.16
2022,15,cesarea_laqueadura,0,2239,2,0,1563201.338325,1105134091.14172,1025650.220826,537551.117499,0,0,5612,22786,0,0,1484944.75,0
2022,15,cesarea_laqueadura,1,1,0,1,4075.222767,16607440.6006751,3368.618946,706.603821,3158.1,9973595.61,5,25,5,25,3871.21,3000
2022,15,normal,0,46237,12,0,25554333.9026906,14403082664.5288,14602335.626967,10951998.2757244,0,0,82001,544517,0,0,24275039.3299996,0
2022,15,normal,1,37,2,37,94242.262191,337413327.001763,74478.367095,19763.895096,65389.72374,202907807.761603,214,1898,107,571,89524.33,62116.2
2022,15,normal_alto_risco,0,3086,2,0,2485347.35813099,2016518159.43161,1437961.608798,1047385.74933301,0,0,7116,23750,0,0,2360926.52999999,0
2022,15,normal_alto_risco,1,35,0,35,73680.957372,170127450.386,55854.1566,17826.800772,41915.313792,59845568.5167877,174,1082,70,166,69992.36,39816.96
2022,15,normal_cpn,0,1423,0,0,780990.687411,428988406.989358,417626.249204999,363364.438206,0,0,3687,31041,0,0,741892.93,0
2022,16,cesarea,0,4382,1,0,3409348.43535,2677610315.34052,2140562.948601,1268785.48674899,0,0,14341,106651,0,0,3238670.5,0
2022,16,cesarea,1,2,0,2,4172.292234,9547753.05165398,3234.694452,937.597782,2398.808544,3844458.55459972,11,61,4,10,3963.42,2278.72
2022,16,cesarea_laqueadura,0,498,0,0,442325.17032,397331268.894371,281921.544762,160403.625558,0,0,1664,11902,0,0,420181.6,0
2022,16,normal,0,8518,2,0,4881159.29683802,2812761286.08307,2692790.219988,2188369.07685001,0,0,18371,108479,0,0,4636799.94000002,0
2022,17,cesarea,0,6377,7,0,5006070.00497997,4147208183.68529,3168124.48312799,1837945.52185199,0,0,16860,75924,0,0,4755457.39999997,0
2022,17,cesarea,1,5,1,5,16016.556798,72061445.2631718,13042.689825,2973.866973,10482.197088,35723969.2627989,42,554,17,91,15214.74,9957.44
2022,17,cesarea_alto_risco,0,1601,1,0,1871124.257277,2191649538.46569,1191576.373746,679547.883531,0,0,5291,25265,0,0,1777452.51,0
2022,17,cesarea_alto_risco,1,24,0,24,85432.215891,480121281.535883,69109.628676,16322.587215,43548.0936,118172345.794562,208,2754,74,346,81155.33,41368
2022,17,cesarea_laqueadura,0,1042,0,0,871018.991502,810383304.911164,568332.002337,302686.989165,0,0,2655,9587,0,0,827414.26,0
2022,17,normal,0,7971,3,0,4916434.16850298,3170131843.42742,2803151.382471,2113282.78603201,0,0,15076,57622,0,0,4670308.88999998,0
2022,17,normal_alto_risco,0,133,0,0,105386.902335,83687059.0963762,60338.921775,45047.98056,0,0,304,1158,0,0,100111.05,0
2022,21,cesarea,0,30728,17,0,22199157.651462,16230764558.1393,14234943.2743324,7964214.37712996,0,0,77890,334290,0,0,21087829.06,0
2022,21,cesarea,1,41,1,41,121856.930712,440808825.689104,98121.451164,23735.479548,83911.306512,242384271.663861,314,3994,136,644,115756.56,79710.56
2022,21,cesarea_alto_risco,0,7692,2,0,9400576.955682,11580517092.3545,6212180.95499097,3188396.00069104,0,0,30654,217292,0,0,8929967.66,0
2022,21,cesarea_alto_risco,1,139,7,139,641113.111749,3658586502.91116,520253.751138,120859.360611,428337.640137,1908810233.99585,1483,23413,697,5159,609017.87,406894.31
2022,21,cesarea_laqueadura,0,1795,0,0,1370743.09251,1078891232.47012,881730.498230999,489012.594279,0,0,4815,68413,0,0,1302121.3,0
2022,21,cesarea_laqueadura,1,4,0,4,14635.109115,60756095.3301324,11698.12875,2936.980365,10737.54,33910225.074,37,547,17,85,13902.45,10200
2022,21,normal,0,35426,15,0,19015480.4101019,10290557640.5817,10703615.0055445,8311865.40455701,0,0,61484,319766,0,0,18063532.2599999,0
2022,21,normal,1,5,0,5,14343.121716,53704720.0950693,11583.9108,2759.210916,10842.81,36447951.0681,22,130,12,36,13625.08,10300
2022,21,normal_alto_risco,0,4611,1,0,3522359.38058402,2706343215.64309,2028803.905788,1493555.474796,0,0,14057,98557,0,0,3346023.92000002,0
2022,21,normal_alto_risco,1,14,0,14,81648.854199,794902092.53968,67599.741066,14049.113133,68750.068464,650063363.120804,172,3956,119,2255,77561.37,65308.32
2022,21,normal_cpn,0,1552,0,0,800507.692776001,414885418.665268,452797.514135999,347710.17864,0,0,1955,4757,0,0,760432.88,0
2022,22,cesarea,0,15496,5,0,11244888.986067,8237957649.86102,7162886.45209499,4082002.53397197,0,0,39824,157154,0,0,10681950.21,0
2022,22,cesarea,1,13,1,13,53386.175139,355718903.444503,43643.247153,9742.927986,43823.648352,286110473.749302,109,1261,71,741,50713.57,41629.76
2022,22,cesarea_alto_risco,0,4041,1,0,5064702.42636603,6403686526.24231,3397535.24649001,1667167.179876,0,0,16732,96310,0,0,4811154.58000002,0
2022,22,cesarea_alto_risco,1,151,2,151,609627.181086,4872105333.44903,492839.369319,116787.811767,365656.102944,2982329007.03367,1359,17569,531,3521,579108.18,347350.72
2022,22,cesarea_laqueadura,0,51,0,0,33329.839983,21857721.9263292,22266.226158,11063.613825,0,0,115,349,0,0,31661.29,0
2022,22,normal,0,14647,0,0,8371841.45011504,4844371150.7733,4805124.59700907,3566716.853106,0,0,26424,219846,0,0,7952732.45000003,0
2022,22,normal,1,1,0,1,1507.834845,2273565.91979617,1076.869992,430.964853,631.62,398943.8244,1,1,1,1,1432.35,600
2022,22,normal_alto_risco,0,1278,0,0,1121037.673239,992877014.614645,648847.667094001,472190.006144999,0,0,4265,22969,0,0,1064916.57,0
2022,22,normal_alto_risco,1,12,0,12,38810.301453,250284906.662788,30509.993547,8300.307906,25258.06272,179416735.248597,120,2088,41,453,36867.39,23993.6
2022,22,normal_cpn,0,73,0,0,41003.780862,23182152.111728,22865.507214,18138.273648,0,0,131,299,0,0,38951.06,0
2022,23,cesarea,0,40084,7,0,29165475.7379697,21438112315.8394,18355718.6020563,10809757.1359143,0,0,96512,423612,0,0,27705401.0999998,0
2022,23,cesarea,1,88,3,88,242399.681271,828676619.859234,194564.477448,47835.203823,160095.289728,422291176.855928,705,9343,256,1066,230264.73,152080.64
2022,23,cesarea_alto_risco,0,9702,4,0,11573475.2796299,13876551733.3263,7336106.62646399,4237368.65316604,0,0,38299,222937,0,0,10994086.8999999,0
2022,23,cesarea_alto_risco,1,196,3,196,627668.606334,2564940188.83985,489170.688765,138497.917569,354067.918182,1049918790.44489,1402,14206,596,3108,596246.42,336342.66
2022,23,cesarea_laqueadura,0,3476,1,0,2674244.309319,2103098602.90596,1680126.18005099,994118.129268001,0,0,7879,39031,0,0,2540366.97,0
2022,23,cesarea_laqueadura,1,7,0,7,17189.759367,44951120.6295492,13438.778727,3750.98064,10482.197088,18170440.9891989,36,210,17,47,16329.21,9957.44
2022,23,normal,0,25775,3,0,14280211.3113,8011529026.38159,8058462.00809083,6221749.30320898,0,0,42176,161934,0,0,13565319,0
2022,23,normal,1,10,0,10,23469.220137,61172902.5659677,18813.275415,4655.944722,16274.236704,32756379.8439793,72,672,29,109,22294.31,15459.52
2022,23,normal_alto_risco,0,3400,0,0,2662013.46173401,2098231493.012,1480549.061013,1181464.400721,0,0,8737,44853,0,0,2528748.42,0
2022,23,normal_alto_risco,1,11,1,11,30615.421452,132421468.058368,24196.235811,6419.185641,19062.796896,74642485.2633885,77,821,32,202,29082.76,18108.48
2022,23,normal_cpn,0,7495,1,0,4015710.39368401,2161518631.52618,2260786.41525002,1754923.978434,0,0,13222,34084,0,0,3814676.92000001,0
2022,23,normal_cpn,1,1,0,1,1164.780969,1356714.70574458,874.446309,290.33466,631.62,398943.8244,6,36,1,1,1106.47,600
2022,24,cesarea,0,13054,4,0,9969878.06311199,7684424509.93292,6114304.47764398,3855573.58546797,0,0,32573,140653,0,0,9470768.55999999,0
2022,24,cesarea,1,18,1,18,51388.266336,172163710.452173,40969.336518,10418.929818,35809.653792,94686990.8043742,78,466,47,173,48815.68,34016.96
2022,24,cesarea_alto_risco,0,4586,3,0,5428655.418615,6435836890.43447,3425130.640074,2003524.778541,0,0,14829,61573,0,0,5156887.45,0
2022,24,cesarea_alto_risco,1,376,2,376,977207.188023,2980268252.56835,738735.519951,238471.668072,522322.117152,1143665273.57203,2224,17282,869,3151,928286.49,496173.76
2022,24,cesarea_laqueadura,0,660,0,0,525280.24626,424116475.504888,329337.058149,195943.188111,0,0,1470,4574,0,0,498983.8,0
2022,24,normal,0,10743,2,0,6306140.59881307,3729969720.78788,3474034.89232801,2832105.706485,0,0,26130,139466,0,0,5990444.19000007,0
2022,24,normal,1,1,0,1,3756.149397,14108658.2925835,3118.276359,637.873038,2526.48,6383101.1904,4,16,4,16,3568.11,2400
2022,24,normal_alto_risco,0,1664,0,0,1281683.209257,990461448.449914,733654.937103002,548028.272154001,0,0,4668,19564,0,0,1217519.91,0
2022,24,normal_alto_risco,1,31,0,31,51525.685794,89556434.3274165,37436.22267,14089.463124,27152.92272,27419138.1521975,135,725,44,72,48946.22,25793.6
2022,25,cesarea,0,14856,2,0,11551528.621611,9202422940.26302,7477245.28409107,4074283.33751991,0,0,33608,229736,0,0,10973238.93,0
2022,25,cesarea,1,33,0,33,123655.173906,880151767.95859,100090.642311,23564.531595,96582.0669,699605631.817093,241,3473,184,2698,117464.78,91747
2022,25,cesarea_alto_risco,0,5943,1,0,6979982.743074,8275498742.16659,4539481.899777,2440500.84329701,0,0,23432,206282,0,0,6630552.62,0
2022,25,cesarea_alto_risco,1,417,1,417,1871609.183532,14795991837.7362,1499187.65139,372421.532142,1360945.308327,10660315824.4364,3723,69489,2245,30611,1777913.16,1292814.01
2022,25,cesarea_laqueadura,0,1343,0,0,1061493.887355,873733965.860947,688349.718771,373144.168584,0,0,3356,15176,0,0,1008353.65,0
2022,25,cesarea_laqueadura,1,15,0,15,49236.873873,234477354.624857,39109.341942,10127.531931,31347.574302,131294931.885547,200,4892,51,361,46771.99,29778.26
2022,25,normal,0,13925,2,0,8229529.62150014,4924791312.85858,4664944.14903005,3564585.47247,0,0,28888,111514,0,0,7817545.00000013,0
2022,25,normal,1,13,0,13,37303.624578,130389628.270709,29612.987877,7690.636701,27927.878352,77264200.1596905,117,4629,45,197,35436.14,26529.76
2022,25,normal_alto_risco,0,2674,0,0,2068785.28335601,1616837530.53891,1217589.180258,851196.103098002,0,0,8934,55330,0,0,1965218.28,0
2022,25,normal_alto_risco,1,42,0,42,135359.545167,935329339.961253,107003.775846,28355.769321,101542.936704,744143211.808387,282,3272,164,1882,128583.21,96459.52
2022,25,normal_cpn,0,292,0,0,164078.285448,92404040.9222888,89960.626008,74117.65944,0,0,399,649,0,0,155864.24,0
2022,26,cesarea,0,18096,9,0,13118549.0713201,9573766711.3573,8210363.56526114,4908185.50605892,0,0,41800,204400,0,0,12461811.6000001,0
2022,26,cesarea,1,8,0,8,28325.135751,115232407.162348,22927.584933,5397.550818,22258.962528,76317098.4991152,46,380,26,116,26907.13,21144.64
2022,26,cesarea_alto_risco,0,13882,1,0,17225198.7862018,21543297958.6755,11043642.1269241,6181556.65927812,0,0,44734,182148,0,0,16362875.2599998,0
2022,26,cesarea_alto_risco,1,910,6,910,2179540.745151,6086150189.00482,1634925.021114,544615.724037,1045915.895904,1922669190.99897,4095,23827,1586,4148,2070429.13,993555.52
2022,26,cesarea_laqueadura,0,1790,1,0,1572718.030554,1413811366.00384,968339.306384998,604378.724169001,0,0,5169,19001,0,0,1493985.02,0
2022,26,cesarea_laqueadura,1,32,0,32,62975.924748,147496316.478714,47275.272693,15700.652055,34491.589176,58941220.6481233,115,555,46,76,59823.24,32764.88
2022,26,normal,0,37819,5,0,21853042.7554552,12810543816.6359,12148818.9166405,9704223.83881473,0,0,70986,299222,0,0,20759041.2799992,0
2022,26,normal,1,103,0,103,144745.597326,220092494.543447,103788.208953,40957.388373,74714.75088,69325902.1239927,383,1775,119,171,137499.38,70974.4
2022,26,normal_alto_risco,0,11197,1,0,9514128.34656908,8193839918.3931,5390728.29035402,4123400.05621496,0,0,25926,84056,0,0,9037834.47000007,0
2022,26,normal_alto_risco,1,91,1,91,175585.422837,374452983.169511,129706.883031,45878.539806,97088.373492,133884090.415862,315,1509,146,300,166795.31,92227.96
2022,26,normal_cpn,0,82,0,0,45803.692836,25618018.5655449,25000.235436,20803.4574,0,0,219,863,0,0,43510.68,0
2022,27,cesarea,0,15847,2,0,12519775.027221,9990131755.25205,7881620.30360104,4638154.72361991,0,0,34802,102104,0,0,11893013.23,0
2022,27,cesarea,1,79,4,79,225358.521036,1090228110.00151,180138.887214,45219.633822,148202.295681,614956869.354016,512,5156,235,1493,214076.68,140783.03
2022,27,cesarea_alto_risco,0,2159,1,0,2631600.285006,3227054699.71719,1627014.675396,1004585.60961,0,0,9980,82996,0,0,2499857.78,0
2022,27,cesarea_alto_risco,1,95,3,95,278026.575816,975030918.213501,213270.830124,64755.745692,158946.246624,413784684.571265,745,8063,266,1212,264108.08,150989.12
2022,27,cesarea_laqueadura,0,16,0,0,15378.673233,15383847.251873,9354.955401,6023.717832,0,0,47,203,0,0,14608.79,0
2022,27,normal,0,17380,2,0,9946958.21552401,5757850041.06114,5628544.65267597,4318413.562848,0,0,27404,78128,0,0,9448996.12000001,0
2022,27,normal,1,6,0,6,14369.77608,47116213.0404105,11453.618121,2916.157959,9693.766896,24630608.3106818,33,303,17,85,13650.4,9208.48
2022,27,normal_alto_risco,0,843,1,0,679965.089594999,551689687.64074,365711.674977,314253.414618,0,0,2804,15348,0,0,645924.849999999,0
2022,27,normal_alto_risco,1,5,0,5,13383.385653,38250534.4779396,10240.897194,3142.488459,9333.153984,19407262.5629874,35,283,17,65,12713.39,8865.92
2022,28,cesarea,0,6339,2,0,4828028.86463697,3690100258.96452,2919965.94334499,1908062.92129199,0,0,15152,41922,0,0,4586329.30999997,0
2022,28,cesarea,1,16,0,16,38046.630765,108370149.402238,29707.741404,8338.889361,23477.399616,48607145.8027737,102,804,40,156,36141.95,22302.08
2022,28,cesarea_alto_risco,0,2861,2,0,3307432.35860399,3829728420.53557,2137843.971879,1169588.386725,0,0,11088,56478,0,0,3141856.51999999,0
2022,28,cesarea_laqueadura,0,6,0,0,4249.939386,3013834.0565184,2715.818622,1534.120764,0,0,11,21,0,0,4037.18,0
2022,28,normal,0,13615,2,0,8226585.99859796,5013161641.73775,4492858.29049207,3733727.70810606,0,0,21648,60282,0,0,7814748.73999996,0
2022,28,normal,1,9,1,9,21251.844438,59721130.4677342,16516.494555,4735.349883,14890.062528,33083333.1807776,53,373,26,112,20187.94,14144.64
2022,28,normal_alto_risco,0,2207,1,0,1673122.777491,1272419659.23882,962451.186840004,710671.590651002,0,0,6866,32218,0,0,1589363.33,0
2022,28,normal_cpn,0,594,0,0,323492.267736,176370729.539812,169987.46952,153504.798216,0,0,767,1887,0,0,307297.68,0
2022,29,cesarea,0,41526,15,0,29807807.7710492,21623221194.4365,18729869.204475,11077938.5665744,0,0,110976,469812,0,0,28315576.8700002,0
2022,29,cesarea,1,137,3,137,346054.449972,1169002257.56564,273918.319323,72136.130649,227526.3672,604639199.550255,758,7476,367,1591,328730.36,216136
2022,29,cesarea_alto_risco,0,7904,1,0,9484357.622124,11483125407.3017,6230209.98996002,3254147.63216404,0,0,30631,217627,0,0,9009554.12,0
2022,29,cesarea_alto_risco,1,370,8,370,970238.998278,3071757771.6452,744464.144919,225774.853359,491946.07968,1037030576.99843,1676,17948,820,2838,921667.14,467318.4
2022,29,cesarea_laqueadura,0,2666,2,0,2019018.80664,1584790199.36177,1272146.810484,746871.996156001,0,0,6946,38642,0,0,1917943.2,0
2022,29,cesarea_laqueadura,1,22,0,22,50092.634757,124097527.348082,39194.86329,10897.771467,31408.525632,51400094.7077975,152,4358,50,130,47584.91,29836.16
2022,29,normal,0,75105,25,0,40599054.251216,22206712348.1445,22793882.8218772,17805171.4293425,0,0,140901,578159,0,0,38566594.7099991,0
2022,29,normal,1,28,0,28,51141.787158,108025386.432629,38715.316332,12426.470826,32680.692528,52141738.9228938,102,490,54,138,48581.54,31044.64
2022,29,normal_alto_risco,0,5360,0,0,4163801.04000303,3274458639.17655,2392913.53979699,1770887.500206,0,0,15718,106970,0,0,3955353.89000003,0
2022,29,normal_alto_risco,1,26,0,26,51691.770273,119521836.859496,39282.100539,12409.669734,28127.133408,42550997.949172,90,656,51,143,49103.99,26719.04
2022,29,normal_cpn,0,381,0,0,206673.559224,112414940.488275,114837.906084,91835.65314,0,0,589,1169,0,0,196327.12,0
2022,31,cesarea,0,52207,20,0,40146590.0640084,31361127971.4573,25061428.7817293,15085161.2822794,0,0,115443,318829,0,0,38136781.6699994,0
2022,31,cesarea,1,209,1,209,570330.974367,2091428689.91886,454449.979434,115880.994933,359667.461076,1043832940.3665,1150,9752,550,2358,541779.21,341661.88
2022,31,cesarea_alto_risco,0,17961,2,0,22273630.5129358,27899437675.3497,14465099.0334841,7808531.47945198,0,0,57666,269660,0,0,21158573.6799998,0
2022,31,cesarea_alto_risco,1,296,6,296,944479.797723,4132515862.2133,739761.691911,204718.105812,512994.310884,1682891321.13154,1860,16776,768,3616,897197.49,487312.92
2022,31,cesarea_laqueadura,0,5323,0,0,4577561.22740399,4051014998.22422,2923921.12673098,1653640.10067299,0,0,12352,38334,0,0,4348400.51999999,0
2022,31,cesarea_laqueadura,1,24,0,24,63359.539155,199251129.419596,50138.058762,13221.480393,37192.638417,81403297.9170318,129,871,57,175,60187.65,35330.71
2022,31,normal,0,64170,14,0,38876941.773814,23983228397.8314,21515589.6961185,17361352.0776961,0,0,115741,325279,0,0,36930694.190001,0
2022,31,normal,1,48,1,48,113759.088597,437164444.95516,89607.855711,24151.232886,77093.273895,268948211.003073,216,1542,118,588,108064.11,73233.85
2022,31,normal_alto_risco,0,15413,4,0,12996188.865792,11102594003.9999,7412236.31141394,5583952.55437794,0,0,38546,149036,0,0,12345576.96,0
2022,31,normal_alto_risco,1,41,2,41,119163.292479,409042963.964691,94077.546222,25085.746257,70774.0737,158625813.21833,278,3406,96,302,113197.77,67231
2022,31,normal_cpn,0,1844,0,0,1095006.370788,654224637.080992,592961.676845999,502044.693942,0,0,2695,5359,0,0,1040188.44,0
2022,32,cesarea,0,13861,1,0,10363851.6170969,7828383209.31032,6349479.81567897,4014371.80141793,0,0,33324,104876,0,0,9845019.10999991,0
2022,32,cesarea,1,31,0,31,111046.807047,1279947933.39733,89677.733937,21369.07311,84030.008964,1056126312.45144,155,1125,104,676,105487.61,79823.32
2022,32,cesarea_alto_risco,0,3614,1,0,4349393.79748499,5268951331.13964,2821459.35135901,1527934.44612599,0,0,10603,47061,0,0,4131655.54999999,0
2022,32,cesarea_alto_risco,1,91,3,91,283851.038592,1246345606.58831,222796.543992,61054.4946,159031.473216,551040518.887057,465,3751,258,1420,269640.96,151070.08
2022,32,cesarea_laqueadura,0,219,0,0,162612.663873,121292330.017677,99792.043956,62820.619917,0,0,428,916,0,0,154471.99,0
2022,32,cesarea_laqueadura,1,1,0,1,2807.203509,7880391.54094191,2231.976648,575.226861,1894.86,3590494.4196,4,16,3,9,2666.67,1800
2022,32,normal,0,14089,2,0,8041506.62185198,4613160160.11234,4425497.17546202,3616009.44638999,0,0,30374,82886,0,0,7638934.75999998,0
2022,32,normal,1,7,0,7,18105.07149,64650495.7204713,14404.125681,3700.945809,13264.02,39495438.6156,36,212,21,99,17198.7,12600
2022,32,normal_alto_risco,0,2235,0,0,1749959.887368,1380427069.66311,1021470.559692,728489.327676003,0,0,4112,15366,0,0,1662353.84,0
2022,32,normal_alto_risco,1,3,1,3,5437.269189,10083806.9323078,4154.301591,1282.967598,2526.48,2393662.9464,12,54,4,6,5165.07,2400
2022,33,cesarea,0,40494,12,0,31537452.8538303,25149824404.7182,19744548.1227389,11792904.7310914,0,0,127745,713803,0,0,29958632.9000003,0
2022,33,cesarea,1,637,5,637,1820388.749157,9034729593.55574,1444659.244116,375729.505041,1223946.07764,5341346731.16772,4096,55122,1990,12812,1729256.91,1162673.2
2022,33,cesarea_alto_risco,0,7500,3,0,9142074.20672694,11207302311.8889,5800129.23652798,3341944.97019904,0,0,27366,151600,0,0,8684406.00999994,0
2022,33,cesarea_alto_risco,1,456,0,456,954830.470473,2308820653.80406,698238.403599,256592.066874,384272.3445,594221704.240915,2714,24242,944,2924,907029.99,365035
2022,33,cesarea_laqueadura,0,5030,1,0,4207780.70902198,3634847803.58832,2581719.05346299,1626061.65555899,0,0,14698,66792,0,0,3997131.85999998,0
2022,33,cesarea_laqueadura,1,104,0,104,215478.247281,590933800.362782,161879.342526,53598.904755,118535.399037,259541379.704586,632,5950,230,712,204691.03,112601.31
2022,33,normal,0,58510,7,0,36063920.8761815,22563978950.9285,19553012.2316109,16510908.6445711,0,0,153962,707362,0,0,34258498.0300004,0
2022,33,normal,1,138,1,138,310072.184961,1604449012.90697,239965.217778,70106.967183,209462.845779,1119154836.62116,799,9165,361,3189,294549.43,198976.77
2022,33,normal_alto_risco,0,4508,1,0,3780873.83556299,3203052629.89957,2093030.18548801,1687843.65007501,0,0,14524,76118,0,0,3591596.69,0
2022,33,normal_alto_risco,1,70,0,70,81438.724752,104185064.840602,54484.193874,26954.530878,22618.185876,12784496.5633548,376,2364,105,201,77361.76,21485.88
2022,35,cesarea,0,102420,13,0,76850127.1967586,58051018376.9607,46992626.9327504,29857500.2640089,0,0,262558,917044,0,0,73002875.6500034,0
2022,35,cesarea,1,874,12,874,2078697.117057,7124631703.58337,1630602.076983,448095.040074,1303030.786233,3690004635.73428,5051,42959,2244,10150,1974633.91,1237798.79
2022,35,cesarea_alto_risco,0,33635,8,0,39308014.4338206,46152132281.7946,25134314.0873884,14173700.3464314,0,0,112311,645825,0,0,37340186.6000006,0
2022,35,cesarea_alto_risco,1,1031,8,1031,2905731.649755,10055212016.0813,2240216.351967,665515.297787999,1602317.764938,4059496578.49369,6036,46910,2592,10448,2760265.65,1522102.94
2022,35,cesarea_laqueadura,0,11369,1,0,9458304.26560798,8087618205.60689,5908420.07497499,3549884.19063296,0,0,29159,112841,0,0,8984805.03999998,0
2022,35,cesarea_laqueadura,1,130,0,130,337042.664244,1135386440.22153,264871.9524,72170.711844,206051.276673,507444831.172813,855,7401,331,1307,320169.72,195735.99
2022,35,normal,0,142857,13,0,84106179.5252846,50009538248.3586,45792336.7610647,38313842.764229,0,0,360759,1375309,0,0,79895677.3299939,0
2022,35,normal,1,194,7,194,381419.853837,1054505790.01736,290211.588843,91208.264994,241889.742864,541874761.098367,958,6890,395,1391,362325.31,229780.32
2022,35,normal_alto_risco,0,21123,1,0,16540019.1892648,13073323940.3736,9258259.10562302,7281760.08364195,0,0,64699,267819,0,0,15711996.9499998,0
2022,35,normal_alto_risco,1,208,0,208,459069.448101,1641657009.25509,346571.652009,112497.796092,276689.162574,818375414.950494,1084,7280,449,2079,436087.63,262837.62
2022,35,normal_cpn,0,1705,0,0,959950.192707,541936196.808219,528684.162236999,431266.03047,0,0,4174,11850,0,0,911893.41,0
2022,35,normal_cpn,1,3,0,3,5571.130521,11226728.3988874,4257.687258,1313.443263,3789.72,5585213.5416,14,84,6,14,5292.23,3600
2022,41,cesarea,0,37547,5,0,29203397.1290163,23051084427.7037,18256908.3166474,10946488.8123693,0,0,91461,319813,0,0,27741424.0800003,0
2022,41,cesarea,1,141,5,141,403765.82202,2786671723.94184,324688.250733,79077.571287,260945.970912,1992978968.21602,776,6442,398,2242,383552.6,247882.56
2022,41,cesarea_alto_risco,0,11097,2,0,13281926.3006759,15983858998.5537,8465105.33292604,4816820.96775005,0,0,31997,127507,0,0,12617009.88,0
2022,41,cesarea_alto_risco,1,75,3,75,295208.576784,1663683138.29459,238283.266353,56925.310431,173236.638597,756182243.888203,477,4737,263,1801,280429.92,164564.11
2022,41,cesarea_laqueadura,0,2671,1,0,2432072.337585,2286198163.29177,1535627.356659,896444.980926001,0,0,6418,18930,0,0,2310318.55,0
2022,41,cesarea_laqueadura,1,11,0,11,24727.754568,59229140.1314032,18845.709102,5882.045466,11145.303345,14858305.1479216,63,415,17,35,23489.84,10587.35
2022,41,normal,0,35275,7,0,21444446.6615939,13216678994.2972,12007252.4627876,9437194.19880573,0,0,79239,229889,0,0,20370900.2199999,0
2022,41,normal,1,31,1,31,64684.383159,160063410.844034,50460.553407,14223.829752,41404.627968,76466558.7283804,150,996,63,179,61446.17,39331.84
2022,41,normal_alto_risco,0,6754,1,0,5412401.12004902,4370475604.18394,3064738.33188601,2347662.78816302,0,0,16720,59350,0,0,5141446.87000002,0
2022,41,normal_alto_risco,1,9,0,9,26908.27524,109082003.483609,21393.716817,5514.558423,16984.809204,57444635.7937191,46,316,27,145,25561.2,16134.52
2022,42,cesarea,0,19464,2,0,15345189.983046,12258606896.6478,9548436.41855413,5796753.5644919,0,0,46896,153892,0,0,14576982.98,0
2022,42,cesarea,1,54,0,54,141332.364954,458508454.591385,113435.16228,27897.202674,85656.0936,205847338.122574,323,2581,134,452,134257.02,81368
2022,42,cesarea_alto_risco,0,8660,3,0,10778452.532826,13569633221.4799,6909414.44064299,3869038.09218302,0,0,29859,190991,0,0,10238864.38,0
2022,42,cesarea_alto_risco,1,69,0,69,229147.935753,941561227.145831,183021.969339,46125.966414,118052.30448,331714239.375648,549,7391,186,730,217676.39,112142.4
2022,42,cesarea_laqueadura,0,1230,0,0,1104882.138987,1031872894.1616,701422.22106,403459.917927,0,0,2930,8886,0,0,1049569.81,0
2022,42,cesarea_laqueadura,1,4,1,4,17300.040219,85491963.5424363,14022.542985,3277.497234,12000.78,43484876.8596,36,466,19,109,16433.97,11400
2022,42,normal,0,28317,2,0,17619980.4242883,11138038271.2532,9749738.15494777,7870242.26933995,0,0,55635,155103,0,0,16737893.4400003,0
2022,42,normal,1,11,0,11,21236.85399,45411744.679353,16673.652138,4563.201852,11873.108544,15413829.4621997,54,332,19,39,20173.7,11278.72
2022,42,normal_alto_risco,0,7667,2,0,6474633.89753403,5538465207.03708,3648100.879566,2826533.01796801,0,0,21840,101066,0,0,6150502.42000003,0
2022,42,normal_alto_risco,1,6,0,6,14738.105283,44501373.5684637,11537.360406,3200.744877,7324.097088,13782058.9207989,58,1148,12,36,14000.29,6957.44
2022,43,cesarea,0,35416,5,0,27588309.7341061,21859886216.7721,17284101.3093542,10304208.4247523,0,0,90738,337674,0,0,26207190.7800001,0
2022,43,cesarea,1,102,1,102,259514.7621,933023621.738408,208610.116671,50904.645429,142565.634585,349822031.574096,605,5227,234,968,246523,135428.55
2022,43,cesarea_alto_risco,0,6323,1,0,7599187.23085498,9201593425.1584,4946445.66649199,2652741.56436302,0,0,24061,154419,0,0,7218758.64999998,0
2022,43,cesarea_alto_risco,1,49,2,49,161051.457138,710128098.225086,127131.673548,33919.78359,89881.452441,316637703.661294,421,5645,142,858,152988.94,85381.83
2022,43,cesarea_laqueadura,0,1018,0,0,883325.359785001,800494382.928272,572423.247198,310902.112587,0,0,2767,10721,0,0,839104.550000001,0
2022,43,normal,0,33209,4,0,20267069.5475817,12587437939.8663,11194968.3203817,9072101.22719979,0,0,73439,244481,0,0,19252464.6599998,0
2022,43,normal,1,9,0,9,19079.176908,46234784.6150276,15033.629754,4045.547154,11107.079808,16939611.7005919,42,246,19,53,18124.04,10551.04
2022,43,normal_alto_risco,0,4185,0,0,3422029.596414,2831650644.35975,1929908.72012401,1492120.87629001,0,0,14147,70971,0,0,3250716.82,0
2022,43,normal_alto_risco,1,6,0,6,12086.985603,25087630.9525144,9121.477068,2965.508535,5817.104403,6287268.66080955,37,279,9,15,11481.89,5525.89
2022,50,cesarea,0,13007,4,0,9416793.09387293,6893087230.33054,5905582.26947695,3511210.82439596,0,0,33370,154242,0,0,8945371.98999993,0
2022,50,cesarea,1,42,4,42,162436.578744,1303764794.1123,133707.574638,28729.004106,110304.769344,693886384.198579,385,7359,185,2183,154304.72,104782.72
2022,50,cesarea_alto_risco,0,2090,0,0,2495116.182537,3003688372.72028,1636418.086578,858698.095958998,0,0,8664,57650,0,0,2370206.31,0
2022,50,cesarea_alto_risco,1,22,0,22,66580.001103,250357543.607828,53001.223803,13578.7773,31912.779459,69856559.0894872,176,2228,54,198,63246.89,30315.17
2022,50,cesarea_laqueadura,0,1231,0,0,952026.940887001,751834910.958884,605901.033639,346125.907248,0,0,3080,12260,0,0,904366.81,0
2022,50,cesarea_laqueadura,1,3,0,3,7042.089285,17495528.9791913,5721.350811,1320.738474,3279.034176,4861313.80879552,17,129,6,18,6689.55,3114.88
2022,50,normal,0,11780,1,0,6493761.25652096,3629124452.63588,3691630.85619901,2802130.40032199,0,0,26258,113778,0,0,6168672.22999996,0
2022,50,normal,1,10,0,10,23440.439319,90669831.9069575,18617.167932,4823.271387,16516.105056,55471168.4471445,56,706,31,211,22266.97,15689.28
2022,50,normal_alto_risco,0,990,0,0,772689.411021,613017038.661221,457522.89495,315166.516071,0,0,3382,19208,0,0,734007.23,0
2022,50,normal_cpn,0,253,0,0,120375.40284,57274559.5153213,73554.04386,46821.35898,0,0,282,358,0,0,114349.2,0
2022,51,cesarea,0,15813,8,0,11586109.732395,8604164348.759,7205272.81755601,4380836.91483895,0,0,34175,133363,0,0,11006088.85,0
2022,51,cesarea,1,24,2,24,64338.139602,221522251.132742,50928.625935,13409.513667,43292.750688,120645988.942139,152,1698,69,327,61117.26,41125.44
2022,51,cesarea_alto_risco,0,1720,0,0,2078285.827167,2553009386.28756,1330082.144457,748203.682709999,0,0,6641,46489,0,0,1974243.21,0
2022,51,cesarea_alto_risco,1,131,4,131,463050.527907,2145303591.06916,362912.693055,100137.834852,275356.202253,951402816.255718,1115,21205,455,2625,439869.41,261571.39
2022,51,cesarea_laqueadura,0,2460,0,0,1874049.678996,1475863663.89601,1168172.505225,705877.173771001,0,0,5179,18873,0,0,1780231.48,0
2022,51,cesarea_laqueadura,1,7,0,7,34738.721028,304032894.004323,28483.093386,6255.627642,25425.199899,204237000.36395,84,1732,42,546,32999.64,24152.37
2022,51,normal,0,16804,4,0,9694127.26679088,5663536012.01429,5254108.17904488,4440019.08774603,0,0,28047,69409,0,0,9208822.32999989,0
2022,51,normal,1,5,0,5,11308.545534,26295544.1229259,8831.479272,2477.066262,6813.411264,9866608.5927944,25,143,12,32,10742.42,6472.32
2022,51,normal_alto_risco,0,762,0,0,611845.24104,498923731.169166,343213.802184,268631.438856,0,0,2328,16364,0,0,581215.2,0
2022,51,normal_alto_risco,1,5,0,5,27405.475977,316343573.488376,22311.281718,5094.194259,22422.51,252631176.8013,53,963,32,474,26033.51,21300
2022,51,normal_cpn,0,45,0,0,24865.005594,13754178.7232085,13448.474094,11416.5315,0,0,65,115,0,0,23620.22,0
2022,52,cesarea,0,18137,5,0,13789481.2159171,10967372794.0488,8554693.87159215,5008611.1385639,0,0,42940,177006,0,0,13099155.7100001,0
2022,52,cesarea,1,43,1,43,106880.094123,346237635.713214,84335.681463,22544.41266,64163.159808,147832576.590039,244,2002,103,379,101529.49,60951.04
2022,52,cesarea_alto_risco,0,3562,3,0,4276213.356855,5157929090.05627,2752569.74750999,1523643.609345,0,0,14523,89351,0,0,4062138.65,0
2022,52,cesarea_alto_risco,1,158,5,158,520415.066886,2032766524.74563,407075.731887,113339.334999,309849.528384,895860549.229817,1250,12990,513,2417,494362.18,294337.92
2022,52,cesarea_laqueadura,0,2293,0,0,1789320.393003,1444243733.52841,1117669.601697,660718.470225001,0,0,5280,18300,0,0,1699743.89,0
2022,52,cesarea_laqueadura,1,11,1,11,31882.135362,96530008.0005091,25045.922616,6836.212746,20581.379808,42870960.2865919,94,1068,34,118,30286.06,19551.04
2022,52,normal,0,14056,4,0,8963662.34755197,6324314830.20021,4867059.18038999,3765392.79778202,0,0,29578,183850,0,0,8514925.75999998,0
2022,52,normal,1,5,0,5,8568.693771,15203871.519137,6527.318985,2041.374786,5173.894176,5622207.49959776,16,58,9,17,8139.73,4914.88
2022,52,normal_alto_risco,0,1513,1,0,1228158.677757,1005628065.27566,711766.809204,516391.868553,0,0,5973,34323,0,0,1166674.91,0
2022,52,normal_alto_risco,1,11,0,11,32047.272411,130900697.378784,25334.415051,6712.85736,21965.553984,79866702.2618414,93,917,37,221,30442.93,20865.92
2022,52,normal_cpn,0,3056,1,0,1729830.663264,981673953.082067,952166.971041,777663.692223003,0,0,7538,20642,0,0,1643232.32,0
2022,53,cesarea,0,12647,14,0,10042533.216969,8064981987.57934,6302393.239461,3740139.97750794,0,0,43927,215173,0,0,9539786.46999997,0
2022,53,cesarea,1,26,1,26,63489.084417,190570350.302347,50332.871424,13156.212993,35303.515632,64402680.8862986,162,1516,56,160,60310.71,33536.16
2022,53,cesarea_alto_risco,0,1505,1,0,1791359.967672,2157539838.31354,1175235.174795,616124.792876999,0,0,7243,62241,0,0,1701681.36,0
2022,53,cesarea_alto_risco,1,65,1,65,185258.546286,722470446.216891,143359.31775,41899.228536,101529.462144,325842102.087957,485,5649,166,872,175984.18,96446.72
2022,53,cesarea_laqueadura,0,759,0,0,643157.202501,555671357.686496,404385.12543,238772.077071,0,0,2393,13055,0,0,610959.63,0
2022,53,cesarea_laqueadura,1,1,0,1,1513.477317,2290613.58907352,1092.955248,420.522069,503.948544,253964.13499972,9,81,1,1,1437.71,478.72
2022,53,normal,0,18056,12,0,11228666.5843111,7078762279.36099,5985594.51204008,5243072.07227095,0,0,37560,181618,0,0,10666539.9300001,0
2022,53,normal,1,1,0,1,1233.006456,1520304.92053768,868.835418,364.171038,631.62,398943.8244,4,16,1,1,1171.28,600
2022,53,normal_alto_risco,0,568,0,0,434491.724337,337036571.437289,249929.381196,184562.343141,0,0,1320,6984,0,0,412740.31,0
2022,53,normal_alto_risco,1,1,0,1,3358.565661,11279963.2992484,2677.489815,681.075846,2519.74272,6349103.374993,7,49,5,25,3190.43,2393.6
2022,53,normal_cpn,0,435,0,0,262835.872695,158845601.56875,127797.78,135038.092695,0,0,561,869,0,0,249677.85,0
